Name,Party,Riding,Incumbent,Bio,Pitch,Pitch video title,Pitch video date,Pitch summary,Key priorities,Quote,Quote source,Website,Facebook,Instagram,X,LinkedIn,Bluesky,TikTok,YouTube,Other links,Other media links
Bruce Banman,Conservative Party,Abbotsford South,Yes,"Bruce Banman is a dedicated public servant who has been representing the residents of Abbotsford South with unwavering commitment since his election as MLA in 2020. On September 13, 2023, Bruce joined the Conservative Party of British Columbia and was appointed House Leader.

A Longtime Resident and Advocate

A proud resident of Abbotsford since 1982, Bruce Banman’s roots run deep in the heart of Abbotsford South. His journey into politics was fueled by a genuine desire to better serve his community. Bruce’s extensive experience as a city councillor and as the mayor of Abbotsford has afforded him unique insights into the diverse needs and aspirations of his constituents.

Champion of Agricultural Issues and Affordable Housing

Throughout his career in public service, Bruce Banman has emerged as a steadfast advocate for critical issues facing Abbotsford South. His unwavering commitment to agricultural sustainability highlights his dedication to preserving the region’s rich farming heritage. Simultaneously, his tireless work in advocating for affordable housing solutions underscores his commitment to ensuring that all residents have access to safe and affordable housing.

A Multifaceted Career Path

Before venturing into the realm of politics, Bruce Banman carved out a successful career as a chiropractor and owned his own small business. This entrepreneurial spirit and business acumen have complemented his journey in public service, equipping him with the insights and practical knowledge necessary to navigate complex challenges.

Experience, Passion, and Vision

Bruce Banman’s leadership is defined by a harmonious fusion of experience, passion, and vision. His broad background uniquely positions him to advocate on behalf of Abbotsford South effectively. He understands the intricate dynamics of both the public and private sectors, enabling him to bridge gaps and drive positive change.",,,,"Banman is running for re-election after briefly leaving the Conservative caucus under Kerry-Lynne Findlay and returning under interim leader Lorne Doerkson. In his Sept 23 statement he says B.C. needs a change in direction, with fiscal responsibility, practical decision-making and common-sense politics, and stresses his commitment to Abbotsford South. His party profile highlights agriculture and affordable housing.",change from NDP government; fiscal responsibility / respect for tax dollars; support for resource industries and economy; agriculture; affordable housing,"After years of NDP government, we need to bring fiscal responsibility, practical decision-making and common-sense politics back to this province.",https://fraservalleynewsnetwork.com/2026/09/23/opinion-abbotsford-south-mla-bruce-banmans-statement-on-rejoining-the-bc-conservatives-heading-into-october-24-election/,,https://www.facebook.com/brucebanman/,https://www.instagram.com/brucebanman/,https://x.com/BruceBanman,,,,,,"https://banmanforbc.ca/ (2026 party leadership campaign site: 'Conservative Without Apology' – repeal DRIPA, natural resources, less regulation, parental responsibility, personal freedom, health care); https://www.facebook.com/brucebanman/; https://www.instagram.com/brucebanman/; https://x.com/BruceBanman"
Leah Ballantyne,New Democratic Party (NDP),Abbotsford South,No,,,,,"Ballantyne, a lawyer and member of the Mathias Colomb Cree Nation who grew up in Abbotsford, was named the NDP candidate on Oct 2. She says she is running to listen to local families and carry their concerns to Victoria, strengthen health care close to home and protect local jobs. The party pitches her as standing up for families, farmers and businesses hit first by tariffs in a border riding.",listening to local families; health care close to home; protecting local jobs; tariffs/trade impacts on border riding (party message),"I'm running to listen to local families and carry their concerns to Victoria. I'm proud to join David Eby and the BC NDP to stand up for B.C., strengthen health care close to home and protect good local jobs.",https://fraservalleytoday.ca/2026/10/02/attorney-to-run-as-ndp-candidate-in-abbotsford-riding/,,,,,,,,,,https://allard.ubc.ca/about-us/events-calendar/ils-speaker-series-indigenous-research (pre-2026 bio)
Robin Roy,OneBC,Abbotsford South,No,"Robin Roy, born in Weyburn, Saskatchewan, spent his childhood in Chilliwack and Abbotsford, attending Unsworth Elementary and Yale Junior High. His family then lived for almost 10 years in Victoria, and he has spent his adult life in Langley and now Abbotsford.

In Victoria, Robin began a construction company. He married and moved back to the mainland to open another construction company here. In 1998, Robin transitioned into a career in information technology and began a computer service company, which he operates today, working with clients in all sectors of business and life across the Lower Mainland.

Robin has been married for thirty-four years and has three adult children and one grandchild. Because of his passionate desire for an amazing future for his children and all the people of BC, he has chosen to stand and offer to serve in the provincial legislature and represent the people of Abbotsford South, where he resides.

Robin passionately believes that we live in the most beautiful place in the world and desires to work to keep our citizens safe and free to pursue their dreams.",,,,"Roy, an Abbotsford IT business owner and former construction company owner, says he is running because he wants transparency and integrity to return to politics and government. He promises to listen and be the riding's voice in Victoria, and to keep citizens safe and free to pursue their dreams.",transparency and integrity in government; listening to constituents; public safety; personal freedom,I will listen and be your voice in Victoria.,https://votemate.org/bc2026provincial/candidates/14831,,,,,,,,,,
Gurpreet Chahal,CentreBC,Abbotsford West,No,,,,,No individual pitch found. Confirmed CentreBC candidate on Elections BC's final list; no party bio in the input file and no news coverage found.,,,,,,,,,,,,,
Korky Neufeld,Conservative Party,Abbotsford West,Yes,"Korky Neufeld is an enthusiastic and hardworking individual with a diverse professional background in the political, religious, and industrial sectors. 

He was born into a family of 10 children. His parents emigrated from South America in 1964 with a dream of a better life for the future generations. Korky places significant value on family, his own including his wife of 40 years – Cynthia, four children and two grandchildren.

Professional Journey

Korky’s professional life has been marked by service.

He began his career in church ministry – first, as a pastor in Vancouver, then leading a church that served the people of Abbotsford for over a decade. Intermittently, Korky worked many years in the construction industry, grasping the challenges of blue-collar workers and families.

His current role as Construction Manager for Servicemaster Restore of the Fraser Valley brings him into city halls across the entire region, enabling him to work with municipal systems to help people who have undergone life-altering events.

Affecting Change in the Political Sphere

Korky spent 15 years as the Abbotsford Board of Education Trustee. In that time, he also served several years as the Chair and Vice-Chair, working closely with the Superintendent (the lead educator) and the Secretary Treasurer (the operational leader). These positions have allowed Korky to learn what it takes to affect important educational change on a systemic level.

One of Korky’s roles over the years on the Abbotsford School Board has been to represent Abbotsford at the British Columbia School Trustee Association. This provincial association is made up of sixty boards from all over the province, with over 350 elected trustees as its members. Korky was elected for two terms by his peers to represent them as one of seven directors on this provincial board. This leadership experience widened his knowledge, facilitating the opportunity to see beyond his district’s level into the needs of diverse regions across the province. It also allowed him to further build into his skill-set for best representing unique and complex issues.

Community Engagement (Prioritizing Serving People in the Community) 

Korky has served on multiple provincial and advisory committees, including:

Abbotsford Restorative Justice and Advocacy Association (5+ yrs) – advocating for restorative processes for first-time offenders

Bridgehouse Committee at City Hall (2 yrs) – reviewing the efficacy of recovery programs and setting guidelines for future recovery programs within the city of Abbotsford

Abbotsford Christian Leaders Network (10 yrs) – serving the community through initiatives like large faith-based events that unified the city, Love Abbotsford which mobilized the community with intentional acts of kindness; and empowered people to bring to fruition ministry ideas & passions like the Cyrus Centre and Psalm 23 Transition Society. 

Conservative Policy Priorities

Korky is setting out to make positive change in the current provincial political climate

Policy Priorities:

Education

Remove Ideology from the classroom – Schools must be places of learning – not tools for activism or indoctrination.

Support parent choices – Parents have the right to determine how and where their children will be educated.

Healthcare

Serious Substantive Reform – Chronic shortages in physicians, nurses and ICU capacity has become painstakingly clear. It’s time for serious reform

More doctors, more nurses – prioritizing government funding and support for post-secondary programs and students

Economy

Lower taxes, smaller government – Wasteful spending should be cut and the savings returned to taxpayers

Champion small and medium-sized business – Useless and redundant regulations need to be removed

Korky is passionate, energetic and committed. He represent the Abbotsford West Riding whole-heartedly as the MLA. His interest in people, awareness of the connection between community and provincial issues, and his strong family values will benefit this region.",,,,"No 2026 campaign-specific pitch found. His party profile presents him as a former pastor, construction manager and 15-year Abbotsford school trustee and board chair, emphasizing family and service. Interviews from Dec 2025 and Jan 2026 are available on YouTube.",(from party bio) education experience; service to families; construction/blue-collar understanding,,,,https://www.facebook.com/korky.neufeld.abbotsford,https://www.instagram.com/korky.neufeld/,https://x.com/KorkyNeufeld,,,,,,https://www.facebook.com/korky.neufeld.abbotsford; https://www.instagram.com/korky.neufeld/; https://x.com/KorkyNeufeld
Jules Côté,New Democratic Party (NDP),Abbotsford West,No,,,,,"Côté, a UFV political science student and leasehold farmer born in Abbotsford, was named the NDP candidate on Oct 1; she was the federal NDP candidate in Mission-Matsqui-Abbotsford in 2025. She frames her run around power for working people, citing labour rights and the ALR's protection of farmers.",working people and labour rights; farmers and the Agricultural Land Reserve; trade war impacts (party message),I'm running to represent Abbotsford West because power belongs in the hands of the working people.,https://fraservalleytoday.ca/2026/10/01/ndp-names-candidate-to-run-in-abbotsford-west-riding/,,,,,,,,,,
Lakhwinder Jhaj,CentreBC,Abbotsford-Mission,No,"Lakhwinder has deep roots in the Fraser Valley. She immigrated to Canada from India with her family as a child in 1976 and settled in Mission, where she attended school. After later moving to Aldergrove and then Penticton, she returned to the Fraser Valley in 2010 and has called the region home ever since. Her family’s farm on Huntington Road, along with more than 20 years of experience operating a construction company and used vehicle dealership, have kept her closely connected to the people, businesses and agricultural community of Abbotsford–Mission.

Lakhwinder’s community service has been recognized through a citizenship award from Citizenship and Immigration Canada, the B.C. Community Achievement Award, and a Chamber of Commerce Woman of the Year Award. She has also been recognized in regional publications for her community leadership and public service.

Lakhwinder brings considerable political and electoral experience. She ran for the BC NDP in Boundary-Similkameen in the 2009 provincial election, receiving 5,870 votes and approximately 32.9 per cent of the vote. She later ran for the BC NDP in Abbotsford South in 2013, receiving 4,210 votes. In 2021, Lakhwinder represented the Liberal Party of Canada in Skeena–Bulkley Valley, receiving 2,866 votes in the federal election.

Lakhwinder’s political experience reflects a willingness to work across traditional party lines. Although she has represented different parties over the years, her focus has remained on community service, practical solutions and bringing people together. That experience is consistent with CentreBC’s approach as a broad, centrist party open to British Columbians from different political backgrounds.

As CentreBC’s candidate for Abbotsford–Mission, Lakhwinder brings community leadership, business experience and an understanding of the issues affecting families, farmers, seniors, newcomers and small-business owners. She believes politics should be practical, respectful and focused on the priorities of the people who live and work in the community. Lakhwinder is committed to listening, finding common ground and representing Abbotsford–Mission with a clear focus on local priorities.",https://www.youtube.com/watch?v=h8iGQOte0jg,Debate Livestream - Abbotsford-Mission By-election 2026 (Abbotsford Chamber of Commerce),2026-09-10,"Jhaj, a Fraser Valley businessperson and farmer who also ran in the cancelled Sept 26 byelection, is presented by CentreBC as focused on families, farmers, seniors, newcomers and small business. Her page says politics should be practical, respectful and focused on local priorities. She took part in the Sept 9 byelection debate.",families; farmers/agriculture; seniors; newcomers; small business; practical cross-party politics,"She believes politics should be practical, respectful and focused on the priorities of the people who live and work in the community.",https://abbynews.com/2026/09/28/gasper-alexis-jhaj-and-monds-to-seek-abbotsford-mission-seat/,,,,,,,,,,https://www.ctvnews.ca/vancouver/article/conservative-exodus-ndp-government-performance-in-focus-at-abbotsford-mission-byelection-debate/
Darryl Kropp,Conservative Party,Abbotsford-Mission,No,"Daryl Kropp is the Conservative Party of BC candidate in Abbotsford-Mission. 

Darryl has called Abbotsford home for more than 25 years. He and Corina, his wife of 30 years, raised their three children here. He has served on the board of Northview Community Church for 17 years, including 11 years as Chair.

Over more than two decades, Darryl has led major technology and organizational transformation initiatives in utilities, aerospace, and human services. At Cascade Aerospace in Abbotsford, he built the lean management system that transformed company operations. Today, he leads large-scale human services implementations at RedMane Technology and has helped build child welfare systems for Indigenous communities across Canada. 

Darryl brings extensive governance and financial oversight experience. In 2018, members elected him to the board of First West Credit Union (Envision Financial), where he helped oversee one of British Columbia’s largest financial cooperatives, with more than $20 billion in assets. During his tenure, he chaired the Governance and Nominations Committee, served as Vice-Chair of the Risk, Investment and Loan Committee, and helped guide First West through its transition to Tru Cooperative Bank.

He holds the ICD.D designation from the Rotman School of Management, where he was class valedictorian, and is a certified Lean Black Belt and Project Management Professional (PMP). His track record is built on fiscal responsibility, effective governance, and getting meaningful results for the people he serves.",,,,"Kropp, an Abbotsford technology executive and former First West Credit Union board member, was named the Conservative candidate on Sept 26 after the Findlay/Gasper resignations. The party pitches him on fiscal responsibility, governance and managing money; no statement in his own words found yet.",fiscal responsibility; effective governance; managing public money (party message),,,,,,,,,,,,
Jeff Monds,Libertarian,Abbotsford-Mission,No,,,,,"No individual pitch found. The Libertarian Party's byelection poster for Monds promoted a 'freer, stronger British Columbia' with less taxes, less government and more freedom (party message).",lower taxes; smaller government; more freedom (party message),,,,,,,,,,,,https://votemate.org/bc2026provincial/candidates/14920 (empty profile)
Pam Alexis,New Democratic Party (NDP),Abbotsford-Mission,No,"An experienced voice for Abbotsford-Mission.

Pam Alexis has lived all over the world, but she knew she was finally home when she and her family moved to the Fraser Valley. An active community member focused on helping people, Pam has served on the boards of the Mission Chamber of Commerce and the Mission Rotary Club. She was elected Mayor of Mission in 2018 and served as the MLA for Abbotsford-Mission from 2020 to 2024. As an MLA, Pam also served in cabinet as BC's Minister of Agriculture and Food, helping champion BC's food growers and producers in the Fraser Valley and beyond.

On housing and healthcare and affordability and everything in between, you can count on Pam Alexis and David Eby and the BC NDP team to fight for you.",https://www.youtube.com/watch?v=Lky73SGLIyo,Pam Alexis on Her Bid For The Abbotsford-Mission Seat (Hidden Valley Podcast),2026-09-19,"Alexis, former Mission mayor, Abbotsford-Mission MLA (2020-24) and agriculture minister, is running again after the byelection was cancelled. She pitches making daily life easier, including shorter commutes via the Highway 7 and Highway 1 projects, plus NDP health care, housing and jobs commitments. She also argues for a stable government.",commutes / Highway 7 and Highway 1 improvements; health care (doctors and nurses); housing costs; good-paying jobs; agriculture,"Families in Abbotsford and Mission need an MLA and a government that's looking out for them. That means making daily life easier, including safer commutes and less time on the road.",https://abbynews.com/2026/09/28/gasper-alexis-jhaj-and-monds-to-seek-abbotsford-mission-seat/,,,,,,,,,,https://www.ctvnews.ca/vancouver/article/conservative-exodus-ndp-government-performance-in-focus-at-abbotsford-mission-byelection-debate/
Virender Dass,OneBC,Abbotsford-Mission,No,,,,,No individual pitch found. Confirmed OneBC candidate on Elections BC's final list.,,,,,,,,,,,,,
Donegal Wilson,Conservative Party,Boundary-Similkameen,Yes,"Donegal Wilson is a dedicated leader and community advocate, and the Conservative Party of BC MLA for Boundary-Similkameen. With a deep commitment to her community and extensive experience in business management and non-profit leadership, Donegal aims to bring effective representation to the region.

Personal Life

Born in Summerland, BC, and raised on a cattle ranch in the Otter Valley near Tulameen, Donegal developed a deep connection to the land, a strong work ethic, and a love for animals and community. She graduated from Princeton Secondary and moved to Northwest BC for community college, beginning her career in administration. Donegal lives in Keremeos with her husband where they own and operate Direct Performance, a small engine business. Known for her quick thinking, decision-making skills, and financial acumen, Donegal is committed to her community both personally and professionally.

Professional Background

Donegal’s career began in administration with various small businesses and non-profit organizations. Her experience includes working for Central Mountain Air and founding Direct Performance with her husband. In 2012, she became the Executive Director of the BC Snowmobile Federation, where she has led efforts to strengthen organized snowmobiling, worked with all levels of government, and collaborated with industry and community organizations. Her role requires a diverse skill set, including legislative development, stakeholder engagement, and financial management.

Community Involvement

Donegal’s commitment to community service is evident through her extensive volunteer work and leadership roles. She is a long-time advocate for outdoor recreation, serving as a key figure in the BC Snowmobile Federation. Her work involves collaborating with local and provincial government officials, marketing associations, and other outdoor recreation groups. Known for her ability to get things done, Donegal has a track record of making informed decisions and leading by example.

Vision

Donegal envisions a thriving Boundary-Similkameen that retains its roots while forging a strong path forward. Her vision includes supporting economic development, enhancing healthcare services, and bolstering support for small businesses. Donegal aims to implement practical solutions to address the unique challenges of the region, such as promoting sustainable tourism, improving infrastructure, and fostering community well-being. She is committed to representing all residents with respect and integrity, ensuring that the Similkameen Boundary prospers and remains a vibrant region for future generations.",,,,"Wilson, first elected in 2024, is running on her opposition record on rural health care (Princeton ER), drinking-water costs (Sage Mesa) and forestry. She also backs the Conservative pledge not to raise taxes and criticizes Budget 2026's increase to the lowest income tax rate. She briefly left the Conservatives in September and returned under Lorne Doerkson, calling herself the party's candidate 'for the long haul' (as reported).",rural health care / ER access; drinking water affordability (Sage Mesa); forestry and fibre supply; no new taxes (party message); agriculture; government accountability,,,,https://www.facebook.com/donegaltwilson,https://www.instagram.com/wilsondonegal/,https://x.com/DonegalWilson,,,,,,YouTube channel 'Donegal Wilson - Boundary Similkameen' (legislature clips); https://www.facebook.com/donegaltwilson; https://www.instagram.com/wilsondonegal/; https://x.com/DonegalWilson
Roly Russell,New Democratic Party (NDP),Boundary-Similkameen,No,"Standing up for Boundary-Similkameen.

Born and raised in rural Grand Forks, Roly Russell is a father of two who is passionate about lowering costs for families, strengthening agriculture and food security, and building an economy that works for everyone in rural BC.

As a local leader, he worked tirelessly to help people in need and coordinate disaster recovery during the devastating floods in Grand Forks in 2018. He stepped up again to help communities with disaster recovery following the atmospheric rivers in 2021. He has served as a tireless advocate for rural communities across BC, working across ministries to help deliver solutions that work for rural people.

Roly knows that people in our communities have been through a lot — from the pandemic, to global inflation and climate-related disasters. He knows that’s why it’s more important than ever that we have a leader who’s on our side, rather than paving the way for powerful interests that take advantage of people again.

Roly Russell, David Eby and the BC NDP are looking out for everyday families. You can count on them to fight for you on what matters to people here.",,,,"Russell, MLA 2020-24 and former parliamentary secretary for rural development, is seeking a rematch with Wilson. He says he is running to protect local jobs, lower costs and make sure rural communities have the health care and services they need, and that the region needs an MLA who will fight and also work across the aisle. He points to disaster-recovery changes, rural health-worker incentives and forestry permitting / local decision-making.",protect local jobs; lower costs; rural health care and services; forestry/mining/agriculture jobs with fewer permitting obstacles; local decision-making; disaster recovery,"I'm running with the BC NDP to protect local jobs, lower costs and make sure rural communities have the health care and services they need.",https://www.castanet.net/news/Trail/632475/Four-NDP-candidates-in-Kootenay-Boundary-Columbia-ridings-declared,,https://www.facebook.com/rr4mla,https://www.instagram.com/rr4mla,https://twitter.com/rr4mla,,,,,,https://www.castanet.net/news/Oliver-Osoyoos/632342/Former-MLA-Roly-Russell-trying-again-to-turn-Boundary-Similkameen-back-orange; https://www.facebook.com/rr4mla; https://www.instagram.com/rr4mla; https://twitter.com/rr4mla
Keith Pomeroy,OneBC,Boundary-Similkameen,No,,,,,No individual pitch found. Confirmed OneBC candidate on Elections BC's final list; no party bio in the input file.,,,,,,,,,,,,,
Ed Ewald,Christian Heritage Party,Bulkley Valley-Stikine,No,,,,,"Ewald, CHP-BC president, Smithers native and former dairy farmer now in hardware sales, says he is offering his leadership experience to serve the riding with a view to restoring confidence in government based on truth and biblical values.",restoring confidence in government; government based on truth and biblical values; family/faith,"I am offering my leadership experience to serve the people of Bulkley Valley-Stikine, with a view to restoring confidence in a government based on truth and biblical values.",https://www.chpbc.ca/candidates-2026/,,,,,,,,,,Party podcast channel: https://www.youtube.com/@chpbc
Sharon Hartwell,Conservative Party,Bulkley Valley-Stikine,Yes,"A Dedicated Advocate for Bulkley Valley-Stikine

Sharon is deeply rooted in the Bulkley Valley, a place she proudly calls home. Born and raised in this picturesque rural area, she has not only built her life here but has also instilled her values of community engagement and growth in her two sons, who have chosen to remain in the same region.

Community-Minded from the Start

From an early age, Sharon was raised to be community-minded and to actively participate in shaping the future of her beloved community and its surroundings. Her commitment was to elevate the standards for small communities within the riding and beyond.

A Vision for Community Development

As a business owner, Sharon recognized the need to showcase the beauty and potential of her community to the outside world. She sought to promote the area’s natural beauty and economic opportunities while encouraging business growth.

From Village Council to Mayoral Leadership

Sharon’s dedication to her community led her to run for the Village Council in Telkwa, where she served a term and a half. Her desire to make a more significant impact drove her to run for the position of Mayor, where she spent an impressive 12 years championing the interests of small and rural communities. During her tenure, she engaged with Provincial and Federal Governments to address crucial issues facing these communities.

Team BC: Celebrating Community Beauty

Sharon’s innovative program, Team BC, celebrated the splendor of small and rural communities in British Columbia. It became a resounding success with all 82 communities participating, highlighting their unique attributes.

Infrastructure and Partnership Advocacy

Recognizing the need for infrastructure development, Sharon represented small communities as the Small Community Representative at UBCM. She successfully lobbied for a grant process that transformed the relationship between these communities and the Provincial and Federal Governments, promoting a partnership approach rather than dependency.

Championing Health and Transportation

Sharon has always been a champion of healthcare and infrastructure. Her leadership as the chair of the North West Regional Hospital District saw improvements in healthcare delivery, including the construction of a new hospital in Masset. To address the need for more healthcare professionals, she initiated the Northern Health Connections Bus, a program that provides vital transportation for medical appointments and post-hospital discharge.

A Strong Advocate on the National Stage

Recognizing the importance of representation at the national level, Sharon ran and was elected to the Federation of Canadian Municipalities (FCM). Here, she actively participated in the Rural Forum and successfully advocated for changes in the infrastructure formula for rural communities in Canada.

Safety and Infrastructure Advocacy

Sharon’s commitment to safety led her to become Vice-Chair of Transportation and Infrastructure for FCM, where she oversaw airport-related matters. She also joined the Safety Committee, representing all Canadian communities in rail safety issues.

Environmental and Technological Innovation

In her role as a director on the FCM Board, Sharon served on the Environment Committee, exploring innovative technological solutions to enhance communities.

A 20-Year Journey of Service

Throughout her 20-year journey in public service, Sharon has consistently worked towards building strong and healthy communities. Her unwavering commitment is to be a resounding voice for the people of the Bulkley Valley-Stikine Riding, advocating for positive change and a brighter future for all.",,,,"Hartwell, former Telkwa mayor elected MLA in 2024, presents herself as a rural advocate rooted in the Bulkley Valley. In a Jan 2026 interview she named northern health care (paramedic coverage in Stewart and Kitwanga, a new Bulkley Valley hospital facility), forestry and face-to-face consultation as priorities, plus road safety. No campaign-period statement found.",northern health care / Bulkley Valley District Hospital; paramedic coverage; forestry; in-person consultation with residents; road safety; small and rural communities,"I think what I want the government to know, and they hear this regularly, is that we're completely underserved for all kinds of things in the north.",https://www.mybulkleylakesnow.com/healthcare-top-of-mind-for-bulkley-valley-stikine-mla-through-2025/,,,https://www.instagram.com/sh4bvs2024/,https://x.com/SharonMLA,,,,,,https://www.instagram.com/sh4bvs2024/; https://x.com/SharonMLA
Frankie Abel,New Democratic Party (NDP),Bulkley Valley-Stikine,No,,,,,"No individual pitch found. Confirmed NDP candidate (Smithers) on Elections BC's final list; a LinkedIn profile describes work in Indigenous relations and governance, but no campaign statement was found.",,,,,,,,,,,,,
Vikas Gautam,CentreBC,Burnaby Centre,No,"Through his experience in communications, community engagement, and multicultural event organization, Vikas has connected with people from diverse backgrounds and communities. His experience has taught him the importance of listening, building relationships, bringing people together, and turning community ideas into action.

Vikas is running as the CentreBC candidate for Burnaby Centre, bringing his community experience and commitment to public service to provincial politics.

Sign up to stay informed and receive news from CentreBC:",,,,"No individual pitch found beyond the party bio. CentreBC describes him as a communications, community-engagement and multicultural events organizer who stresses listening, building relationships and turning community ideas into action.",(from party bio) listening; bringing communities together; public service,,,,,,,,,,,,
Joshua Domnich,Conservative Party,Burnaby Centre,No,"Joshua Domnich is the Conservative Party of BC Candidate for Burnaby Centre.

Joshua cares deeply and is very passionate about our world. Joshua has a best effort philosophy in all aspects of his life and he believes “bad things happen when good people do nothing”. He also believes that serving others starts with listening and showing up. Joshua is running for MLA because he believes in accountability and integrity in government and he knows he can make a substantial positive impact for the constituents of Burnaby Centre.

Joshua holds a Bachelor of Arts degree in Criminology from the Burnaby campus of Simon Fraser University. He also graduated from a secondary school English and French Immersion program, is bilingual, and was the valedictorian of his graduating class.

Joshua’s career has given him experience in public service at both the federal and provincial levels. He served as a Community Liaison Officer for a federal Conservative MP, working directly with constituents, coordinating meetings, conducting research, supporting communications, and building relationships with community organizations and government stakeholders. At the Legislative Assembly of British Columbia, he served as a Legislative

Assistant for the Conservative Party of BC caucus, supporting four MLAs with legislative work, scheduling, stakeholder relations and research. Joshua has also worked extensively in campaign organization. He has significant experience as a Campaign Manager and Deputy Campaign Manager, as well as a Treasurer on a provincial conservative Riding Association.

Before entering public service, Joshua spent more than a decade in landscaping operations and management, supervising teams, managing projects, working with clients, and keeping complex operations on track.

Joshua is bringing that experience to Burnaby Centre, with a commitment to listening to residents, working hard, and representing the community with accountability, integrity and dedication.",,,,"Domnich, an SFU criminology graduate and former Conservative caucus legislative assistant, says he is running because he believes in accountability and integrity in government. His party page commits to listening to residents, working hard and representing the community with accountability, integrity and dedication.",accountability and integrity in government; listening to residents,,,,,,,,,,,,
Shila Taheri,Green Party,Burnaby Centre,No,"Shila Taheri is a labour leader, legal researcher, published author, and human rights advocate running to represent Burnaby Centre. Her work has been guided by a commitment to fairness, accountability, and ensuring that people have a meaningful voice in the decisions that affect their lives.

She believes effective representation requires careful attention to evidence, a willingness to ask difficult questions, and the courage to challenge decisions when people are not being heard. Her experience in labour relations, legal research, public service, and organizational governance has given her a detailed understanding of how laws and policies can shape people’s everyday lives.

Her education and professional experience in law have shaped her approach to advocacy and public service. Shila holds an LL.M. in International Business Law and an LL.B., and has pursued further Canadian studies in immigration and labour law. She is a published legal researcher and author whose work includes scholarly books and articles in areas such as international business law and arbitration.

Through her union work, Shila has represented workers in grievances, workplace disputes, and investigations, advocated for safer and more respectful workplaces, and helped people understand and exercise their rights. She also serves in several elected leadership roles within the BC General Employees’ Union (BCGEU), including First Vice-Chair of Local 803, Chair of the Component 8 Membership Committee, and Recording Secretary of Component 8.

As a wife and mother of two boys, Shila also brings a personal perspective to the challenges facing families and communities. Her priorities include affordability and housing, strong and reliable public services, good jobs and respect for working people, safe communities, and protecting the environment for future generations.

Shila is running to represent the people of Burnaby Centre with the same approach she has brought to her advocacy: listening closely, doing the work, asking tough questions, and making sure the everyday realities of the community are heard in the Legislature.",,,,"Taheri, a BCGEU union leader and legal researcher, pitches herself as someone who will listen, do the work and ask tough questions in the Legislature. Her listed priorities are affordability and housing, strong public services, good jobs and respect for workers, safe communities and the environment.",affordability and housing; strong public services; good jobs / workers' rights; safe communities; environment,"I'll listen, do the work, ask the tough questions, and make sure the voices and everyday realities of our community are heard in the Legislature.",https://bcgreens.ca/candidates-2026/shila-taheri/,,,https://www.instagram.com/shila.taheri.bc,,http://www.linkedin.com/in/shila-t-5850a85b,,,,,https://www.instagram.com/shila.taheri.bc
Anne Kang,New Democratic Party (NDP),Burnaby Centre,Yes,"Anne Kang: Protecting and supporting people in Burnaby Centre

Anne Kang has called Burnaby home for more than 40 years, and serving her community has always been at the heart of what she does.

A former Burnaby teacher and three-term Burnaby City Councillor, Anne has spent her career empowering citizens, listening and collaborating with people, bringing their concerns forward, and making government more accessible and responsive.

As MLA for Burnaby Centre since 2017, Anne has worked to protect the services that people rely on, whether that’s strengthening public health care and education, expanding opportunity, or supporting seniors and families. She understands that behind every policy is real people who want to be heard, treated fairly, and given a chance to thrive.

Anne is passionate about standing up for British Columbians, especially those facing barriers to accessing services and opportunities.

Where the conservative parties would cozy up to Trump, Anne Kang, David Eby and the BC NDP have a plan to stand up for our province and our country, protect and support people who need it, and build a strong, independent economy.

The plan is working. And we can’t stop now.",,,,"Kang, MLA since 2017, former teacher and Burnaby councillor, is running on protecting services people rely on: public health care, education, and supports for seniors and families. Her campaign page uses the NDP frame of standing up to Trump and building an independent economy.",protect public health care and education; seniors and families; access to services; standing up to Trump / independent economy (party message),,,,https://www.facebook.com/AnneKangMLA,https://www.instagram.com/annekangburnaby/,https://twitter.com/annekangburnaby,,,,,,https://www.facebook.com/AnneKangMLA; https://www.instagram.com/annekangburnaby/; https://twitter.com/annekangburnaby
Peter Si,Conservative Party,Burnaby East,No,"Peter Si is the Conservative Party of BC candidate for Burnaby East.

Peter moved to Burnaby at age 12 and has called the community home ever since. He is a graduate of the University of Alberta, where he earned a Bachelor of Arts in Political Science, History and International Studies.

Peter began his career on a municipal election campaign in Vancouver. That experience taught him what politics is really about: representing people and giving those who need help a voice at the highest levels of government.

Since then, he has worked on campaigns at the municipal, provincial and federal levels. He served as provincial campaign manager for Steve Kooner in Richmond-Queensborough in 2024, and as federal campaign director for James Yan in Burnaby Centre in 2025. He has also served as President of the Richmond-Queensborough riding association since 2024, and as Vice-President of the Burnaby Centre Electoral District Association.

For the past two years, Peter has worked in Victoria for the Conservative caucus, supporting elected members as they hold the government to account.",,,,"No individual pitch found beyond the party bio. Si, a Conservative caucus staffer and campaign organizer who grew up in Burnaby, says on his party page that politics is about representing people and giving those who need help a voice.",(from party bio) representing people; giving a voice to those who need help,,,,,,,,,,,,
Javad Shushtarian,Green Party,Burnaby East,No,"Javad recently completed a Bachelor of Science in Nursing at BCIT and is in the process of obtaining his nursing licence in British Columbia. During his nursing education, he completed placements in hospitals, urgent care centres and supervised injection sites across the Lower Mainland, gaining firsthand experience with challenges including primary care shortages and long emergency-room wait times.

Javad also holds a Bachelor of Science in Biology from Simon Fraser University, where he developed a strong interest in environmental conservation and the relationship between the environment and community health. He believes health is shaped not only by access to medical care, but also by housing, financial stability, social supports, transportation and the physical environment.

His healthcare and community work has also included co-presenting a workshop on decolonizing and Indigenizing health-science education and organizing a health-promotion initiative at the Tsleil-Waututh Nation Health Fair focused on cervical cancer screening and HPV vaccination.

Javad is running in Burnaby East to advocate for accessible healthcare, affordable housing, reliable transit and stronger community supports, with a focus on the social and environmental conditions that shape people’s health and quality of life.",,,,"Shushtarian, a recent BCIT nursing graduate from Forest Grove, is running to improve affordability, health care and transit accessibility. He points to primary-care shortages and ER waits seen in his placements, and to his free-transit-for-kids advocacy.",accessible health care; affordable housing; reliable/accessible transit; community supports; social and environmental determinants of health,"I'm running to improve affordability, healthcare and transit accessibility for people in my community.",https://bcgreens.ca/candidates-2026/javad-shushtarian/,,https://www.facebook.com/profile.php?id=61594731998974,https://www.instagram.com/javadshushtarian97,https://x.com/javadshushtari1,http://www.linkedin.com/in/javad-shushtarian,,,,,https://www.facebook.com/profile.php?id=61594731998974; https://www.instagram.com/javadshushtarian97; https://x.com/javadshushtari1
Rohini Arora,New Democratic Party (NDP),Burnaby East,Yes,"Building a stronger economy for people and families in Burnaby East

Rohini Arora is the candidate for Burnaby East. She was first elected in 2024 and served as Deputy Chair of the BC Government Caucus. Prior to public life, Rohini served as the Director of Organizing and Campaigns at the BC Federation of Labour. She has over a decade of experience lifting up youth across the country, and mentoring them in civic engagement.

Growing up in Burnaby East’s Westridge neighbourhood, Rohini saw firsthand what happens when governments refuse to protect people by making deep cuts to important programs and services. She then devoted her energies to standing up for people and workers and making their lives better.

Rohini Arora, David Eby and the BC NDP have a plan to stand up for our province, to protect people and services, and to build a stronger economy.",https://www.youtube.com/watch?v=6wXIjVz4ZRY,Rohini Arora spills all things NDP as 2026 BC Provincial Election Nears (Maple Life Canada),2026-09-29,"Arora, first elected in 2024 and former BC Federation of Labour organizing director, grew up in Westridge and frames her run around protecting people from cuts to programs and services. Her page uses the NDP message of standing up for B.C., protecting services and building a stronger economy. She gave a Sept 29 interview on the campaign.",protect programs and services from cuts; workers; youth civic engagement; stronger economy (party message),,,,https://www.facebook.com/reah4burnaby/,https://www.instagram.com/reah4burnaby/,https://x.com/reah4burnaby,,,,,,YouTube channel 'Rohini Arora' (statements); https://www.facebook.com/reah4burnaby/; https://www.instagram.com/reah4burnaby/; https://x.com/reah4burnaby
De Ding,OneBC,Burnaby East,No,,,,,No individual pitch found. Confirmed OneBC candidate on Elections BC's final list.,,,,,,,,,,,,,
Simon Chandler,Conservative Party,Burnaby North,No,"Simon Chandler has called North Burnaby home for the past fifteen years. He grew up in Burnaby Heights and now lives in the Brentwood area, giving him a firsthand understanding of what matters most to the people of Burnaby North.

Simon is a strong supporter of those who serve and protect our communities. As a Community Police Volunteer for three years, he gained direct experience in crime prevention and saw the challenges officers face in responding to the drug crisis. That experience reinforced his belief that police need the right tools to tackle crime and keep neighbourhoods safe. His commitment to service began as an army cadet and continued in the Canadian Army Reserves, where he served as an infantry soldier.

Simon graduated from Trinity Western University with a Bachelor of Business Administration in accounting. Working in public practice accounting, he advised clients on federal and provincial tax matters, helped businesses operate more efficiently and supported those hit by pandemic restrictions. He will bring that expertise to Victoria as an advocate for common-sense tax policy.

After graduating, Simon attended the Laurentian Leadership Centre in Ottawa, studying good governance and the legacies of Canada’s prime ministers while interning as a policy analyst in the food and beverage industry. He was recognized for his leadership and earned a Certificate in Leadership and Applied Public Affairs.

Outside of work, Simon enjoys hiking, whitewater rafting and camping along the Squamish River. He is an avid reader of history and a guitar player.",,,,"Chandler, an accountant, army reservist and former community police volunteer from Burnaby Heights, says police need the right tools to tackle crime and keep neighbourhoods safe. He also pitches himself as an advocate for common-sense tax policy in Victoria.",public safety / police tools to tackle crime and the drug crisis; common-sense tax policy,,,,,,,,,,,,
Maddy Kennedy-Parrott,Green Party,Burnaby North,No,,,,,No individual pitch found. Confirmed BC Green candidate; no party page found yet on bcgreens.ca.,,,,,,,,,,,,,
Janet Routledge,New Democratic Party (NDP),Burnaby North,Yes,MLA for Burnaby North,,,,"Routledge, three-term MLA and former parliamentary secretary for labour (gig-worker employment standards), says an MLA's job is to foster community solidarity and make people's lives better. Her page highlights health care investment, more housing and help with costs (party message).",health care investment; more housing; help with costs; workers' rights,,,,,,,,,,,,
Jenny Yamagata,OneBC,Burnaby North,No,,,,,No individual pitch found. Confirmed OneBC candidate on Elections BC's final list.,,,,,,,,,,,,,https://votemate.org/bc2026provincial/candidates/14898 (no profile content)
David Xie,Conservative Party,Burnaby South-Metrotown,No,"David Xie is the Conservative Party of BC candidate for Burnaby South-Metrotown.

David Xie has called Burnaby home for nearly a decade, where he lives with his wife and their son. Raised by immigrant parents, David grew up in Metro Vancouver and graduated from the University of British Columbia.

For more than a decade, David has built his career in recruitment and talent acquisition, working with businesses and professionals in Canada and internationally. His work has given him firsthand experience with the challenges employers face in finding skilled people, building strong teams and growing their businesses.

David’s involvement in the community began with working alongside residents on issues affecting their neighbourhoods and families. He has worked with residents on local issues, helping ensure community concerns are heard and understood by decision-makers.

As MLA for Burnaby South-Metrotown, David would bring that community experience to Victoria and work to ensure the concerns of local residents are heard in the decisions that affect their families and neighbourhoods.",,,,"Xie, a recruitment professional and Burnaby resident, says on his party page that as MLA he would bring his community experience to Victoria and make sure local residents' concerns are heard in decisions affecting their families and neighbourhoods.",local residents' concerns heard; employers' skills shortages (from bio),,,,,,,,,,,,
Bryan Fockler,Green Party,Burnaby South-Metrotown,No,,,,,No individual pitch found. Confirmed BC Green candidate; no party page found yet.,,,,,,,,,,,,,
Paul Choi,New Democratic Party (NDP),Burnaby South-Metrotown,Yes,"Paul Choi: Standing up for people in Burnaby South-Metrotown

Paul Choi is standing up to Donald Trump’s unfair tariffs and fighting to protect B.C. jobs, businesses and economic future.

First elected as MLA for Burnaby South–Metrotown in 2024, he served as Parliamentary Secretary for Trade in the Ministry of Jobs and Economic Growth and as First Vice-President of the Pacific NorthWest Economic Region (PNWER), working to strengthen trade relationships, open new markets and reduce reliance on the United States.

A former police officer with experience as a small business owner and lawyer, Paul is also a Qualified Mediator and Arbitrator. He is seeking re-election to protect livelihoods, support local businesses and build a stronger, more secure future for Burnaby South–Metrotown.

Paul Choi, David Eby and the BC NDP have a plan to stand up for BC, protect the services that matter to families and build a stronger economy.

The plan is working. We can’t stop now.",https://www.youtube.com/watch?v=tAxLfj25nuQ,MEET YOUR MLA || MLA Paul Choi (BC Youth Council),2026-10-01,"Choi, first elected in 2024 and parliamentary secretary for trade, frames his campaign around standing up to Trump's tariffs and protecting B.C. jobs and businesses. He is seeking re-election to protect livelihoods, support local businesses and build a more secure future for the riding.",fight U.S. tariffs / protect B.C. jobs; open new markets; support local businesses,,,,https://www.facebook.com/profile.php?id=61558450754876,https://www.instagram.com/paulchoibc,https://twitter.com/paulchoibc,,,,,,https://www.facebook.com/profile.php?id=61558450754876; https://www.instagram.com/paulchoibc; https://twitter.com/paulchoibc
Andrew Rose,OneBC,Burnaby South-Metrotown,No,"Born and raised in Ontario’s Niagara region, Andrew studied computer science at Brock University, concentrating on artificial intelligence and software systems design. After his studies he moved to Seattle to work at Amazon.com, remaining there until 2002, when he relocated to British Columbia. He now lives in Burnaby South with his wife, son, and daughter.

Across the province, he has helped organizations improve the way they deliver value and services.

He also volunteers close to home, serving on the parent advisory council at the school his children attend, helping to run his strata, and pulling together events that bring the neighbourhood together. He believes that if we do not put in the work to preserve the things we find beautiful, they have a habit of going away, and he is always on the lookout for that.

He is equally committed to small and medium-sized businesses, and to making sure they have a place to grow and compete in our regional communities, with less red tape standing in the way.

Andrew is looking to put his skills in business architecture, organization, and systems design to use with OneBC.",,,,"Rose, a software/business-systems professional and Burnaby South parent volunteer, says on his OneBC page he is committed to small and medium-sized businesses having room to grow with less red tape.",small and medium-sized business; less red tape; community preservation,"He believes that if we do not put in the work to preserve the things we find beautiful, they have a habit of going away, and he is always on the lookout for that.",https://1bc.ca/candidates/arose,,,,,,,,,,
Joe Latam,Conservative Party,Burnaby-New Westminster,No,"Joe Latam is the Conservative Party of BC candidate for Burnaby-New Westminster.

Born and raised in British Columbia, Joe is a member of Métis Nation BC.

He is a graduate of the University of British Columbia, where he earned a Bachelor of Arts in Political Science. While at UBC, Joe served as Treasurer of the UBC Young Conservatives and advocated for free expression and common-sense policies on campus.

Joe brings experience from both the public and private sectors. He began his career working in British Columbia’s agriculture and manufacturing industries, giving him first-hand experience with two sectors that play an important role in the province’s economy and communities.

For the past two years, Joe has worked for the Legislative Assembly of British Columbia,

helping British Columbians navigate government processes and access the programs and

services they need. His experience working with people dealing directly with government has

strengthened his commitment to practical, accountable public service.

Joe is seeking office to bring his experience in British Columbia’s private sector and provincial

government to the Legislature, with a focus on practical solutions and ensuring government

works effectively for the people it serves.",,,,"Latam, a Métis UBC political science graduate who has worked for the Legislative Assembly helping people navigate government, says he is seeking office to bring practical, accountable public service and practical solutions to the Legislature.",practical solutions; accountable government; agriculture and manufacturing (background),,,,,,,,,,,,
Greg DePaco,Green Party,Burnaby-New Westminster,No,,,,,No individual pitch found. Confirmed BC Green candidate; no party page found yet.,,,,,,,,,,,,,
Raj Chouhan,New Democratic Party (NDP),Burnaby-New Westminster,Yes,"Standing up for you and your family in Burnaby-New Westminster.

Raj Chouhan moved to Canada in 1973, and has spent his career fighting for regular people. Elected six times as an MLA, Raj is the first South Asian person to serve as Speaker of the House in the BC legislature. He is the founding President of the Canadian Farmworkers’ Union and the founding member of the BC Organization to Fight Racism, and he knows that regular people need a government that works for them, not the rich and the powerful.

Raj believes that people in Burnaby-New Westminster need a government that is ready to stand up for them and protect what matters - supporting workers and businesses facing tariffs, bringing down the costs people face, or strengthening the healthcare that British Columbians rely on.

The conservative parties would cozy up to Trump and cut services.

Raj Chouhan, David Eby and the BC NDP team have a plan to stand up to Trump, lower costs, hire more healthcare workers, and build a strong and independent economy.",,,,"Chouhan, six-term MLA and the first South Asian Speaker of the B.C. legislature, says regular people need a government that works for them, not the rich and powerful. His page lists supporting workers and businesses facing tariffs, lowering costs and strengthening health care (party message).",support workers and businesses facing tariffs; lower costs; hire more health-care workers; independent economy,,,,https://www.facebook.com/rajchouhanbc,,https://twitter.com/rajchouhan,,,,,,https://www.facebook.com/rajchouhanbc; https://twitter.com/rajchouhan
Lorne Doerkson,Conservative Party,Cariboo-Chilcotin,Yes,"Lorne Doerkson isn’t a guy working the room with talking points. He’s the one you’d find at the rodeo instead, doing the work quietly, locally, and without forgetting who he serves.

Lorne is a long-time Cariboo resident who has spent close to thirty years in the communities he represents. Born in New Westminster and raised in Surrey, he built a life in Williams Lake. He spent twenty years as a Black Press newspaper publisher before moving into financial planning, and was a small-business owner, Rotary president, rodeo announcer, and avid volunteer, voted Stampede volunteer of the year in 2019. He is a husband and father of two daughters.

In August 2026, when the South Cariboo faced a state of emergency, Lorne stepped up for the community while staying present and calm. He stayed close to the people living under threat, pushed the government for help when communities were at risk, and showed leadership during his neighbours’ most difficult moments.

Lorne’s background is the work of someone who knows, community by community, how a mill town, a ranch, a main street, and an organization actually hold together. He knows how to show leadership through a crisis and stand up for his home.

In September, when his colleagues asked him to lead British Columbians through the 45th General Election, he accepted, and within 48 hours, brought the party back together as one team.

Lorne is running to be Premier of the most beautiful place in the world. The caucus is with him, and British Columbians are ready for a Premier who puts them first: safer streets, an affordable life, and certainty that what they’ve built is theirs to keep. David Eby called this election to save himself. Lorne is running to be Premier to stand up for BC, for change.",https://www.youtube.com/watch?v=QE7bd52Srq4,BC Conservative leader thinks there is 'zero' chance he won't stay party leader if elected premier (CFAX 1070),2026-09-25,"Doerkson, Cariboo-Chilcotin MLA since 2020 and interim Conservative leader since Sept 20, is running to be premier. His page promises safer streets, an affordable life and 'certainty that what they've built is theirs to keep'; in interviews he names repealing DRIPA as his number-one priority, wants a balanced budget through deregulation and growth, and calls Trump 'a bully'. He uses his own rodeo-injury story to argue B.C. health care used to work.","repeal DRIPA / direct partnerships with First Nations; safer streets; affordability; balanced budget via deregulation and economic growth; health care access; standing up to U.S. tariffs; resource economy (forestry, LNG)","The point of that story is that I went to two hospitals within 12 hours, and both of them were open.",https://quesnelobserver.com/2026/09/24/former-rodeo-rider-doerkson-seeks-to-buck-off-eby-in-b-c-election/,,https://www.facebook.com/lornedoerksonconservative,https://www.instagram.com/lornedoerksoncariboochilcotin/,https://x.com/LDoerkson,,,,,,https://vancouversun.com/news/meet-bc-conservative-leader-lorne-doerkson; https://www.facebook.com/lornedoerksonconservative; https://www.instagram.com/lornedoerksoncariboochilcotin/; https://x.com/LDoerkson
Douglas Gook,Green Party,Cariboo-Chilcotin,No,,,,,No individual pitch found. Confirmed BC Green candidate; no party page found yet.,,,,,,,,,,,,,
Kathryn Askew,New Democratic Party (NDP),Cariboo-Chilcotin,No,"Building BC strong in Cariboo-Chilcotin

Kathryn Askew is a retired public school teacher with 32 years of experience in education and a long record of union and community service. She served in leadership roles with the BCTF and her local teachers’ union, including as local president and bargaining chair, and received a national award for innovative teaching.

Kathryn Askew, David Eby and the BC NDP have a plan to create jobs, protect healthcare, and make life more affordable.",,,,"Askew, a retired teacher from Canim Lake with 32 years in education and BCTF leadership roles, was named Oct 1 to face Conservative leader Doerkson. She says she saw the damage of past cuts to schools and services and is running for good jobs, affordable homes, and quality health care and education.",protect public services and schools; good jobs; affordable homes; health care and education,"I saw the damage caused by cuts to schools and public services under the previous government, and I know there is more work to do.",https://wltribune.com/2026/10/01/retired-school-teacher-named-bc-ndp-candidate-for-cariboo-chilcoin/,,,,,,,,,,
Dan Grice,CentreBC,Chilliwack North,No,"Dan Grice is a leading real estate and estate planning lawyer in the Fraser Valley and a passionate advocate for his clients. With 12 years of legal experience, he has assisted thousands of clients in purchasing homes, establishing businesses and organizing their affairs. He is a member of the Fraser Valley technical tax group and other associations and has received scholastic awards in tax law.

Having grown up in the Fraser Valley, Dan has resided in North Chilliwack since graduating from Robson Hall Law School in 2013 and is deeply invested in the community. As a parent of two children in Chilliwack schools, he is acutely aware of the challenges students and educators face in an ever-evolving world.

After having previously run as an independent candidate, Dan joined the CentreBC team for the opportunity to work alongside Andrew Weaver and Elenore Sturko, a team that prioritizes intelligent policies and people. He aims to provide a voice for those in Chilliwack and the millions of British Columbians who desire government to focus on the economy and are increasingly frustrated by left-wing and right-wing populists.

Dan’s passion for public service and government extends far back. Having studied classical history and archaeology at the University of British Columbia, he served in the student alma mater society and enjoyed studying the development of democratic systems throughout history. Over the last two decades, Dan has served as an organizer on the 2005 and 2009 referendums on electoral reform, as well as a proponent in the 2018 referendum. As a law student, he co-authored a paper for Elections Canada on voting modernization.

A strong advocate for professional independence, Dan is ready to take his legal skills to Victoria and to help push back against government overreach while protecting the most vulnerable.

Sign up to stay informed and receive news from CentreBC:",,,,"Grice, a Fraser Valley real estate and estate-planning lawyer, ran as an independent in 2024 (2.3%). His CentreBC bio highlights his work helping clients buy homes and start businesses, and his concern as a parent about pressures on Chilliwack schools. No 2026 campaign statement found.",(from bio/2024 material) housing and home buying; small business; schools and students,,,,,,,,,,,,
Heather Maahs,Conservative Party,Chilliwack North,Yes,"Experience:

Heather’s journey in advocacy began in 2008 when she successfully ran for a seat as a school trustee in Chilliwack. Her consistent electoral victories over the last fifteen years, in five subsequent elections, underscore the trust and confidence her community places in her leadership. Throughout her tenure, Heather has consistently championed foundational reading skill attainment, emphasizing the critical role of literacy in the learning process. Her belief that “First, we learn to read, then we read to learn” has become a guiding principle in her approach to education.

Championing Education:

Heather’s advocacy extends beyond her role as a school trustee. She recognizes the need for systemic and purposeful changes in the provincial education system, advocating for legislative measures to address these challenges. A strong proponent of parental rights, Heather believes in respecting and supporting parents’ goals to raise healthy and responsible young individuals. Her vision emphasizes that children do not belong solely to schools or governments; rather, parental rights should be supported by legislation to ensure a collaborative and supportive educational environment.

In her pursuit of a provincial role as a Member of the Legislative Assembly of British Columbia, Heather brings a wealth of experience, a deep sense of community involvement, and a steadfast commitment to championing education. Her advocacy extends beyond political aspirations, rooted in a genuine desire to contribute positively to the well-being of her community and the education system as a whole.

Community Involvement:

Heather’s commitment to her community is evident through her active involvement in various initiatives and organizations. She took specialized training in Orton Gillingham tutoring and Early Assessment from the University of Hull, Great Britain, showcasing her dedication to enhancing educational methods. For many years, she moderated an email listserv where stakeholders, including school trustees, parents, teachers, and ministry officials, engaged in discussions on education issues. This platform facilitated the exchange of data, research, and articles, fostering a collaborative approach to addressing educational challenges.

Family First:

In 1993, Heather and her husband made the significant decision to move their young family from North Vancouver to Chilliwack, BC. Together, they ran a construction company, navigating the challenges and rewards of entrepreneurship. Tragically, Heather’s husband unexpectedly passed away in 2009, marking a profound moment of change in their lives.

Heather is exceedingly proud of her three adult children, highlighting the joy and fulfillment they bring to her life. Additionally, she embraces the role of “Nan” with enthusiasm, cherishing her relationships with eleven incredible grandchildren. For Heather, family is not only a source of personal fulfillment but also a driving force behind her commitment to making the world a better place for future generations.

Her experiences as a mother and grandmother have undoubtedly shaped her perspective on community service and advocacy, emphasizing the importance of creating a positive and nurturing environment for all families.

As Heather ventures into he role as MLA for Chilliwack North, her dedication to family values remains evident, guiding her aspirations to contribute to a better future for her loved ones and the broader community.",,,,"Maahs, elected in 2024 after 16 years as a Chilliwack school trustee, is seeking re-election saying the province needs to get back on track and develop its resources. She cites crises in forestry (mill closures), health care waits, homelessness, addiction and 'safe' supply, and backs parental rights in education. OneBC is not running a candidate against her.","resource development / forestry; health care wait times; support for business; homelessness, addiction and ending 'safe' supply; parental rights in education",We need to get our province back on track and develop our resources for the good of all.,https://theprogress.com/2026/09/24/heather-maahs-to-run-for-re-election-in-chilliwack-north/,,https://www.facebook.com/heather.f.maahs,https://www.instagram.com/mla_heathermaahs/,https://x.com/HeatherMaahs,,,,,,https://fraservalleytoday.ca/2026/09/29/political-party-pledges-not-to-run-a-candidate-in-chilliwack-riding/; https://www.facebook.com/heather.f.maahs; https://www.instagram.com/mla_heathermaahs/; https://x.com/HeatherMaahs
Adila Shaukat,New Democratic Party (NDP),Chilliwack North,No,,,,,No individual pitch found. Named NDP candidate around Oct 1-2 after the presumed candidate (Louis De Jaeger) withdrew during vetting; not yet on the NDP website as of Oct 1.,,,,,,,,,,,,,
Á’a:líya Warbus,Conservative Party,Chilliwack-Cultus Lake,Yes,"Personal Background

Á’a:líya (A’aliya) Warbus was born and raised in Stó:lō Territory, and has deep family roots in politics and activism, as the daughter of Former Lieutenant Governor of British Columbia Steven Lewis Point, OC OBC (Xwĕ lī qwĕl tĕl). Point (Xwĕ lī qwĕl tĕl) served as tribal chair of the Stó:lō Nation and Grand Chief of Stó:lō Tribal Council, the chiefs’ representative for the Stó:lō Nation Government House, and Chief Commissioner of the British Columbia Treaty Commission.

As a mother of three children aged 13, 11, and 3, Á’a:líya is personally invested in building a better future for her family and community. Her upbringing and family life have played a crucial role in shaping her commitment to Indigenous rights, cultural preservation, and community well-being.

Educational Attainment

Á’a:líya is an alumna of the University of British Columbia, where she earned a Master of Fine Arts in Film Production. This academic journey allowed her to delve into the complexities of Indigenous identity and worldview within the context of contemporary society. This educational background has been crucial in shaping her perspectives and contributing to her expertise in the field.

Professional Experience

Director of Cultural Communications at Stó:lō Xwexwilmexw Government: Currently serving as the Director of Cultural Communications, Á’a:líya plays a pivotal role in facilitating communication and understanding between the Stó:lō Xwexwilmexw Government and the broader community. This position underscores her commitment to preserving and promoting Indigenous culture while engaging with various stakeholders.

Professor at Capilano University – Indigenous Digital Film Department: In her role as a Professor in the Indigenous Digital Film department at Capilano University, Á’a:líya contributes to the education and empowerment of the next generation of Indigenous filmmakers. Her teaching role reflects her dedication to passing on knowledge and fostering creativity within the Indigenous community.

Multifaceted Artist: As a filmmaker, podcast host, actor, and musician, Á’a:líya has built an extensive collection of multi-disciplinary art over the course of her career. Her work has been showcased at numerous film and music festivals, community events, and exhibits since 2005. This artistic dimension not only showcases her creativity but also serves as a powerful medium for expressing the struggles and triumphs of her people.

Advocacy and Community Engagement: Á’a:líya has been actively involved in advocacy work, especially in uplifting the voices of Indigenous youth. Working on the front lines, she directly engages with young individuals, amplifying their perspectives and providing support for their growth. Her commitment extends to contributing to program and media deliverables that promote success within Indigenous communities.

Podcasting and Online Engagement: Á’a:líya started podcasting as part of her role with Stó:lō Xwexwilmexw Government, using this platform to reflect the everyday work of her people toward sustainability and growth. The podcast also serves as an educational resource, shedding light on the history of Stó:lō language, governance, and the deep connection to the land.",,,,"Warbus, Stó:lō filmmaker and educator elected in 2024, returned to the Conservatives under Doerkson after sitting as an independent, saying she wants a 'responsible, progressive-conservative approach'. Her stated priorities are the fiscal situation, affordability, community safety, addiction and mental-health treatment, health care and back-to-basics education. On DRIPA, she says if it is not the answer B.C. needs a practical, transparent framework built with Indigenous, industry and business voices.",affordability; fiscal challenges; community safety; mental illness and addiction treatment; health care and burnout; back-to-basics education standards; reconciliation framework / DRIPA alternative,I did not enter politics to spend my time fighting other conservatives. I came here to fight for the people of Chilliwack–Cultus Lake and for a better British Columbia.,https://fraservalleytoday.ca/2026/09/23/chilliwack-cultus-lake-mla-returns-to-b-c-conservatives-cites-change-in-leadership/,,https://www.facebook.com/profile.php?id=61557065406631,https://www.instagram.com/aaliyawarbus/,https://x.com/AWarbusMLA,,,,,,https://theprogress.com/2026/10/02/provincial-election-campaigns-ramp-up-in-chilliwack-ridings/; https://www.facebook.com/profile.php?id=61557065406631; https://www.instagram.com/aaliyawarbus/; https://x.com/AWarbusMLA
Kelli Paddon,New Democratic Party (NDP),Chilliwack-Cultus Lake,No,"Kelli Paddon: Building up Chilliwack-Cultus Lake

Kelli Paddon is a community leader and a mother of two with strong roots in Chilliwack, committed to helping families build a good life for themselves. A former Member of the Legislative Assembly of British Columbia and Parliamentary Secretary for Gender Equity, Kelli brings extensive experience in public service, leadership, and community engagement.

She is the Founder of Equiiti Strategic, a Chilliwack-based small business where she provides strategic guidance, leadership coaching, and practical support to organizations and leaders navigating growth, change, and complex challenges.

She knows that families in Chillwack-Cultus Lake need a government that is willing to stand up for them, help make things easier, and protect the things that people depend on.

The conservative parties would cozy up to Trump and cut healthcare and education.

Kelli Paddon, David Eby and the BC NDP have a plan to keep fighting back - to lower costs, recruit more healthcare workers, and build an economy free from the United States.",https://www.youtube.com/watch?v=Wy1TzwAMf_U,"FVN AM News Thursday September 24, 2026 – Kelli Paddon NDP Candidate Chilliwack-Cultus Lake",2026-09-24,"Paddon, MLA 2020-24 and former parliamentary secretary for gender equity, is seeking a rematch with Warbus. Her page says families need a government that will stand up for them, make things easier and protect what people depend on, and repeats the NDP plan to lower costs, recruit health workers and build an economy free from the U.S. (party message).",lower costs; recruit more health-care workers; protect health care and education from cuts; economy less dependent on U.S. (party message),"We'll have some fun, talk about what's ahead and get this campaign rolling together.",https://theprogress.com/2026/10/02/provincial-election-campaigns-ramp-up-in-chilliwack-ridings/,,,https://www.instagram.com/kellipaddon.mla/,https://twitter.com/kellipaddon,,,,,,https://www.instagram.com/kellipaddon.mla/; https://twitter.com/kellipaddon
Scott McInnis,Conservative Party,Columbia River-Revelstoke,Yes,"Scott McInnis is a dedicated educator and community leader who has proudly called Kimberley, British Columbia, home since 2010. Originally from a small farming community in Ontario, Scott has built a life in the East Kootenays with his wife, Diana, and their teenage son, Luke.

Career
For the past 15 years, Scott has worked as a teacher and principal, serving students from Pre-K to Grade 12 in both public and independent school systems. His career has made him a passionate advocate for education and child care, actively engaging in these issues at both the local and provincial levels. Scott’s commitment to education extends beyond the classroom, as he has successfully coached basketball teams to multiple East Kootenay Zone Championships.

Community Involvement
Scott McInnis is deeply involved in his community. He and his family are avid outdoor enthusiasts, participating in activities like hunting, fly fishing, and managing their family Christmas tree hobby business. Scott’s dedication to community leadership is evident through his active participation in the Elks Lodge #90 in Kimberley, where he volunteers for various events throughout the year. His passion for parliamentary democracy was further ignited in 2022 when he was selected to participate in the Teacher Institute for Parliamentary Democracy in Victoria, marking the beginning of his journey into politics.",https://www.youtube.com/watch?v=5TD312Bd298,Kootenay MLAs Split on Support for BC Conservatives (Rogers tv),2026-09-18,"McInnis, a Kimberley teacher/principal first elected in 2024, left the Conservative caucus Sept 2 and rejoined Sept 21, saying his constituents expect a strong, united opposition offering a credible alternative. He lists health care, public safety, affordability, economic opportunity and access to public land, and launched his campaign by criticizing the snap election as 'all about David Eby'.",health care; public safety; affordability; economic opportunity; access to public land; fiscal responsibility; education and child care,"British Columbians deserve a united team focused on addressing the real challenges facing this province, from healthcare and public safety to affordability, economic opportunity, and access to public land.",https://thefreepress.ca/2026/09/21/mla-mcinnis-rejoins-conservatives/,,https://www.facebook.com/ColumbiaRiverRevelstoke,https://www.instagram.com/scott_mcinnis_mla/,https://x.com/McInnis_4MLA,,,,,,Campaign launch video posted to his social media Sept 22 (per Revelstoke Review; direct link not found); https://www.facebook.com/ColumbiaRiverRevelstoke; https://www.instagram.com/scott_mcinnis_mla/; https://x.com/McInnis_4MLA
Rana Nelson,Green Party,Columbia River-Revelstoke,No,,,,,No individual pitch found. Confirmed BC Green candidate; no party page found yet.,,,,,,,,,,,,,
Andrea Dunlop,New Democratic Party (NDP),Columbia River-Revelstoke,No,"Andrea Dunlop: taking action for people in Columbia River-Revelstoke.

Andrea Dunlop was a high school teacher for three decades, and has deep roots in her community. She grew up in small town BC, built her career there, and helped successive generations of small town British Columbians enter the world as active and engaged citizens.

A ten-year board member of the Windermere Community Association, she wants to tackle the big challenges we all face with rigorous and evidence-based action. That’s why she’s running with David Eby and the BC NDP: to build homes for people, to strengthen our healthcare system, and to grow a strong and clean economy.

Andrea Dunlop, David Eby and the BC NDP are ready to take on the big challenges facing you and your family.",,,,"Dunlop, a high school teacher for 30 years who ran for the seat in 2024, says families need good jobs, affordable homes and reliable health care. She is running on the NDP plan to protect local workers and strengthen health care.",good jobs / protect local workers; affordable homes; health care; tackling rising costs,"After 30 years in the classroom, I know families need good jobs, affordable homes and health care they can count on.",https://kimberleybulletin.com/2026/09/28/dunlop-running-for-bc-ndp-in-columbia-river-revelstoke/,,,,,,,,,,
Kaden Mann,CentreBC,Coquitlam-Burke Mountain,No,,,,,"No individual pitch found. Listed as CentreBC candidate in the input file; no bio, party page or news coverage found.",,,,,,,,,,,,,
Ryan Peterson,Conservative Party,Coquitlam-Burke Mountain,No,"Ryan Peterson is the Conservative Party of BC candidate for Coquitlam–Burke Mountain.

Ryan is a job creator who has spent his career building businesses in British Columbia. In 2011, he co-founded Finger Food Studios in Port Coquitlam and grew it into a technology company with 200 good local jobs, helping some of the world’s largest companies, from LEGO and Microsoft to PACCAR, solve their toughest problems. Finger Food was named B.C. Exporter of the Year in 2017.

Ryan and his wife of 17 years, Monica, have lived in the Tri-Cities since 2014, where they are raising their three boys in local public schools. Monica runs Apex Fencing in Port Moody. Ryan believes he lives in the greatest place on earth, and he’s making sure his boys know it too. From early-morning hockey practices to fishing trips up the coast and ski days in the mountains, he’s taking them to every edge of British Columbia.

After Finger Food was acquired by Unity Technologies, Ryan led a global division of more than 1,000 people, including its advanced technology and AI teams. He now backs early-stage technology companies, several of them in B.C., and the jobs they create. In 2026, B.C.’s business leaders elected him Chair of the Business Council of British Columbia; he has stepped away from that role to seek election. Ryan was named Tri-Cities Business Leader of the Year in 2019, received the King Charles III Coronation Medal in 2025, and serves on the board of the Rick Hansen Foundation.",,,,"Peterson, co-founder of Port Coquitlam tech firm Finger Food Studios and 2026 chair of the Business Council of B.C. (stepped away to run), is pitched by the party as a 'job creator' who built 200 local jobs. No statement in his own words found yet.",job creation; technology and business growth (party message),,,,,,,,,,,,
Valerie Morrison,Green Party,Coquitlam-Burke Mountain,No,,,,,No individual pitch found. Listed as BC Green candidate in the input file; no party page found.,,,,,,,,,,,,,
Jodie Wickens,New Democratic Party (NDP),Coquitlam-Burke Mountain,Yes,"Jodie Wickens: Standing up for people in Coquitlam-Burke Mountain

Elected to the BC legislature in 2016 as the youngest woman MLA, and elected again in 2024, Jodie Wickens has a long history of public service. In government she served as the Minister of Children and Family Development. Prior to her election in 2024, she was an advocate for public education and social justice, holding an executive leadership position as Director of Programs and Services for Child and Youth Programs at a large non-profit.

In office, she’s fought for people every day, and been part of a team that has connected a million more people to a family doctor, brought down housing costs, and created new jobs.

Jodie Wickens, David Eby and the BC NDP have a plan to stand up for BC, protect the services that people count on, and build our economy for the future. The plan is working. And we can’t stop now.",,,,"Wickens, MLA 2016-17 and again since 2024 and former minister of children and family development, runs on her government's record of connecting a million more people to a family doctor, bringing down housing costs and creating jobs. Her page repeats the NDP plan to stand up for B.C. and protect services.",family doctors / health care; housing costs; jobs; schools and child care wait lists; protect services (party message),,,,https://www.facebook.com/jodiewickenscqb,,https://x.com/jbtwickens,,,,,,https://www.facebook.com/jodiewickenscqb; https://x.com/jbtwickens
Matt Cole,OneBC,Coquitlam-Burke Mountain,No,"Matthew Cole was born and raised in British Columbia and has lived here his whole life, mostly in the Lower Mainland, with time in Kelowna and Victoria as well.

Matthew holds a master’s degree in exercise physiology from the University of Victoria and a Bachelor of Kinesiology from the University of British Columbia.

For the last 26 years, he has worked as a kinesiologist and has owned his own business for the last 23 years, focused on the field of occupational rehabilitation.

In recent years, he has been disheartened by the direction British Columbia has been going and has joined the OneBC team to help turn things around.",,,,"Cole, a kinesiologist and occupational-rehabilitation business owner, says on his OneBC page he has been disheartened by the direction B.C. has been going and joined OneBC to help turn things around.",change of provincial direction (general),,,,,,,https://www.linkedin.com/in/mattdeancole/,,,,,
Matt Liang,Conservative Party,Coquitlam-Maillardville,No,"Matt Liang is Conservative Party of BC candidate for Coquitlam-Maillardville.

Matt is a longtime public servant who has dedicated his career to helping people, supporting community safety and making a positive difference in the lives of others. He has served as a Deputy Sheriff, worked with young people as a Child Care Counsellor, and helped keep workplaces safe as a health and safety facilitator for the BC Public Service and the BC General Employees’ Union. That work has shown him the challenges facing British Columbia firsthand, and it has inspired him to fight for change

Matt believes strong communities are built through service, personal responsibility, compassion and people working together to find practical solutions. Whether protecting the public, supporting youth or helping his neighbours, his focus has always been the same: helping people and making a difference. Matt Liang is ready to get to work on day one.",,,,"Liang, a former deputy sheriff, child-care counsellor and public-service health and safety facilitator, is pitched as a public servant focused on community safety and helping people. His bio says strong communities are built through service, personal responsibility, compassion and practical solutions.",community safety; service; personal responsibility; practical solutions,,,,,,,,,,,,
Nicola Spurling,Green Party,Coquitlam-Maillardville,No,,,,,"Spurling, the Green candidate here in 2020 and 2024, has no 2026 statement found yet. Her 2024 interview focused on health care, housing and governance.",(2024) health care; housing; governance,,,,,,,,,,,,
Jennifer Blatherwick,New Democratic Party (NDP),Coquitlam-Maillardville,Yes,MLA for Coquitlam-Maillardville,,,,"Blatherwick, a two-term Coquitlam school trustee and youth non-profit director first elected MLA in 2024, says she is focused on making life better for families by hiring more doctors, creating more daycare spots and building more schools.",hire more doctors; more daycare spaces; build more schools; families,,,,,,,,,,,,
Jason Cook,CentreBC,Courtenay-Comox,No,"Jason’s decision to become more involved in public life is also deeply personal. The loss of his mother in 2024, following his family’s difficult experience with British Columbia’s healthcare system, prompted him to take a closer look at where the system is falling short and how it can be improved. Over the past two years, he has researched ways to improve the efficiency and delivery of healthcare and has identified practical changes designed to deliver tangible benefits for patients and the public. That work reinforced his belief that better outcomes are possible when government is willing to listen, learn, and act—and that difficult experiences can be turned into constructive action that benefits others. That search led Jason to become involved with the emerging CentreBC movement in February 2025 and its commitment to evidence-based policy, fiscal responsibility, collaboration, and practical solutions. He is seeking public office not simply to identify what is wrong, but to help deliver meaningful results—from healthcare and affordability to housing, public safety, economic opportunity, and a government that works effectively for his community and all British Columbians.",,,,Cook says his family's experience with the health system before his mother's death in 2024 led him to research practical ways to improve health-care efficiency and delivery. He joined CentreBC for its evidence-based policy and fiscal responsibility.,health-care efficiency and delivery; evidence-based policy; fiscal responsibility,,,,,,,,,,,,
Brennan Day,Conservative Party,Courtenay-Comox,Yes,"Brennan Day is a dedicated leader with a deep commitment to the Comox Valley, who served as the Executive Director of the Eureka Support Society. His extensive experience in business management and community service positions him as a key advocate for transformative change in the region.

A Longtime Resident and Advocate

A long-time resident of the Comox Valley, Brennan Day’s roots run deep in the community he passionately serves. His journey into leadership has been driven by a genuine desire to make a meaningful impact. Brennan’s background includes managing large-scale international projects and founding a successful industrial supply, manpower, and training firm. These experiences have provided him with unique insights into the diverse needs of the Comox Valley.

Champion of Mental Health and Community Well-Being

Brennan is a staunch advocate for addressing critical issues facing the Comox Valley. As Executive Director of the Eureka Support Society, he has led initiatives to enhance mental health support and community well-being. His dedication to these causes underscores his commitment to improving the quality of life for all residents.

A Multifaceted Career Path

Before focusing on community service, Brennan built a distinguished career in international project management and business. His work overseeing complex projects and driving organizational success has equipped him with the skills and knowledge necessary to tackle local challenges effectively.

Experience, Passion, and Vision

Brennan’s leadership is defined by a blend of experience, passion, and vision. His comprehensive background in both global and local contexts enables him to bridge gaps and drive positive change. Brennan is committed to implementing practical solutions to address homelessness, substance abuse, and mental health issues, aiming to restore stability and safety to the Courtenay-Comox community. With his proven ability to lead and transform organizations, Brennan is well-prepared to guide the Comox Valley toward a brighter and more prosperous future.",https://www.youtube.com/watch?v=xC-SNlnnEyU,"Bill M233 - April 20, 2026 (Brennan Day for Courtenay-Comox)",2026-09-08,"Day, first elected in 2024, rejoined the Conservatives on Sept 22 after leaving over Findlay's leadership, saying 'moderation has won out over division.' He says health care and seniors remain central (long-term care waitlists, ER closures, staffing, primary care), along with affordability, rebuilding resource industries and responding to U.S. economic threats. He is courting voters across party lines.","health care and seniors (long-term care waitlists, ER closures, staffing, primary care); affordability; rebuilding resource industries; economy / U.S. threats; homelessness, addiction and mental health","Regardless of how you have voted in the past, there is a place for you in this campaign. My responsibility has always been to represent the people of Courtenay–Comox, and that will not change.",https://comoxvalleyrecord.com/2026/09/22/mla-brennan-day-has-rejoined-conservative-party-as-snap-election-looms/,,https://www.facebook.com/brennandaymla,https://www.instagram.com/brennanday4courtenaycomox/,https://x.com/MLABrennanDay,,,,,,YouTube channel 'Brennan Day for Courtenay-Comox' (legislature clips)
Jay Van Oostdam,Green Party,Courtenay-Comox,No,"Jay Van Oostdam is a veterinarian, public health professional and longtime environmental advocate with decades of experience working on the connections between human health and the environment.

Jay was born in Yellowknife and grew up in Regina. He earned a Bachelor of Science in Biology from the University of Regina and later completed a Doctor of Veterinary Medicine at the University of Saskatchewan. He began practising veterinary medicine in Nanaimo and later worked across British Columbia and Saskatchewan.

He went on to complete post-doctoral work at the University of British Columbia’s Pulmonary Research Laboratory and a Master of Public Health in Environmental Health and Epidemiology at the University of Minnesota. That work led to a 25-year career with Health Canada and BC Environment studying environmental contaminants such as lead, mercury, PCBs and DDT and their impacts on human and environmental health.

During his time with Health Canada, Jay led the Human Health component of the federal Northern Contaminants Program, helping assess contaminant exposure in Arctic Canada and contributing to guidance for First Nations and Inuit communities on reducing exposure while safely maintaining traditional diets.

Jay also co-led the Human Health Assessment Group of the Arctic Monitoring and Assessment Program, working with scientists across the circumpolar region to better understand exposure to persistent organic pollutants. That work contributed scientific evidence used in the development of the Stockholm Convention on Persistent Organic Pollutants.

A longtime member of both the federal and provincial Green parties, Jay has been active in election campaigns and environmental advocacy for decades. He has also participated in direct actions to protect old-growth forests in Temagami, Ontario and at Fairy Creek in British Columbia.

Jay is running in Courtenay-Comox to bring his experience in public health, environmental science and advocacy into public service and to help strengthen the connection between healthy communities and a healthy environment.",,,,"Van Oostdam, a veterinarian and former Health Canada environmental-health scientist, is running to bring public-health and environmental-science experience to protecting communities and the environment.",environmental protection; public health; link between healthy communities and healthy environment,"I'm running to bring decades of experience in public health, environmental science and advocacy to the work of protecting our communities and our environment.",https://bcgreens.ca/candidates-2026/jay-van-oostdam/,,https://www.facebook.com/jay.van.oostdam,https://www.instagram.com/jayvanoostdam/,,https://www.linkedin.com/in/jay-van-oostdam-6970aa420/,,,,,
Will Cole-Hamilton,New Democratic Party (NDP),Courtenay-Comox,No,"Will Cole-Hamilton: Standing firm for Courtenay-Comox

Will Cole-Hamilton is a strong advocate for the Comox Valley. As a former small business owner with a background in law, Will has been elected twice to Courtenay City Council and serves as Chair of the Comox Valley Regional District. He also led the creation of the Comox Valley Housing Authority which aims to build the affordable housing that people in the Comox Valley need to build good lives.

Will and his family live in Courtenay on the traditional territories of the K’ómoks First Nation. He knows that people in Courtenay-Comox need a government that is going to stand firm for them during this trade war.

Will Cole-Hamilton, David Eby and the BC NDP have a plan to stand up for BC, protect the services that families need, and build the homes, infrastructure and economy we need for a stronger province.",,,,"Cole-Hamilton, Comox Valley Regional District chair and two-term Courtenay councillor who led creation of the Comox Valley Housing Authority, says the region needs protection for good jobs, stronger health care and a growing economy in a time of global uncertainty. He also lists protecting the environment.",protect good jobs; strengthen health care; grow the economy; affordable housing (Comox Valley Housing Authority); environment; stand up to U.S. trade war,"At a time of global uncertainty, we need to protect good jobs, strengthen healthcare, grow our economy and stand up for British Columbia.",https://comoxvalleyrecord.com/2026/09/23/will-cole-hamilton-running-for-ndp-mla-courtenay-comox-in-snap-provincial-election/,,https://www.facebook.com/WillForCourtenayCouncil/,https://www.instagram.com/willcolehamilton,,,,,,,
James Chumsa,Communist Party of BC,Cowichan Valley,No,,,,,No individual pitch found. Confirmed Communist Party of BC candidate.,,,,,,,,,,,,,
Bert Chen,Conservative Party,Cowichan Valley,No,"Bert Chen is a small business owner on Vancouver Island that is running to represent the Cowichan Valley and bring his experience with BC’s industrial sector and mill towns to Victoria.

A lifelong British Columbian, Bert grew up in a rural community where his family ran a small gas station and his first job was working behind the pump. Bert has seen the effect of our once strong resource economy diminished due to overly long permitting processes and knows that we need to grow BC’s economy by fast tracking projects to provide decent, stable jobs for hardworking British Columbians.

Throughout his career, he has worked in small remote communities across Canada, including BC and the North, including many where he was honoured to work with First Nations in developing critical infrastructure projects to support communities.

As the owner of a local Vancouver Island firm that provides project management and construction services for power plants and other large industries across Canada, he has worked to build clean power projects around the world, including those on Vancouver Island and the BC Coast.

Alongside his work, Bert has served with the Elks of Canada and the BC Elks Association as its long time finance director, helping to manage the charitable organization and its kids camps across the province.

In his leisure time, Bert and his wife enjoy sailing off Maple Bay.",,,,"Chen, a Vancouver Island project-management and construction business owner, says B.C.'s resource economy has been diminished by long permitting processes and that projects should be fast-tracked to provide stable jobs. He wants to bring his industrial and mill-town experience to Victoria.",fast-track project permitting; resource economy and stable jobs; mill towns; infrastructure with First Nations,,,,,,,,,,,,
Justin Douglas,Green Party,Cowichan Valley,No,"Justin Douglas is a small-business owner, lawyer by training, and community advocate running to represent the Cowichan Valley. Raised on Vancouver Island by a single mother, Justin proudly calls the Cowichan Valley home and is committed to making sure local communities have a strong voice in the decisions that affect their lives.

Justin is the co-founder of EMBER Studios Duncan and VIT Management. As a local entrepreneur, he understands firsthand the realities of running a small business, creating opportunities, supporting workers, and contributing to the community.

He holds a degree in Political Science from the University of Victoria and degrees in both Common Law and Civil Law from McGill University. His legal and community experience includes work in immigration and refugee law, legal information services, restorative justice, and non-profit organizations.

Justin has also worked on community development initiatives involving ecotourism, infrastructure, access to safe drinking water, and youth engagement. His writing has addressed issues including the criminalization of poverty and the importance of including Indigenous legal perspectives in Canadian legal education.

Justin is running because he believes government should be accountable to the people it serves. His priorities include strengthening public services and social programs, protecting the environment, supporting a fair economy, and ensuring people across the Cowichan Valley are represented in the decisions that shape their future.",,,,"Douglas, a Duncan small-business owner trained in law, says government should be accountable to the people it serves. His priorities are stronger public services and social programs, environmental protection, a fair economy and real representation for Cowichan Valley residents.",public services and social programs; environment; fair economy; accountable government / local voice,I want to ensure that the people of the Cowichan Valley have a strong voice in the decisions that affect their lives.,https://bcgreens.ca/candidates-2026/justin-douglas/,,,https://www.instagram.com/justinalexdouglas/,,,,,,,https://votemate.org/bc2026provincial/candidates/14888
Debra Toporowski,New Democratic Party (NDP),Cowichan Valley,Yes,"Debra Toporowski is on your side in Cowichan Valley.

A member of the Cowichan Tribes, Debra Toporowski (Qwulti’stunaat) is a two term elected councillor in the municipality of North Cowichan and a five time councillor of Cowichan Tribes — the first elected woman in these communities to hold both positions on two councils at the same time. Born to a First Nations mother and Chinese father, Debra is a champion for Indigenous watersheds and the services people count on in the Cowichan Valley.

She knows people in the Cowichan Valley are facing the same big challenges so many people across BC are facing: housing, healthcare, and affordability. She and David Eby’s BC NDP team are on your side so we can keep building more housing, improving healthcare services, and making life more affordable.

Debra knows this government is looking out for people in Cowichan Valley. Under David Eby and the BC NDP this government is building a new Cowichan District hospital, a new Cowichan secondary school, while lowering ICBC costs for drivers, and increasing the minimum wage. You can count on them to fight for you and your family.",,,,"Toporowski (Qwulti'stunaat), first elected in 2024 and parliamentary secretary for rural health, is a Cowichan Tribes member and former North Cowichan councillor. Her page says she champions Indigenous watersheds and services, and her campaign emphasizes housing, health care, cost of living and the impact of U.S. trade tensions.",housing; health care / rural health; affordability; Indigenous watersheds; U.S. trade impacts; good jobs,,,,https://www.facebook.com/Councillor.Toporowski.North.Cowichan,https://www.instagram.com/votedebra4cowichan,,,,,,,YouTube channel 'Debra Toporowski - Qwulti'stunaat MLA'
Kuldeep Rangi,CentreBC,Delta North,No,"Kuldeep Rangi is deeply connected to the Delta North community and has been actively involved in local organizations, sports, and community activities. His children are active in the community through hockey and soccer, while Kuldeep regularly participates in pickleball, tennis, and other activities with local residents.

Kuldeep is a successful business owner who operates a real estate marketing brokerage. He also brings nearly a decade of banking experience with Scotiabank and First West Credit Union, giving him valuable experience in business, finance, and working with families and local businesses.

Kuldeep is stepping forward because he believes Delta North deserves a strong local voice and practical leadership focused on the needs of the community.",https://www.youtube.com/watch?v=1l8IsbFb0jk,"Kuldeep Rangi, CentreBC MLA Candidate for Delta North",2026-10-02,"Real estate marketing brokerage owner with nearly a decade of banking experience (Scotiabank, First West). His party bio says he is running because Delta North deserves a strong local voice and practical leadership focused on community needs. A CentreBC campaign video was posted Oct 2, 2026.",strong local voice for Delta North; practical community-focused leadership; business and finance experience,Kuldeep is stepping forward because he believes Delta North deserves a strong local voice and practical leadership focused on the needs of the community.,https://northdeltareporter.com/2026/09/28/kahlon-passes-delta-north-torch-to-bc-professional-fire-fighters-president/,,,,,,,,,,https://northdeltareporter.com/2026/09/28/kahlon-passes-delta-north-torch-to-bc-professional-fire-fighters-president/
Monica Mohan,Conservative Party,Delta North,No,"Monica Mohan is the BC Conservative Party candidate for Delta North.

Monica is a practicing lawyer in British Columbia and a resident of North Delta. Born and raised in Vancouver, Monica grew up in an immigrant family, with her parents having roots in India and Fiji. In addition to English, Monica is fluent in Punjabi and Hindi. Her family background has shaped her appreciation for diverse communities and given her an understanding of the challenges families can encounter, including the barriers they may face as they build their lives in Canada.

She graduated with honours from Pennsylvania State University (Penn State) with a degree in Administration of Justice before pursuing her law degree in the United States, where she was awarded an academic scholarship. Her professional experience in law, public service, and community organizations has shaped her perspective on issues affecting individuals, families, and communities.

Before becoming a lawyer, Monica worked in civilian roles with the Vancouver Police Department and the Guelph Police Service, gaining firsthand exposure to the criminal justice system.

Monica is committed to access to justice, meaningful community engagement, and ensuring that people feel heard and understood when navigating public institutions and systems. Her professional and community experiences have reinforced her belief in the importance of public service, accountability, and practical solutions to the challenges facing individuals and families.

As a lawyer and community-minded professional, Monica brings a perspective grounded in legal experience, service, advocacy, and a desire to contribute meaningfully to her community.

Outside of her professional and community work, Monica enjoys spending time with her family and exploring local parks and outdoor spaces together.",,,,"North Delta lawyer, formerly in civilian roles with the Vancouver Police and Guelph Police, and a former victim advocate. Her party page says she is committed to access to justice, community engagement, accountability and practical solutions. She first registered as unaffiliated before being listed as the Conservative candidate.",access to justice; meaningful community engagement; accountability in public institutions; practical solutions for families,"Monica is committed to access to justice, meaningful community engagement, and ensuring that people feel heard and understood when navigating public institutions and systems.",https://conservativebc.ca/candidate/monica-mohan/,,,,,,,,,,https://www.delta-optimist.com/local-news/here-are-the-provincial-candidates-so-far-in-delta-12831811 ; https://northdeltareporter.com/2026/09/28/kahlon-passes-delta-north-torch-to-bc-professional-fire-fighters-president/
Todd Schierling,New Democratic Party (NDP),Delta North,No,"Building a stronger economy and province for Delta North

Todd Schierling has spent his career keeping people safe. He is President of the BC Professional Firefighters’ Association and a Suppression Fire Captain with Surrey Fire Service, where he has served since 1996.

He also spends his off hours making his community stronger. A committed community volunteer, Todd helped launch the Surrey FF Goodwill Senior Girls High School Basketball Tournament in 2001, which has provided more than $125,000 in bursaries to female student-athletes.

Todd has also served on the BC Municipal Pension Plan, BC Federation of Labour Executive Council, BC First Responders Mental Health Committee, and on national academic working groups focused on firefighter cancer research and early detection.

Todd Schierling, David Eby and the BC NDP will stand up for families, protect people and the services they count on, and build a stronger economy and province, so that everyone can build a good life.",,,,"President of the BC Professional Fire Fighters' Association and a Surrey fire captain since 1996, endorsed by outgoing MLA Ravi Kahlon. He frames his run around the U.S. trade war: standing up for Canadian jobs, protecting public services and investing in the community.",stand up for Canadian jobs amid Trump trade war; protect public services; keep investing in communities; firefighter/first-responder health (background),"Things are tough right now, and Donald Trump’s trade war is putting more pressure on families and workers in Delta. We need to stand up for Canadian jobs, protect the services people rely on and keep investing in our communities.",https://northdeltareporter.com/2026/09/28/kahlon-passes-delta-north-torch-to-bc-professional-fire-fighters-president/,,https://www.facebook.com/profile.php?id=61594614306605,https://www.instagram.com/toddschierling/,,,,,,,https://www.delta-optimist.com/local-news/here-are-the-provincial-candidates-so-far-in-delta-12831811 ; https://toddschierling.bcndp.ca
Ian Paton,Conservative Party,Delta South,Yes,"Ian Paton is a lifelong resident of Delta South and a dedicated public servant, currently serving as the MLA for Delta South since 2017. He lives on his family farm in Delta with his wife, Pam.

Career

Ian has over 30 years of experience running and owning a dairy farm and farm auction business, which has provided him with extensive agricultural knowledge. He was elected as a Delta Councillor in 2010, where he chaired key committees such as the Agricultural Advisory Committee and the Dikes and Drainage Committee. As an MLA, Ian has served on the Select Standing Committees on Health and Agriculture, Fish and Food, and has been the Shadow Minister for Agriculture and Food.

Community Involvement

Ian is deeply involved in his community, having served as the past president of the East Delta Community Hall Society and as a volunteer firefighter with Hall 4. He has also contributed to various local organizations, including the Delta Hospital Foundation, REACH Child and Youth Development Society, and the Delta Farmland and Wildlife Trust.",,,,"Delta South MLA since 2017 and a dairy farmer. He left the Conservatives in August over the party's direction, briefly joined CentreBC, and rejoined under interim leader Lorne Doerkson when the election was called. He describes himself as fiscally conservative and socially moderate, and says the province faces serious debt and a collapsed resource sector.",fiscal responsibility / debt; resource sector recovery; delayed projects (incl. Massey Tunnel replacement criticism); agriculture; uniting centre-right,"So, for everyone wondering where I stand, let me be clear: I am fiscally conservative. I am socially moderate. And I will stand by those principles - every single time.",https://www.delta-optimist.com/local-news/paton-seeking-re-election-with-bc-conservatives-12814586,,https://www.facebook.com/IanPatonDelta,https://www.instagram.com/mla_ian_paton_official/,https://x.com/IanPatonDelta,,,,,,"https://vancouver.citynews.ca/2026/06/18/delta-bc-massey-tunnel-costs-higher/ (June 2026, Massey Tunnel costs)"
Skadi Green,Green Party,Delta South,No,,,,,"No individual pitch found. No party page, bio or news coverage was found for this candidate.",,,,,,,,,,,,,
Jason McCormick,New Democratic Party (NDP),Delta South,No,"Jason McCormick: On your side in Delta South.

Jason McCormick has fought for better public and active transportation for more than a decade. A bus driver for TransLink and community leader, Jason is extremely active in the BC cycling community and the South Delta Basketball Association, growing the latter to more than 400 youth participants.

Families in Delta South and across BC are facing real challenges, and Jason McCormick and the BC NDP are ready to take them on: building homes for people, strengthening our public healthcare system, and making day-to-day life more affordable.

Jason McCormick, David Eby and the BC NDP team are on your side and ready to take on the big challenges facing your community.",,,,"TransLink bus driver, union activist and transit/cycling advocate from Ladner who ran against Paton in 2024 and federally in 2025. He says working people face higher costs and uncertainty from the trade war and wants to make it easier to get to work, support local jobs and create opportunities for young people.",public and active transportation; good local jobs; opportunities for young people; costs amid trade war,"We need to make it easier for people to get to work, support good local jobs and create more opportunities for young people. I’ve spent my career doing that work in Delta, and I’m ready to take it to the legislature.",https://www.delta-optimist.com/local-news/here-are-the-provincial-candidates-so-far-in-delta-12831811,,,,,,,,,,https://northdeltareporter.com/2026/09/28/kahlon-passes-delta-north-torch-to-bc-professional-fire-fighters-president/ ; https://jasonmccormick.bcndp.ca
Jim McMurtry,OneBC,Delta South,No,"Jim McMurtry was born and raised in Toronto, the son of a former Chief Justice of Ontario and Order of Canada recipient.

He is an award-winning teacher who gained renown for standing against the exploitation of schoolchildren for political advantage. Fired by the Abbotsford School District in 2023 for speaking honestly about residential schools, he has become a nationally recognized voice on the failure of Indigenous policy, the defamation of the dead in Canadian history, and the defence of fundamental Canadian values.

His professional résumé is impressive. He holds a Ph.D. in Educational Theory from the University of Toronto and has served as a teacher, principal, and college lecturer over four decades. He has been committed to a life of service at school as a coach, club supervisor, and organizer of events for students with disabilities.

In addition to his love for and commitment to teaching and his country, Jim has built a thriving family, including his wife, a retired vice-principal, his three children and their spouses, all of whom are lawyers, and his seven grandchildren who live nearby.

Jim has deep ties to the South Delta riding, where he resides with his wife and family.

Nobody who has met Jim can doubt his love for this province and this country. Jim is running to reaffirm all that is positive about our province and our country, and he is running to preserve British Columbia’s beautiful and glorious heritage.",https://www.youtube.com/watch?v=XwAU24RYyrg,"B.C. Politics EXPOSED? Jim McMurtry on KLF, the Conservative Revolt & What Really Happened (Chanteh Podcast)",2026-09-24,Retired teacher and principal fired by the Abbotsford School District in 2023 over comments on residential schools; also running for Delta school trustee on Oct 17. His OneBC page says he is running to reaffirm what is positive about the province and preserve B.C.'s heritage. He hosts his own YouTube channel.,defence of 'fundamental Canadian values'; Indigenous policy critique; education/schools; preserving B.C. heritage,"Jim is running to reaffirm all that is positive about our province and our country, and he is running to preserve British Columbia’s beautiful and glorious heritage.",https://1bc.ca/candidates/jmcmurtry,,,,https://x.com/JimMcMurtry01,,,,,,https://x.com/JimMcMurtry01 ; https://www.delta-optimist.com/local-news/here-are-the-provincial-candidates-so-far-in-delta-12831811
Sid Tobias,CentreBC,Esquimalt-Colwood,No,"Sid Tobias is a decorated Canadian Armed Forces veteran, experienced public servant, and municipal leader with deep roots in Esquimalt–Colwood.

Born in Esquimalt, Sid served nearly 25 years in the Canadian Armed Forces, much of that time based at CFB Esquimalt. His distinguished military career included receiving the Meritorious Service Medal for his role in integrating Canadian, NORAD, and U.S. forces in support of the 2010 Olympic Games. He also served as chair of a NATO working group.

Following his military service, Sid spent more than a decade working in the B.C. Public Service, bringing his experience in leadership, collaboration, and public administration to the provincial level.

In 2022, Sid was elected Mayor of View Royal and became a director with the Capital Regional District. As mayor, he has focused on practical, community-based solutions, including advancing View Royal’s first comprehensive Official Community Plan update since 2011, supporting efforts to establish a primary-care clinic for residents without a family doctor, and helping re-establish an ambulance station in the community.

At the regional level, Sid has worked to strengthen cooperation among municipalities, First Nations, regional governments, and other partners, including efforts surrounding the future of the E&N rail corridor.

Sid believes British Columbia needs stable, practical and collaborative government focused on delivering results rather than increasing political division. His priorities include housing, health care, transportation, infrastructure and affordability, with an emphasis on governments working together to address the challenges facing communities.

With decades of military, provincial and municipal public service, Sid brings extensive leadership experience and a lifelong commitment to serving the communities of Esquimalt–Colwood.

Sign up to stay informed and receive news from CentreBC:",,,,"Outgoing View Royal mayor and CRD director, a 25-year Canadian Armed Forces veteran and former provincial public servant. He says Eby's snap election brought him out of planned retirement; his bio highlights a primary-care clinic effort, re-establishing an ambulance station and View Royal's OCP update.",primary care access; ambulance/emergency services; regional cooperation; practical community-based solutions,"From my perspective, they are amazing leaders. It is literally building an airplane while it’s in flight, but the team is doing an incredible job to field some high-quality candidates that offer a good platform.",https://www.timescolonist.com/2026-bc-votes/former-chief-coroner-lisa-lapointe-to-run-for-bc-greens-in-provincial-vote-12847755,,,,,,,,,,https://www.timescolonist.com/2026-bc-votes/bc-election-2026-whos-running-on-vancouver-island-12828075
Dave Johnston,Conservative Party,Esquimalt-Colwood,No,"Dave Johnston is the Conservative Party of BC candidate for Esquimalt-Colwood.

The son of two public school teachers, Dave was born in Prince Rupert, raised in Campbell River, and now calls Colwood home. For the past decade, he has served in the Canadian Armed Forces as a Canadian Ranger.

After studying at Camosun College and living in Victoria for several years, Dave obtained his Red Seal as an electrician from BCIT and began working in BCs North at Mount Milligan. The Rio Tinto Alcan upgrade project then brought Dave to Kitimat, where he founded the nonprofit organization, The North Matters, to advocate for responsible resource development. For over three years, Dave worked with the Haisla Nation managing capital projects and assets.

Dave understands the issues facing both rural and urban communities in BC, and is eager to address the needs of Esquimalt-Colwood residents. An avid outdoors enthusiast, Dave enjoys hiking and camping with his three dogs: Boss, Apollo, and Loki. When not exploring the beaches and forests of the South Island, Dave can be found cooking up new recipes in his home kitchen and attending local events.",,,,"Red Seal electrician and Canadian Ranger from Colwood who worked at Mount Milligan, on the Kitimat Rio Tinto upgrade and with the Haisla Nation; founded the nonprofit The North Matters for responsible resource development. His party page says he understands rural and urban issues and is eager to address residents' needs; no specific promises listed.",responsible resource development (background); rural and urban community needs,"Dave understands the issues facing both rural and urban communities in BC, and is eager to address the needs of Esquimalt-Colwood residents.",https://conservativebc.ca/candidate/dave-johnston/,,,,,,,,,,https://www.timescolonist.com/2026-bc-votes/bc-election-2026-whos-running-on-vancouver-island-12828075
Sidney Coles,Green Party,Esquimalt-Colwood,No,"Sidney Coles is a journalist, communications professional, researcher, and former public servant running to represent Esquimalt-Colwood. Her career has focused on environmental justice, human rights, Indigenous issues, gender equity, and building stronger, more inclusive communities.

Based in Victoria, Sidney has worked as a freelance journalist since 2021, including two years as a Local Journalism Initiative reporter with Capital Daily. Her reporting has appeared in Ricochet Media, the Watershed Sentinel, Canada’s National Observer, the Toronto Star, the Hamilton Spectator, and Women and Climate, with a particular focus on climate change, environmental justice, and Indigenous land rights in British Columbia.

Sidney has also worked closely with Indigenous leadership in British Columbia. As External Communications Manager for the Gitanyow Hereditary Chiefs, she supported communications on land governance, resource development, and Indigenous rights. Earlier in her career, she worked internationally on climate and gender equity, including evaluating environmental grant-making across sub-Saharan Africa and advising on gender and resource governance initiatives.

Her public-service experience includes senior policy and program roles with the Ontario government. At the Ministry of Education, Sidney evaluated programs supporting Indigenous children and youth and children in care. At the Ministry of the Status of Women, she helped manage an employment program designed to reduce barriers facing Indigenous, racialized, and newcomer women entering skilled trades, technology, and entrepreneurship.

Sidney has also worked in humanitarian and international development settings, including with Doctors Without Borders in the Democratic Republic of Congo and on a psychosocial support initiative for refugee mothers and young children in Türkiye.

She holds two PhDs from the University of Toronto. She completed a PhD in Comparative Literature in 2008 and a PhD in Applied Psychology and Human Development in 2024, with research focused on women’s empowerment and the gendered impacts of mining in international development. Sidney was also nominated for a Rhodes Scholarship at McMaster University and held a Junior Fellowship at Massey College.

As a reporter in the Capital Regional District, Sidney has developed a close understanding of the challenges facing local municipalities and communities. She is running to bring that experience to public life with a focus on evidence-based policy, environmental responsibility, reconciliation, accountable government, and ensuring Esquimalt-Colwood remains a place where people and families can feel welcome, safe, and able to thrive.",https://www.youtube.com/watch?v=QRK-6a45WTE,"Policy Announcement: Regulate AI (w/ Sidney Coles, David Evans, Andrew Appleton and Carolyn Howe) (BC Greens)",2026-10-03,"Journalist (former Capital Daily reporter), researcher and former Ontario public servant with two PhDs. Her party page says she is running with a focus on evidence-based policy, environmental responsibility, reconciliation and accountable government. She appeared in a BC Greens policy announcement on regulating AI.",evidence-based policy; environmental responsibility; reconciliation; accountable government; regulating AI (party message),"I want to support Esquimalt and Colwood in continuing to be places where people and their families feel welcome, safe, and are able to thrive.",https://bcgreens.ca/candidates-2026/sidney-coles/,,,https://www.instagram.com/coles_sidney,,https://www.linkedin.com/in/sidney-coles-phd-phd-95433350/,https://bsky.app/profile/westernwriter.bsky.social,,,,https://www.timescolonist.com/2026-bc-votes/bc-election-2026-whos-running-on-vancouver-island-12828075
Darlene Rotchford,New Democratic Party (NDP),Esquimalt-Colwood,Yes,"Darlene Rotchford: building up a stronger Esquimalt-Colwood

Darlene Rotchford has been fighting for people for her entire career. Elected as the MLA for Esquimalt-Colwood in 2024, she proudly served as the Parliamentary Secretary for Armed Forces Development and Veterans’ Affairs.

Prior to provincial politics, as an elected councillor in Esquimalt, she’s fought for homes for people. And as President of the Victoria Labour Council, she took on powerful interests on behalf of working families, fighting for good wages and working conditions. In her professional life, she took on tough challenges in mental health and addictions, working to ensure people get the treatment they need so they can get well.

Darlene Rotchford, David Eby and the BC NDP have a plan to stand up for our province, protect people and services, and build a stronger economy, so you can build a good life in the community you love.",https://www.youtube.com/watch?v=UkwOTHu8SZE,"""We need stability right now:"" Esquimalt-Colwood BC NDP incumbent seeking re-election #BCpoli (CFAX 1070)",2026-10-01,"MLA since 2024 and parliamentary secretary for armed forces development and veterans' affairs; former Esquimalt councillor and Victoria Labour Council president. She is seeking re-election arguing for stability, and has spoken on B.C. shipbuilding capacity.",stability; armed forces/veterans and shipbuilding; housing; working families and wages; mental health and addictions treatment,Darlene Rotchford: building up a stronger Esquimalt-Colwood,https://darlenerotchford.bcndp.ca,,https://www.facebook.com/share/1BeyWphnjU/?mibextid=wwXIfr,https://www.instagram.com/DarleneRotchfordMLA,https://twitter.com/DarleneRotchfordMLA,,,,,,https://www.timescolonist.com/2026-bc-votes/bc-election-2026-whos-running-on-vancouver-island-12828075
Tony Luck,Conservative Party,Fraser-Nicola,Yes,"About

Tony Luck is a dedicated leader, community advocate, and the Conservative Party of British Columbia MLA for Fraser-Nicola. Born and raised in British Columbia, Tony has a deep connection to the region and a passion for serving its residents. With a diverse background spanning finance, public service, and community engagement, Tony is committed to bringing positive change to Fraser-Nicola.

Proven Experience

Tony’s extensive career includes a decade as a financial planner, 26 years with BC Hydro, and his current role as a professional realtor. He has also served as a councillor on Mission City council and held leadership positions within the Fraser Valley Regional District and the Southern Interior Local Government Association (SILGA). Tony’s wealth of experience demonstrates his commitment to effective governance and community service.

Community Involvement

Tony is actively involved in various community organizations, including the Chamber of Commerce, Community Futures Nicola Valley, and the UFV Alumni Association. He believes in the power of grassroots initiatives to drive positive change and has dedicated his time to volunteering and supporting local causes. Tony’s community involvement reflects his deep-rooted commitment to the well-being of Fraser-Nicola residents.

Key Goals

Tony’s key goals for Fraser-Nicola center around transparency, accountability, and fiscal responsibility in government. He aims to implement fair taxation policies that support economic growth and alleviate the burden on working-class families. Additionally, Tony is a passionate advocate for affordable housing and healthcare reform, seeking practical solutions to address these pressing issues. Through engagement with medical professionals and community stakeholders, Tony aims to improve access to quality healthcare services for all residents of Fraser-Nicola.

With a proven track record of leadership, community involvement, and a commitment to addressing the needs of Fraser-Nicola residents, Tony Luck is serving as a strong voice in the BC Legislature.",,,,"First elected in 2024 with about 54% of the vote; former Merritt and Mission councillor, BC Hydro employee and realtor. If re-elected he wants to revive forestry, grow tourism and look after riding infrastructure, with health care and affordability as priorities. He launched his campaign Sept 30 in Merritt.",revive forestry; increase tourism; infrastructure care; health care; affordability; fiscal responsibility and fair taxation (party page),I am looking forward to (continuing) to serve the people of Fraser-Nicola. I’m really excited about that.,https://hopestandard.com/2026/10/01/fraser-nicola-mla-tony-luck-running-for-re-election/,,https://www.facebook.com/tony.luck.39,https://www.instagram.com/tonyluckmla/,,,,,,,https://ashcroftcachecreekjournal.com/2026/10/01/fraser-nicola-mla-tony-luck-running-for-re-election/
Patrick Michell,Green Party,Fraser-Nicola,No,"Patrick Michell is the retired Chief of T’eqt”aqtn’mux (Kanaka Bar Indian Band) and a lifelong resident of the Fraser Canyon. His career spans law, Indigenous governance, renewable energy, economic development, community safety and climate resilience.

Patrick graduated from the Administrative Management program at Douglas College in 1989 and from the University of British Columbia’s law program in 1993. He began his professional career working on Aboriginal Fisheries Strategy agreements and later served as a Lands Officer with Indigenous and Northern Affairs Canada. After completing his legal articles, he practised law in Lytton from 1997 to 2005.

In 2005, Patrick shifted his focus toward community development and renewable energy. He became closely involved with the Kwoiek Hydro project, a renewable energy initiative first developed by Kanaka Bar Indian Band. He later served as Community Liaison, Lands and Economic Development Officer and, from 2015 to 2022, Chief of Kanaka Bar Indian Band.

During his time in leadership, Patrick also served in a number of advisory and director roles related to climate policy, clean energy, agriculture, finance, Indigenous health and economic development. These included appointments to the BC Climate Solutions Council, the BC Centre for Innovation and Clean Energy, the Fraser Basin Council, the BC Indigenous Advisory Council on Agriculture and the BC Real Estate Foundation.

His commitment to climate resilience is also deeply personal. Patrick and his family were evacuated during the 2021 Lytton fire and, like many people across the Fraser Canyon, experienced the displacement, infrastructure damage and repeated extreme weather that followed. From 2023 to 2025, he served as Rebuild Director for Lytton First Nations, focusing on rebuilding and strengthening community and regional resilience.

Today, Patrick continues to provide contracted services and speak publicly on climate change, resilience and community development. He believes the future of the Fraser-Nicola region depends on combining Indigenous knowledge, modern science and technology, strong local leadership and long-term investment in community safety.

Patrick is running to bring decades of experience in law, governance, renewable energy and climate resilience to the people of Fraser-Nicola and to help build communities that are safer, stronger and better prepared for the future.",,,,"Retired Chief of Kanaka Bar Indian Band, lawyer and renewable-energy and climate-resilience leader, evacuated in the 2021 Lytton fire and later Rebuild Director for Lytton First Nations. He is running on climate resilience and community safety, combining Indigenous knowledge with science and technology.",climate resilience and wildfire/extreme-weather recovery; community safety; renewable energy; Indigenous knowledge and governance; strong local leadership,"The future of the Fraser-Nicola region depends on combining Indigenous knowledge, modern science and technology, strong local leadership and long-term investment in community safety.",https://bcgreens.ca/candidates-2026/chief-patrick-michell/,,,https://www.instagram.com/greenpartybc/,,,,,,,https://agassizharrisonobserver.com/2026/10/02/b-c-ndp-taps-jason-leboe-as-fraser-nicola-candidate/
Jason Leboe,New Democratic Party (NDP),Fraser-Nicola,No,,,,,"District of Hope utilities operator, secretary-treasurer of the Fraser Valley Labour Council and CUPE member. He argues public services and infrastructure are the foundation of good jobs, investment and strong rural economies.",public services in rural communities; infrastructure; supporting workers; good jobs and investment in rural B.C.,"Public services are the lifeblood of rural communities. We can’t have good jobs, new investment and strong local economies without the public services and infrastructure that make them possible.",https://agassizharrisonobserver.com/2026/10/02/b-c-ndp-taps-jason-leboe-as-fraser-nicola-candidate/,,,,,,,,,,
Jeff Brown,Christian Heritage Party,Juan de Fuca-Malahat,No,,,,,No individual pitch found. Listed as the Christian Heritage Party candidate in Times Colonist's final candidate list; not on the CHP BC 2026 candidates page.,,,,,,,,,,,,,https://www.timescolonist.com/2026-bc-votes/bc-election-2026-whos-running-on-vancouver-island-12828075
Mike Hicks,Conservative Party,Juan de Fuca-Malahat,No,"Mike Hicks is the Conservative Party of BC candidate for Juan de Fuca–Malahat

Mike has called this community home for 28 years, building businesses, raising his family and serving the people of the region. A graduate of BCIT’s Hotel Management program, Mike’s career has included forestry, tourism, hospitality and the recreational fishing industry. He has managed resorts and owned and operated fishing lodges in coastal communities including Hakai Pass, Sointula, Bamfield and Port Renfrew. Today, Mike and his wife Kathy operate Arbutus Cove Guesthouse in Sooke.

Mike’s commitment to his community led him into public service. For 13 years, he served as the elected Capital Regional District Director for the Juan de Fuca Electoral Area, representing East Sooke, Otter Point, Shirley, Jordan River, Port Renfrew, Malahat and Willis Point. During his time in office, Mike worked directly with residents, businesses, First Nations, community organizations and all levels of government to deliver practical results for the communities he represented.

His record includes advocating for the East Sooke Fire Hall, replacement of the Roche Cove Bridge, Highway 14 access from Gillespie Road, Sooke’s artificial turf field, the Charters River salmon hatchery, the Sooke Regional Library and the acquisition of important regional parkland. Mike also spearheaded efforts to improve cellular and emergency communications along Highway 14, helping bring seven new cellular towers to approximately 70 kilometres of the corridor.

As the Conservative Party of BC candidate for Juan de Fuca–Malahat, Mike brings decades of business experience, 13 years of elected public service and a deep understanding of the communities he seeks to represent. He is committed to listening to residents, standing up for rural and coastal communities, and working for practical solutions that make life more affordable, strengthen public safety and ensure government is accountable to the people it serves.",https://www.youtube.com/watch?v=UfhSagVkHBw,BC Conservatives running former long-time Juan de Fuca area director #yyj #BCpoli (CFAX 1070),2026-10-02,"Sooke guesthouse owner and former fishing lodge operator who served 13 years as CRD director for Juan de Fuca Electoral Area. His party page cites his record on local projects (East Sooke fire hall, Roche Cove bridge, Highway 14 cell towers) and pledges to stand up for rural and coastal communities.",rural and coastal communities; affordability; public safety; accountable government; Highway 14 safety/cell coverage (record),"He is committed to listening to residents, standing up for rural and coastal communities, and working for practical solutions that make life more affordable, strengthen public safety and ensure government is accountable to the people it serves.",https://conservativebc.ca/candidate/mike-hicks/,,,,,,,,,,https://www.timescolonist.com/2026-bc-votes/former-chief-coroner-lisa-lapointe-to-run-for-bc-greens-in-provincial-vote-12847755
David Evans,Green Party,Juan de Fuca-Malahat,No,"David Evans is running to serve as MLA because he believes British Columbians deserve better representation and a government focused on improving people’s lives and strengthening their communities.

Born and raised on Vancouver Island by a mill-working father and a school trustee mother, David has deep roots in the region. He graduated from high school in Victoria before attending university in Toronto and later spending several years working in Vancouver.

David’s career has taken him through broadcasting, writing, community service, and entrepreneurship. In Vancouver, he worked in radio, freelanced for magazines, and served as Distribution Supervisor at the Vancouver Food Bank.

For most of the past four decades, David has been self-employed. He founded Victoria’s first Zero Impact landscaping company and later built a successful community hub, café, and bakery that employed up to 20 people across three locations before its operations were transferred to a community co-operative in 2023.

Today, David operates a retail and wholesale coffee roasting business in Sooke, where he has lived, farmed, gardened, and raised three daughters. His experience as a parent, small business owner, employer, and community member has given him a firsthand understanding of the pressures facing families, workers, and local businesses.

David believes government should serve people rather than powerful corporate interests. He is concerned about rising inequality, the loss of good-paying jobs, and the long-term sustainability of B.C.’s resources, and he is running to advocate for an economy and government that put communities first.

David holds an Applied Arts Degree from Toronto Metropolitan University. He previously ran as a BC Green candidate in the 2024 provincial election, finishing third in a historic outcome for BC Greens.",https://www.youtube.com/watch?v=QRK-6a45WTE,"Policy Announcement: Regulate AI (w/ Sidney Coles, David Evans, Andrew Appleton and Carolyn Howe) (BC Greens)",2026-10-03,"Sooke coffee roaster and former café/bakery owner who ran in 2024 and finished third. He says government should serve people rather than corporations, and is concerned about inequality, loss of good-paying jobs and the sustainability of B.C.'s resources.",government that serves people not corporations; inequality; good-paying jobs; sustainable resource use; small business; regulating AI (party message),"Government needs to remember that it serves real people, not corporations.",https://bcgreens.ca/candidates-2026/david-evans/,,https://www.facebook.com/DavidEvansJFM?,https://www.instagram.com/davidevansjfm/,,http://www.linkedin.com/in/david-evans-jfm,https://bsky.app/profile/greendavid.bsky.social,,,,https://www.timescolonist.com/2026-bc-votes/bc-election-2026-whos-running-on-vancouver-island-12828075
Dana Lajeunesse,New Democratic Party (NDP),Juan de Fuca-Malahat,Yes,"Standing up for families in Juan de Fuca-Malahat

Elected MLA for Juan de Fuca-Malahat in 2024, Dana Lajeunesse has deep roots on southern Vancouver Island. He served as Parliamentary Secretary for Accessibility, he worked to advance accessibility and inclusion for people with disabilities across British Columbia.

A longtime resident of Sooke, he spent his childhood in Jordan River, expecting to grow up and work in the forestry industry, like his Dad and his Grandfather before him. Then, in 1989, a life-altering injury at work changed everything.

Unable to continue working in forestry, Dana went back to school. He earned a degree from Camosun College in Mechanical Engineering Technology, and worked in the industry for twenty four years. He built strong connections in his community, serving on the Mayor’s Advisory panel for economic development and Sooke Region Chamber’s Board of Directors. He was elected to the District of Sooke Council in 2019, and re-elected in 2022.

Dana Lajeunesse, David Eby and the BC NDP have a plan to stand up for our province, protect people and the services they count on, and build a stronger economy and province.",,,,"MLA since 2024 (won by 141 votes) and parliamentary secretary for accessibility; former Sooke councillor and mechanical engineering technologist whose forestry career ended with a 1989 workplace injury. For this campaign he is highlighting health-care access, transportation, affordability and support for local businesses and workers.","health-care access; transportation (incl. road safety, Xavier's law); affordability; local businesses and workers; accessibility","Dana Lajeunesse, David Eby and the BC NDP have a plan to stand up for our province, protect people and the services they count on, and build a stronger economy and province.",https://danalajeunesse.bcndp.ca,,https://www.facebook.com/dana4jdfm,,https://www.instagram.com/dana4jdfm/,,,,,,https://studioxnews.ca/politics/seven-more-bc-ndp-mlas-seek-re-election-2026/ ; https://bcndpcaucus.ca/news/ndp-mla-lajeunesse-says-juan-de-fuca-trail-to-reopen-this-summer/
Shane Friesen,OneBC,Juan de Fuca-Malahat,No,,,,,"No individual pitch found. Listed on Elections BC's candidate list and Times Colonist's final list; no OneBC page, bio or coverage found.",,,,,,,,,,,,,https://www.timescolonist.com/2026-bc-votes/bc-election-2026-whos-running-on-vancouver-island-12828075
Peter Milobar,Conservative Party,Kamloops Centre,Yes,"Peter Milobar is a dedicated Conservative MLA for Kamloops Centre with deep roots in the Kamloops community, where he lives with his wife Lianne and their three grown children. Together, they operate a local small business, reflecting their commitment to the local economy and community engagement. Peter’s longstanding connection to Kamloops is matched by his passion for public service and his active involvement in community life.

Career

Peter Milobar’s career in politics and public service spans over two decades, marked by significant roles and achievements. Elected MLA for Kamloops-North Thompson in 2017 and 2020, and current MLA for Kamloops Centre, elected in 2024. Most recently serving as Shadow Minister for Finance, Peter has a strong focus on fiscal responsibility and economic development. His previous roles include serving as Opposition House Leader and Shadow Minister for Indigenous Relations and Reconciliation, Environment and Climate Change. Before his provincial role, Peter was the Mayor of Kamloops for three terms, where he demonstrated leadership and commitment to local governance. He also served as chair of the Thompson Regional Hospital District for five terms and as a director for the Thompson-Nicola Regional District since 2005. His extensive experience extends to work with the BC Transit Board of Directors, PRIMECorp, and the Local Government Contract Management Committee.",,,,"Three-term former Kamloops mayor and MLA since 2017, most recently Conservative finance critic. He left the party in August, briefly led CentreBC, and returned when Findlay resigned, saying the party is again a 'serious, stable alternative'. Locally he points to school capital needs, the promised Red Bridge replacement, health care, crime and street safety, and affordability.",school capital investment; Red Bridge replacement; health care (incl. Kamloops cancer centre); crime and safety; affordability; fiscal responsibility,"A lack of investment in our school system, in terms of the capital needs of the school district. Where is that Red Bridge we were promised in the last election by David Eby? To healthcare issues that continue to challenge not just Kamloops but the surrounding area, to crime and safety on our streets, and the affordability crisis.",https://cfjctoday.com/2026/09/24/kamloops-conservatives-point-to-health-care-public-safety-not-trump-as-key-election-issues/,,https://www.facebook.com/PeterMilobarKamC,https://www.instagram.com/petermilobar/,https://x.com/PeterMilobar,,,,,,https://www.castanetkamloops.net/news/Kamloops/632105/Milobar-says-Findlay-exit-progressive-promises-brought-defectors-back-to-party ; https://cfjctoday.com/2026/09/22/kamloops-centre-mla-milobar-rejoins-bc-conservatives/ ; https://www.facebook.com/PeterMilobarKamC ; https://www.instagram.com/petermilobar/ ; https://x.com/PeterMilobar
Annelise Beach,Green Party,Kamloops Centre,No,,,,,No individual pitch found. Named as the BC Green candidate in Castanet and CFJC final-list coverage; no party page or bio found.,,,,,,,,,,,,,https://www.castanetkamloops.net/news/Kamloops/633270/As-deadline-passes-crowded-field-of-provincial-candidates-emerge-for-Kamloops-area-ridings
Mike Wisla,New Democratic Party (NDP),Kamloops Centre,No,,,,,"Political newcomer, 64, a former Ashcroft teacher and senior labour relations officer (occupational health and safety) with the Health Sciences Association. He says he is running because he saw a need and wants Kamloops represented in government so work already started can continue.",Kamloops representation in government; continuing work already started; NDP majority stability,"A lot of work has started, we got to keep that work going and I want to make sure Kamloops is represented in that.",https://www.castanetkamloops.net/news/Kamloops/633083/BC-NDP-names-Mike-Wisla-Kory-Clark-as-candidates-in-Kamloops-ridings,,,,,,,,,,https://www.castanetkamloops.net/news/Kamloops/633270/As-deadline-passes-crowded-field-of-provincial-candidates-emerge-for-Kamloops-area-ridings
Rocky McAfee,OneBC,Kamloops Centre,No,,,,,No individual pitch found. Confirmed as OneBC candidate in Castanet/CFJC final-list coverage; OneBC candidate page not found.,,,,,,,,,,,,,https://www.castanetkamloops.net/news/Kamloops/633270/As-deadline-passes-crowded-field-of-provincial-candidates-emerge-for-Kamloops-area-ridings
Thaelo Proctor,Independent / no party,Kamloops Centre,No,,,,,"23-year-old carpenter with no political experience running a 'service-first' campaign, offering free odd jobs to voters to show politicians should stay present in their communities. He calls his politics 'no-nonsense progressivism' and is considering higher taxes on the very wealthy and large corporations to cut taxes for lower-income people.",politicians present in their communities; volunteering/community service; higher taxes on the very wealthy and large corporations; lower taxes for lower-income people,It's unlikely that I will win. But I think voting for me on either side is a vote toward showing people in our community that we are tired of the status quo.,https://www.castanetkamloops.net/news/Kamloops/632783/Young-carpenter-pitches-service-first-independent-bid-for-Kamloops-Centre-riding,,,,,,,,,,https://www.castanetkamloops.net/news/Kamloops/633270/As-deadline-passes-crowded-field-of-provincial-candidates-emerge-for-Kamloops-area-ridings
Ward Stamer,Conservative Party,Kamloops-North Thompson,Yes,"About Ward

Ward Stamer, a devoted husband to his beloved wife Carleen and a proud father of two adult children and three grandchildren, has deep roots in Barriere, where he has called home since his youth. With a career spanning many years in the forest industry, Ward’s commitment to his community is unwavering.

Leadership and Community Involvement 

Ward’s dedication to public service began long before his mayoral tenure, serving as Chairman to the Barriere Improvement District, overseeing essential services such as solid waste management, streetlights, water, and fire services. His leadership continued as he was elected to Barriere’s first Council upon incorporation, eventually earning the trust of the community to serve as Mayor in 2018 and subsequently re-elected in 2022.

As a Lions Club member for over three decades, Ward embodies the motto “We Serve,” which reflects his lifelong dedication to his community and its people. During his two terms as Mayor, Ward has confronted the challenges faced by municipalities head-on, prioritizing critical issues such as healthcare access, affordable housing, and senior care.

Under Ward’s leadership, significant infrastructure improvements have been realized, including enhanced water system capacity and the expansion of the business and industrial park sectors, providing localized employment opportunities for residents.

Commitment to Kamloops-North Thompson

Healthcare Access: Ward advocates for streamlining accreditation processes to attract and retain medical professionals, ensuring residents have access to quality healthcare services.

Affordable Housing: Recognizing the housing affordability crisis, Ward proposes fostering public-private partnerships to unlock land for sustainable housing projects, coupled with strategic infrastructure investments.

Economic Stability: Ward prioritizes fiscal responsibility by curbing excessive spending, and conducting a comprehensive review of provincial taxes to alleviate burdens on residents and businesses.

New Initiatives: Ward is committed to revitalizing the local economy by promoting resource industries such as forestry, mining, agriculture, and tourism, thereby creating jobs and opportunities for families. Additionally, he envisions a future of energy self-sufficiency through investments in renewable energy sources.

Ward’s leadership, community involvement, and forward-thinking platform embody a vision of progress and prosperity for Kamloops-North Thompson. With his proven track record and unwavering dedication, Ward is poised to lead the region towards a brighter future for all its residents.",,,,"Former two-term Barriere mayor and forestry worker, MLA since 2024. He says affordability is the number one issue, along with jobs and a 'disastrous' health-care system, and that after 10 years of NDP government it's time for a change. His party page also lists faster accreditation of medical professionals, public-private partnerships for housing land, a provincial tax review and promoting resource industries.","affordability; jobs; health care / medical professional accreditation; housing via public-private partnerships; fiscal responsibility and tax review; forestry, mining, agriculture, tourism","It’s the bread and butter. It’s affordability, number one. People are trying to make ends meet. We are talking about people trying to keep their jobs. We are talking about our disastrous healthcare system that we have. The list goes on and on.",https://cfjctoday.com/2026/09/24/kamloops-conservatives-point-to-health-care-public-safety-not-trump-as-key-election-issues/,,https://www.facebook.com/profile.php?id=61558499271271,https://www.instagram.com/cpbcward/,https://x.com/WardStamer,,,,,,https://www.facebook.com/profile.php?id=61558499271271 ; https://www.instagram.com/cpbcward/ ; https://x.com/WardStamer
John Kidder,Green Party,Kamloops-North Thompson,No,,,,,"No individual pitch found. Ashcroft resident and husband of federal Green leader Elizabeth May, reported to be seeking the BC Green nomination; he has run before provincially and federally as a Green and as a federal Liberal in 2011.",,,,,,,,,,,,,https://thompsoncurrent.ca/why-a-familiar-political-name-is-joining-the-kamloops-north-thompson-race/
Kory Clark,New Democratic Party (NDP),Kamloops-North Thompson,No,,,,,"24-year-old health-care worker (community support worker, USW Local 1-417) who grew up in Cache Creek. He says he believes in the NDP's vision and names cost of living, housing and health care as key issues.",cost of living; housing; health care,"I've always been interested in politics, and I just decided now's the time to represent Kamloops.",https://www.castanetkamloops.net/news/Kamloops/633083/BC-NDP-names-Mike-Wisla-Kory-Clark-as-candidates-in-Kamloops-ridings,,,,,,,,,,https://thompsoncurrent.ca/why-a-familiar-political-name-is-joining-the-kamloops-north-thompson-race/
Deborah Friesen,OneBC,Kamloops-North Thompson,No,,,,,No individual pitch found. Confirmed OneBC candidate in final-list coverage; a LinkedIn profile under this name lists a Kamloops strata property manager (not confirmed as the same person).,,,,,,,,,,,,,https://www.castanetkamloops.net/news/Kamloops/633270/As-deadline-passes-crowded-field-of-provincial-candidates-emerge-for-Kamloops-area-ridings
Kristina Loewen,Conservative Party,Kelowna Centre,Yes,"Professional Experience

Kristina is a seasoned real estate professional, known for her exceptional ability to prioritize her clients’ needs while maintaining a level-headed approach under pressure. Her career has not only honed her skills in negotiation and client relations but has also given her a deep understanding of the local housing market.

Community Involvement

In addition to her work in real estate, Kristina has been actively involved in various aspects of the healthcare system. Starting as a care-aide, she later became a doula, supporting families during childbirth. Her commitment to empowering individuals extends to her role as a youth and young adult leader in her community, where she inspires others to achieve their goals.

Advocacy and Values

Kristina is a passionate advocate for affordable housing, recognizing the importance of stable and accessible housing for all. She is also committed to extensive tax reform and fiscal responsibility, believing that a balanced budget and a profitable economy are crucial for the prosperity of British Columbians.

Personal Life

Kristina Loewen has been an integral part of the Kelowna community for 25 years. She is happily married to Andrew, and together they have four children. Their enduring marriage of 26 years this spring is a testament to their commitment to family values.

Vision for the Future

Kristina envisions a future where individuals and families are empowered in all aspects of their lives, including health, finances, and relationships. She believes that a strong, safe, and united community, coupled with a thriving economy, are essential for achieving this vision. Kristina’s strong conservative values drive her commitment to forging a better future for Kelowna, the province, and all its residents.

Kristina Loewen’s blend of professional expertise, community engagement, and strong conservative values make her a strong MLA for Kelowna Centre. Her dedication to empowering individuals and families, coupled with her commitment to affordable housing and fiscal responsibility, positions her as an MLA who is ready to lead Kelowna into a prosperous future.",,,,"Realtor and former care aide/doula who won the seat in 2024 by 40 votes. She has made addiction treatment central to her time in office and campaign, calling for detox, treatment, counselling and compassionate secure care, and says the NDP has not prioritized healing people. Her party page also stresses affordable housing, tax reform and fiscal responsibility.","addiction treatment, detox and recovery; compassionate secure care; street disorder; seniors; affordable housing; tax reform and fiscal responsibility","What I've been advocating for has been treatment, detox, counselling, all of the services that really heal people and get them off the streets and restore them to some sort of family and health and whatever's possible for them.",https://www.castanet.net/news/Kelowna/633068/Kelowna-candidates-put-treatment-at-centre-of-street-disorder-discussion,,https://www.facebook.com/profile.php?id=61556643612186,https://www.instagram.com/kristina4britishcolumbia/,https://x.com/Kristina4BC,,,,,,https://www.facebook.com/profile.php?id=61556643612186 ; https://www.instagram.com/kristina4britishcolumbia/ ; https://x.com/Kristina4BC ; https://www.kelownanow.com/watercooler/news/news/Kelowna/Half_of_BC_NDP_s_candidates_declared_for_Kelowna_area_s_4_provincial_ridings/
Loyal Wooldridge,New Democratic Party (NDP),Kelowna Centre,No,"Loyal Wooldridge: Building up Kelowna Centre

A successful entrepreneur, social equity advocate, Regional District of Central Okanagan Director and Former Chair, Loyal Wooldridge was elected as a Kelowna city councillor in 2018 and 2022. During the 2023 Grouse Complex fires, Loyal’s communication efforts kept thousands of evacuees and families informed during a devastating crisis, while helping secure vital disaster relief funding so communities can rebuild. Loyal is an active community volunteer with the YMCA, BC SPCA and KGH Foundation, among other organisations.

Loyal knows that housing, healthcare and affordability are big challenges across BC, and Kelowna Centre is no different. People here need a representative who will fight hard for them — building more housing that’s affordable, improving healthcare services and strengthening our resilience to climate-fueled fires and drought.

Loyal Wooldridge, David Eby and the BC NDP have a plan to stand up for British Columbians against external threats, protect the services people count on, and build for the future.

The plan is working. And we can’t stop now.",https://www.youtube.com/watch?v=QcT464AlYCc,Loyal Wooldridge 2026 | STAND UP. PROTECT. BUILD. (own channel),2026-09-28,"Two-term Kelowna councillor and former RDCO chair who lost to Loewen by 40 votes in 2024. His campaign puts addiction treatment at the centre: restoring bed-based withdrawal management delivered directly by Interior Health, recovery housing, and compassionate involuntary care for a small group. His campaign page also names housing, health care, affordability and resilience to fires and drought.",bed-based withdrawal management by Interior Health; recovery-based housing; compassionate involuntary care (Interior-based); affordable housing; health care; affordability; wildfire and drought resilience,"Right now, people have to wait weeks. When people need help today, they're unable to receive it.",https://www.castanet.net/news/Kelowna/633068/Kelowna-candidates-put-treatment-at-centre-of-street-disorder-discussion,,https://www.facebook.com/LoyalKelowna,https://www.instagram.com/loyalkelowna/,https://twitter.com/loyalkelowna,,,,,,https://www.facebook.com/LoyalKelowna ; https://www.instagram.com/loyalkelowna/ ; https://twitter.com/loyalkelowna ; https://www.kelownanow.com/watercooler/news/news/Kelowna/Half_of_BC_NDP_s_candidates_declared_for_Kelowna_area_s_4_provincial_ridings/
Bill Desrosiers,OneBC,Kelowna Centre,No,,,,,No individual pitch found. Listed as OneBC candidate in Kelowna Capital News final list; no OneBC page or coverage found.,,,,,,,,,,,,,https://kelownacapnews.com/2026/10/04/b-c-election-2026-heres-whos-running-in-the-4-kelowna-area-ridings/
Pavneet Singh,Conservative Party,Kelowna-Lake Country-Coldstream,No,"Pavneet Singh is a successful entrepreneur, community advocate, and political leader who has called the Okanagan home for more than 25 years. Through his business ventures and community involvement, he has built strong relationships with residents, local businesses, first responders, and community organizations.

Pavneet currently serves as Vice-President of the Conservative Party of B.C., following his previous role as Director-at-Large. His leadership is rooted in entrepreneurship, community service, and a commitment to bringing people together.

During the 2024 provincial election, Pavneet chose not to run as an independent and instead supported the Conservative Party of B.C., putting the broader conservative movement ahead of his own political ambitions and helping avoid a split in the conservative vote.

As an entrepreneur, Pavneet has built and operated multiple businesses throughout the region. He has created employment opportunities and remains actively involved in the local business community.

Pavneet is also a strong supporter of firefighters, first responders, and community organizations, and continues to contribute his time and resources to causes that strengthen the community he has called home for more than two decades.",,,,"Okanagan entrepreneur and Conservative Party of B.C. vice-president, chosen over former MP Tracy Gray. He ran for BC United in 2024 but stepped aside to avoid splitting the vote. He pledges to work hard, listen to residents and earn the chance to represent the riding.",listening to residents; local business and jobs; support for firefighters and first responders; conservative unity,"I am proud to stand with the Conservative Party of BC and look forward to working hard, listening to residents, and earning the opportunity to represent our community.",https://infonews.ca/news/7882567/bc-conservatives-snub-former-mp-for-another-candidate-in-kelowna-lake-country-coldstream/,,,,,,,,,,https://www.kelownanow.com/watercooler/news/news/Provincial_Election/Tracy_Gray_wants_to_run_for_the_BC_Conservatives_in_Kelowna_Lake_Country_Coldstream/ ; https://vernonmatters.ca/2026/09/24/conservative-candidate-announced-for-kelowna-lake-country-coldstream/
Carter Mochinski,Green Party,Kelowna-Lake Country-Coldstream,No,"Carter Mochinski is a youth advocate, climate organizer and community member who grew up in Lake Country and has a strong connection to the Okanagan. He is passionate about climate action, reducing inequality, improving education and making sure young people have a meaningful voice in public life.

Carter represented Canada as a delegate at the United Nations Climate Change Conference COP30 in Brazil, where he advocated for climate education and spoke about the impacts of climate change on young people. He has also worked with the BC Parks Foundation and independently to support stronger connections between nature, climate education and the provincial curriculum.

He is also a TEDx speaker and has spoken publicly about inequality in the education system, including the experiences of neurodivergent learners and the need for more inclusive approaches to learning.

Carter currently serves as Director of Research and Publications with the BC Youth Council, a non-partisan, youth-led organization focused on connecting young people with politics through educational resources, advocacy and opportunities to engage with elected representatives.

His community involvement also includes serving as a youth representative with the BC Parks Foundation and previously as a Youth Councillor with the District of Lake Country, where he advocated for young people in his community.

Having grown up in the Okanagan, Carter has a deep appreciation for the balance of natural beauty, urban communities and rural life that defines Kelowna-Lake Country-Coldstream. He is running to bring his experience in youth advocacy, climate action and education into public service and to be an accessible and engaged representative for the community.",,,,"Youth advocate and climate organizer from Lake Country, COP30 delegate, TEDx speaker and BC Youth Council research director. He is running on climate action, reducing inequality, improving education (including for neurodivergent learners) and giving young people a voice.",climate action; reducing inequality; education and inclusive learning; youth voice in politics; accessible representation,"I will represent our community with the love, passion, and integrity it deserves.",https://bcgreens.ca/candidates-2026/carter-mochinski/,,,https://www.instagram.com/cartermochinskiklc/,https://x.com/cartermoklc,https://www.linkedin.com/in/carter-mochinski-960827332/,,,,,https://www.instagram.com/cartermochinskiklc/ ; https://x.com/cartermoklc
Binny Boparai,New Democratic Party (NDP),Kelowna-Lake Country-Coldstream,No,,,,,No individual pitch found for 2026. A 2023 video shows a fruit-beverage entrepreneur named Binny Boparai seeking the BC United nomination (same person not confirmed).,,,,,,,,,,,,,https://kelownacapnews.com/2026/10/04/b-c-election-2026-heres-whos-running-in-the-4-kelowna-area-ridings/
Alexandra Wright,OneBC,Kelowna-Lake Country-Coldstream,No,"Candidate — Kelowna – Lake Country – Coldstream

Alexandra is a first-generation Canadian who was raised with a deep appreciation for the freedoms and opportunities that Canada provides, but also with the understanding that democracy can never be taken for granted. Good government depends on elected representatives who are accountable to the people they serve, and more importantly, upon the citizens who hold those representatives accountable.

Alexandra earned her BA in Anthropology from the University of Calgary before briefly moving to California, where she obtained her Juris Doctor degree from UCLA School of Law. After practising law for several years, Alexandra returned home to Canada and built a career as a legal advisor in the energy sector. In 2013, Alexandra and her husband, John, incorporated a full-service supply chain consulting firm. Over the years, they have grown their business while raising their daughter and running their family farm in Ellison, gaining firsthand experience of the challenges faced by farmers, parents and small business owners in our province.

Alexandra believes strongly in standing up for her community and in leading by example, and over the past years she has led rallies and campaigns within her region to oppose unlawful dumping, protect waterways and take a stand against irresponsible development that threatens to harm the future of the Okanagan Valley. Her favourite part of living in Ellison is listening to the owls hooting at night.

Alexandra believes British Columbians deserve leaders who approach public service with humility, make decisions openly and transparently, and never lose sight of the fact that a government only exists to serve its citizens. If elected, Alexandra will bring to the legislature the same approach that has guided her throughout her career: read the fine print, think critically, ask difficult questions, and never be afraid to challenge the status quo. Most importantly, she intends to remain true to the principles that brought her there in the first place.",https://www.youtube.com/watch?v=t2KW5oYMWAE,Alexandra Wright: Why I Chose OneBC Over the BC Conservatives (The Really Big Show),2026-10-04,"UCLA-trained lawyer and energy-sector legal advisor who runs a supply-chain consulting firm and family farm in Ellison, and has led local campaigns against unlawful dumping and irresponsible development. Her OneBC page promises humble, transparent public service and challenging the status quo; she explained choosing OneBC over the Conservatives in an Oct 4 interview.","accountable, transparent government; protecting waterways and opposing irresponsible development; farmers and families; challenging the status quo","If elected, Alexandra will bring to the legislature the same approach that has guided her throughout her career: read the fine print, think critically, ask difficult questions, and never be afraid to challenge the status quo.",https://1bc.ca/candidates/awright,,,,,,,,,,https://kelownacapnews.com/2026/10/04/b-c-election-2026-heres-whos-running-in-the-4-kelowna-area-ridings/
Gavin Dew,Conservative Party,Kelowna-Mission,Yes,"Gavin Dew is a business leader, entrepreneur, and executive with extensive experience in governance and public policy. As the MLA in Kelowna-Mission and the Conservative Critic for Jobs, Economic Development, and Innovation (JEDI) & AI, Gavin is driven by a passion to renew and rebuild BC’s economic potential.

Personal Life

Born and raised in British Columbia, Gavin lives in Kelowna with his wife, Erin, and their two children, Abby and Evan. The Dew family is committed to building community through both volunteerism and small business. Erin, a UBC Forestry graduate, has a diverse background that includes working with children on the autism spectrum and running a small business. Together, they recently launched Play Area, Kelowna’s newest indoor playground, to serve the growing number of young families in the Okanagan.

Professional Background

Gavin’s career spans two decades at the intersection of business, public policy, and technology. He has played a key role in building public understanding and support for complex policies and projects across Canada, including affordable housing, energy infrastructure, and tech clusters. Most recently, Gavin served as Chief Strategy Officer for a $5 billion agricultural innovation and food security project in BC. He also has a strong academic background, with a BA from UBC and an MBA from the University of Oxford, where he focused on corporate social responsibility.

Community Involvement

Gavin is deeply committed to his community. Prior to being elected, he served on the boards of the Business Council of British Columbia and Resource Works, an organization promoting responsible resource development. He has also served in governance roles with organizations like UBC, Kwantlen Polytechnic University and Community Futures, a rural small business lender. Gavin continues to volunteer as chair of the Veterans Transition Network, a national mental health charity that played a crucial role in evacuating Afghan interpreters at risk from the Taliban. His community efforts have earned him recognition, including being named a “Forty Under 40” by Business in Vancouver for his leadership.",,,,"MLA since 2024 and Conservative critic for jobs, economic development, innovation and AI; former business-policy executive. His campaign message is affordability through a stronger economy and lower taxes, attacking Eby's record and calling the NDP grocery 'price guard' 'the arsonist offering to put out the fire.'",affordability via stronger economy; lower taxes; small business confidence; economic rebuilding; distrust of Eby's promises,The best thing we can do to make sure that food is more affordable is strengthen the economy and make sure that people actually have more money in their pockets and in their wallets.,https://www.castanet.net/news/Kelowna/633175/B-C-Conservatives-criticize-Eby-grocery-plan-during-Okanagan-visit,,https://www.facebook.com/gavindewpage,https://www.instagram.com/gavindew/,https://x.com/gavindew,,,,,,https://conservativebc.ca/gavin-dew-responds-to-david-ebys-latest-grocery-promise/ ; https://www.facebook.com/gavindewpage ; https://www.instagram.com/gavindew/ ; https://x.com/gavindew
Saoirse MacKinnon,Green Party,Kelowna-Mission,No,,,,,No individual pitch found. Listed as BC Green candidate in Kelowna Capital News final list; no party page or coverage found.,,,,,,,,,,,,,https://kelownacapnews.com/2026/10/04/b-c-election-2026-heres-whos-running-in-the-4-kelowna-area-ridings/
Miriam Rycroft,New Democratic Party (NDP),Kelowna-Mission,No,,,,,No individual pitch found. Listed as BC NDP candidate in final-list coverage; no campaign page or news profile found.,,,,,,,,,,,,,https://kelownacapnews.com/2026/10/04/b-c-election-2026-heres-whos-running-in-the-4-kelowna-area-ridings/
Abraham Nordine,OneBC,Kelowna-Mission,No,,,,,No individual pitch found. Listed as OneBC candidate in Kelowna Capital News final list.,,,,,,,,,,,,,https://kelownacapnews.com/2026/10/04/b-c-election-2026-heres-whos-running-in-the-4-kelowna-area-ridings/
Gordon Skulnec,Conservative Party,Kootenay Central,No,"Gordon Skulnec is the Conservative Party of BC Candidate for Kootenay Central

Gordon is a husband, father, volunteer and small business owner. He and his wife were both born and raised in the West Kootenays and have been married for 19 years.

Gordon began his career as a medical radiographer at Kootenay Boundary Regional Hospital in Trail before joining the RCMP. He served 17 years as a general duty police officer in the East Kootenays, beginning in Cranbrook, and retired from the Kimberley detachment in May 2023. For the past 20 years, he has also run a small business as a rental housing provider and property manager, working with landlords and tenants alike, and for the past decade he has operated a business in Salmo.

Serving his community, especially its young people, has always been important to Gordon. He started as a youth group leader in Trail and coached Cranbrook Minor Baseball house and all-star teams for four years. Today he serves as Director of Baseball for the Cranbrook Minor Ball Association and drives the team bus for the Cranbrook Bandits. Faith matters deeply to his family. They attend Connect Church, where he helps lead the men’s group. 

Gordon brings a humble heart and a willingness to listen, and he is committed to working alongside the people of Kootenay Central to build real progress for their communities.",,,,"Former RCMP general-duty officer (17 years in the East Kootenay, retired from Kimberley in 2023), former medical radiographer, and rental-housing provider with a business in Salmo. His party page says he brings a willingness to listen and wants to work with residents to build progress; no specific promises listed.",listening to residents; community and youth (background); public safety (policing background); rental housing (business background),"Gordon brings a humble heart and a willingness to listen, and he is committed to working alongside the people of Kootenay Central to build real progress for their communities.",https://conservativebc.ca/candidate/gordon-skulnec/,,,,,,,,,,https://nelsonstar.com/2026/10/02/ndp-incumbent-brittny-anderson-to-run-in-central-kootenay/
Nicole Charlwood,Green Party,Kootenay Central,No,,,,,"Nelson city councillor and economist who placed second with 31% for the Greens in 2020 and ran again in 2024. No 2026-specific pitch found; in 2024 she listed political representation, rural health care, affordability, water security and housing for workers and young families as her focus.",(2024) political representation; rural health care; affordability; water security; housing for workers and young families,"(2024) political representation, rural healthcare, affordability, water security and housing for workers and young families — issues that are at the forefront of our shared priorities.",https://www.castanet.net/news/Nelson/511293/Nicole-Charlwood-building-on-strong-finish-in-2020-provincial-election-for-2024,,,,,,,,,,
Brittny Anderson,New Democratic Party (NDP),Kootenay Central,Yes,"Protecting the things that matter in Kootenay Central

Brittny Anderson is a lifelong resident of the Kootenays and former small-business owner. Elected as MLA for Nelson-Creston in 2020, and re-elected in 2024, Brittny has served as Minister of State for Local Governments and Rural Communities, Parliamentary Secretary for Tourism, as well as the Premier’s Special Advisor on Youth.

Brittny previously served her community as a Nelson city councillor and board member for the Regional District of Central Kootenay, where her work covered environmental services, resource recovery and water systems. Like so many people in the Kootenays, Brittny is passionate about spending time outdoors, and can often be found hiking with her family and her dogs Stella and Boreal.

Brittny Anderson, David Eby and the BC NDP are standing up for BC with a plan to fight for our province and country, protect people and services, and build a stronger economy.

The plan is working. We can’t stop now.",,,,"MLA since 2020 (Nelson-Creston, then Kootenay Central) and former Minister of State for Local Governments and Rural Communities; former Nelson councillor. She is running on public health care, the environment, reconciliation and stable government that stands up to Trump's tariffs, and on building a B.C. economy less dependent on the U.S.",public health care; clean environment/climate; reconciliation; affordable housing; good jobs and thriving businesses; standing up to U.S. tariffs,"At this critical moment for our province and country, I will never stop fighting for my Kootenay community to continue building a stronger, more affordable future for everyone. For public health care. For our planet. For reconciliation.",https://nelsonstar.com/2026/10/02/ndp-incumbent-brittny-anderson-to-run-in-central-kootenay/,,,,https://twitter.com/BrittnyAnderso,,,,,,https://www.castanet.net/news/Trail/632475/Four-NDP-candidates-in-Kootenay-Boundary-Columbia-ridings-declared ; https://twitter.com/BrittnyAnderso
Hunter Corrigal,OneBC,Kootenay Central,No,"Hunter spent twenty years doing the jobs that keep B.C. running: fighting wildfires, securing our courts, working our mines and supporting kids in our classrooms.

He runs a small business and is raising two daughters. He has also engaged with our healthcare system through his cancer journey. Hunter knows where this province works and where it is letting people down, and he is running to be a part of the solution in making life better.

Hunter holds a Diploma in Tourism & Recreation Management from the College of the Rockies and a Sheriff Training Certificate from the Justice Institute of BC.

He is the owner-operator of an exploration logistics and hardscape company. In his community, he has served as past president of the Wildhorse Cycling Club and as a Special Olympics ski coach.

Hunter is running to fight for safer communities, resource jobs, strong schools, better healthcare and lower taxes.",,,,"Cranbrook-based former BC Sheriff officer, Teck Elkview operator, wildfire crew leader and small-business owner, and OneBC's Kootenay coordinator. Tax relief is his number-one focus, along with rural health care (informed by his own 2024 cancer diagnosis), safer communities, resource jobs and strong schools.",tax relief (personal and business); rural health care access; safer communities; resource jobs; strong schools; local-government autonomy,Number one is absolutely tax relief.,https://www.mynelsonnow.com/80656/news/elections/2026-bc-election/onebcs-hunter-corrigal-makes-tax-relief-key-focus-in-kootenay-central-race/,,,,,,,,,,
Warren Mirko,Conservative Party,Kootenay-Monashee,No,"Warren Mirko is the Conservative Party of BC candidate for Kootenay-Monashee

Warren has more than 15 years of experience in public relations, crisis response, and risk management, having supported public protection mandates at BC Financial Services Authority, Engineers and Geoscientists BC, Transport Canada, and other regulatory authorities. His work has included regulatory reform, public safety issues, stakeholder disputes, and high-profile matters requiring coordination between government, industry, professionals, and affected communities. He holds a BA in Political Science from the University of British Columbia.

Warren’s work spans both the public and private sectors, where clear communication and public disclosure are critical to maintaining public trust. He is a Councillor in the Village of Warfield and a public affairs consultant who helps clients navigate government relations and align with regulatory and community expectations.

Warren contributes to media on issues of economics, governance, and accountability, bringing a candid perspective to land use and public policy in BC. He enjoys travelling throughout BC with his family and spending time outdoors. He also speaks Japanese and has practised Okinawan karate for more than 15 years.",,,,"Warfield councillor and public-affairs consultant who founded the Public Land Use Society. He says Victoria's decisions hit rural B.C. disproportionately and is campaigning on land and resource access, clear rules, democratic voice in land-use decisions, and tighter management of public finances.","rural voice in Victoria; public land use and resource access; clear, predictable rules; fiscal accountability / deficit","Living in a small community, spending much of my free time on public land, and working closely on land-use and governance issues has given me a direct appreciation for how decisions made in Victoria can have a disproportionate impact on rural B.C.",https://trailtimes.ca/2026/10/01/warfield-councillor-to-run-for-b-c-conservatives/,,,,,,,,,,
Connie Larochelle,Green Party,Kootenay-Monashee,No,"Connie holds a Master of Arts in Environment and Management from Royal Roads University and a Bachelor of Natural Resource Sciences from Thompson Rivers University. Her academic background includes environmental science, economics, statistics, cost-benefit analysis and Geographic Information Systems.

Her professional experience also includes work with business intelligence tools, including Power BI, and she was a finalist in the Institute of Public Administration of Canada’s Policy Pitch competition for work involving the use of business intelligence tools in the public service.

Connie is concerned about growing pressures on land, water and natural resources and how those pressures affect food security, housing and community health. She believes public policy should take a long-term approach to protecting the resources communities depend on while supporting people in their everyday lives.

Connie is running in Kootenay-Monashee to bring her experience in public service, environmental research and community advocacy into the Legislature, with a focus on sustainability, responsible resource management and practical solutions for local communities.",,,,"Retired provincial senior research advisor in Trail, with environmental science training, active in food-security volunteering. She is running on sustainability, responsible resource management and practical local solutions, citing pressures on land, water and resources.",sustainability; responsible resource management; food security; water; housing and community health,I am tired of the same old politics and the same old politicians.,https://bcgreens.ca/candidates-2026/connie-larochelle/,,,https://www.instagram.com/greenpartybc/,,,,,,,
Steve Morissette,New Democratic Party (NDP),Kootenay-Monashee,Yes,"Taking action for you in Kootenay-Monashee.

Steve Morissette was the Mayor of Fruitvale, where he and his wife have raised four boys. First elected ten years ago, he has a record of action on housing and childcare, having led the building of a 37 seat daycare and a 31 unit fully accessible affordable housing complex. Under his leadership, Fruitvale committed to paying people good wages, and put a plan in place to move to 100% renewable energy by 2050.

Elected in 2024, Steve has brought his drive and record of action to the Legislature as MLA for Kootenay-Monashee. As a member of David Eby's BC NDP team, he's taking bold action to tackle the big challenges facing people in that riding: building homes for people, strengthening our public healthcare system, and helping with costs.

You can count on him to fight for you.",,,,"MLA since 2024 and former Fruitvale mayor who led a 37-seat daycare and a 31-unit accessible affordable housing project. He is running on protecting local jobs, strengthening health care and helping communities prepare for emergencies.",good local jobs; health care; emergency preparedness; housing and child care (record); help with costs,"In Kootenay-Monashee, that means protecting good local jobs, strengthening health care and supporting communities as they prepare for emergencies.",https://www.castanet.net/news/Trail/632475/Four-NDP-candidates-in-Kootenay-Boundary-Columbia-ridings-declared,,https://www.facebook.com/profile.php?id=61564035608794,,,,,,,,https://trailtimes.ca/2026/10/01/warfield-councillor-to-run-for-b-c-conservatives/ ; https://www.facebook.com/profile.php?id=61564035608794
Stephen Hill,OneBC,Kootenay-Monashee,No,,,,,No individual pitch found. On Elections BC's final list as OneBC candidate; no party page or coverage found.,,,,,,,,,,,,,
Paul Heywood,CentreBC,Kootenay-Rockies,No,,,,,No individual pitch found. On Elections BC's final list as CentreBC candidate; no bio or coverage found.,,,,,,,,,,,,,https://www.e-know.ca/regions/east-kootenay/elections-bc-releases-candidates-list/
Pete Davis,Conservative Party,Kootenay-Rockies,Yes,"Kootenay Roots and Upbringing 

Pete Davis hails from Revelstoke and was raised in Cranbrook, instilled with conservative values rooted in responsibility, tradition, individual freedom, and service. Married to Heather since 2002, they are proud parents to four children and are dedicated to their life in the Kootenay region of British Columbia. Pete is an avid outdoorsman with strong ties to the motorcycle, boating and camping communities.

Balancing the responsibilities of work and raising a family, while being a dedicated husband, has instilled in him a strong sense of empathy, compassion, and commitment to serving others. During his childhood years Pete’s family faced significant economic hardships. Raised by a loving and hard-working single mother, he remembers what it feels like to wonder where the next meal would come from and if rent would be made. These early experiences have prepared him to represent constituents with compassion, integrity, diligence, and a deep-seated commitment to positive change.

Professional Experience

Pete’s extensive experience as a business professional has allowed him to cultivate strong and enduring relationships with key stakeholders across various sectors critical to the economy of the Elk Valley and East Kootenays. These sectors include logging, forestry, automotive, heavy equipment, and mining, each playing a vital role in the region’s economic vitality and the livelihoods of countless working families.

Through his interactions and collaborations with industry leaders, workers, and community representatives, Pete has gained a deep understanding of the challenges and opportunities faced by these sectors. He is acutely aware of the regulatory, economic, and environmental factors that impact businesses and workers alike.

Pete’s belief in the hard-working families of Kootenay-Rockies is unwavering. He recognizes the resilience and dedication of these families who rely on these industries for their employment and economic stability. As a consistent voice in Victoria, Pete is committed to advocating for policies and initiatives that support the growth and sustainability of these sectors, ensuring that working families have the opportunities and resources they need to thrive.

Vision

Pete is committed to challenging failed policies and advocating for change in Victoria. His love for Canada and British Columbia fuels his dedication to serving the people and ensuring their voices are heard in government. Pete Davis is a strong, consistent voice that the Kootenay-Rockies need in Victoria.",,,,"MLA since 2024, raised in Cranbrook, a business professional with ties to logging, forestry, heavy equipment and mining in the Elk Valley. He calls the snap election a 'power grab' and wants to focus on fiscal responsibility, health care, education, the economy, housing, public safety, infrastructure and natural resources including the Elk Valley mines.",fiscal responsibility; health care; education; economy; housing; public safety; infrastructure; natural resources / Elk Valley mines,It's pretty selfish to be calling an election two years before your mandate is up... This is just a power grab as far as I'm concerned.,https://revelstokereview.com/2026/09/24/mcinnis-running-for-columbia-river-revelstoke-re-election-with-bc-conservatives/,,https://www.facebook.com/peter.davis.7773631,https://www.instagram.com/peter.davis.7773631/,https://x.com/ElectPeteDavis,,,,,,https://www.facebook.com/peter.davis.7773631 ; https://www.instagram.com/peter.davis.7773631/ ; https://x.com/ElectPeteDavis ; https://www.e-know.ca/regions/east-kootenay/elections-bc-releases-candidates-list/
Keenan Dennehy,Green Party,Kootenay-Rockies,No,,,,,No individual pitch found. On Elections BC's final list as BC Green candidate; no party page or coverage found.,,,,,,,,,,,,,https://www.e-know.ca/regions/east-kootenay/elections-bc-releases-candidates-list/
Norma Blissett,New Democratic Party (NDP),Kootenay-Rockies,No,,,,,"Retired teacher and forester, three-term Cranbrook councillor and former RDEK and hospital district director; she ran for this riding in 2013. She is campaigning on access to quality health care close to home and warns Conservative spending cuts would put care at risk.",health care close to home; protecting health care and education from cuts; regional services,People in Cranbrook and across the Kootenays deserve access to quality healthcare close to home.,https://thefreepress.ca/2026/09/29/blissett-running-for-bc-ndp-in-kootenay-rockies/,,,,,,,,,,https://www.e-know.ca/regions/east-kootenay/norma-blissett-to-seek-mla-seat-with-bc-ndp/
AJ Wolfe,OneBC,Kootenay-Rockies,No,"AJ has more than 25 years of construction experience, mostly in the Kootenay region. He has worked on residential, commercial, industrial, and civil projects as a tradesperson, superintendent, and project manager.

People often call AJ when a project has a difficult problem to solve. Whether the challenge is building a reliable estimate, sorting out procurement, or finding a simpler, more cost-effective way to do the work, he digs into the details and finds a practical path forward. He leads from the front, gets his boots dirty, and takes responsibility for results.

AJ is committed to conservative values: individual responsibility, responsible spending, and respect for the rights of citizens. He believes rules and constitutional principles must mean something in practice. Leaders should follow the rules they ask others to follow, keep their commitments, and remain accountable to the people they serve.

He is running to represent the people of Kootenay–Rockies and help build a government that listens to all British Columbians, tackles hard problems, and follows through.",,,,"Jaffray construction project manager with 25+ years in the Kootenays, from a multi-generation Elk Valley family. His OneBC page stresses individual responsibility, responsible spending, respect for citizens' rights, and leaders who follow the rules and keep commitments.",responsible spending; individual responsibility; respect for citizens' rights / constitutional principles; accountable leaders,"He is running to represent the people of Kootenay–Rockies and help build a government that listens to all British Columbians, tackles hard problems, and follows through.",https://1bc.ca/candidates/awolfe,,,,,,,,,,https://www.e-know.ca/regions/east-kootenay/elections-bc-releases-candidates-list/
Kim Lockhart,CentreBC,Ladysmith-Oceanside,No,"Kim Lockhart is a community leader, nonprofit executive, small business owner, and mother of five who lives with her family in Qualicum Beach on Vancouver Island.

Kim is the Founder and Executive Director of Butterfly Support Network, a registered Canadian charity supporting individuals and families navigating infertility, pregnancy loss, and infant loss. What began as a grassroots community initiative in 2019 has grown under her leadership into a provincial organization delivering programs, education, advocacy, and community support across British Columbia. Her work has given her extensive experience in nonprofit leadership, governance, fundraising, program development, and working alongside families, healthcare professionals, and community partners to improve systems of care.

Prior to her work in the nonprofit sector, Kim worked in education and developed a particular passion for special education, inclusion, and disability rights. As a parent with children in the public school system, she also understands firsthand many of the pressures facing families, educators, and schools in British Columbia.

Kim chose to run because she believes many British Columbians no longer feel politically represented by the choices available to them. She sees CentreBC as an opportunity to build a balanced middle, bringing people together around strong public services, fiscally responsible government, economic growth, socially inclusive values, and a commitment to improving healthcare and mental health supports across our province.

Above all, Kim hopes to be a strong local voice for the people who call Ladysmith and Oceanside home, listening to constituents, understanding the issues affecting their everyday lives, and ensuring their concerns are represented in Victoria.",,,,"Nonprofit founder (Butterfly Support Network), small business owner and former educator from Qualicum Beach. Her profile says she is running because many British Columbians no longer feel represented, and presents CentreBC as a 'balanced middle' focused on public services, fiscal responsibility, economic growth and better healthcare and mental health supports.",strong public services;fiscally responsible government;economic growth;socially inclusive values;healthcare and mental health supports;education/special education and inclusion;local voice for Ladysmith and Oceanside,Kim chose to run because she believes many British Columbians no longer feel politically represented by the choices available to them.,Bio column of candidates_input_2026-10-04.csv (CentreBC profile text; https://www.centrebc.ca/our-team/kim-lockhart/ now returns 404),,,,,,,,,,https://nanaimonewsnow.com/2026/10/01/challengers-added-for-nanaimo-oceanside-ridings-in-provincial-election/
Kris McNichol,Conservative Party,Ladysmith-Oceanside,No,"Kris McNichol is the BC Conservative candidate for Ladysmith-Oceanside.

Kris and his wife, Sheryl, have made their home in the Parksville and Nanoose Bay area for more than 30 years. They raised three daughters in the community and are now grandparents.

For the past 25 years, Kris and Sheryl have built and run CPI Equipment, a Nanoose Bay-based pumps, piping and water systems business serving homes, farms and aquaculture operations across the region. Growing the company from the ground up has given Kris a firsthand understanding of what it takes to meet a payroll, cut through red tape and keep good jobs in the community.

Kris has spent as much time giving back as he has building his business. He coaches the Rage softball team, serves as president of the Oceanside Minor Softball Association, and previously led the Sproat Lake Water Sports Association. He is also a volunteer firefighter.

Kris ran for the federal Conservatives in Courtenay-Alberni in 2025, an experience that sharpened his sense of the challenges families across the Island face: the rising cost of housing and everyday life, strain on the healthcare system, worsening public safety, and a regulatory burden that makes it harder to run a business. He’s running provincially with the same message: government spending needs to be accountable, and leadership needs to focus on results.",,,,"Vancouver Island business owner with more than 25 years building companies. He was the federal Conservative candidate in Courtenay-Alberni in 2025. His party profile says he wants more people to have a family doctor, seniors cared for close to home, safer communities, a realistic chance at a home for young families, less red tape for business, and careful use of tax money.",family doctors and seniors' care close to home;community safety;housing affordability for young families;cutting red tape and costs for local business;careful use of tax money,"For Kris, this isn’t about pretending government can fix everything. It’s about dealing with the problems that are right in front of us, being straight with people about what can and can’t be done, and then getting to work.",https://conservativebc.ca/candidate/kris-mcnichol/,,,,,,,,,,https://nanaimonewsnow.com/2026/10/01/challengers-added-for-nanaimo-oceanside-ridings-in-provincial-election/ ; https://cheknews.ca/all-vancouver-island-candidates-for-the-2026-b-c-election-1351308/
Charlene Smylie,Green Party,Ladysmith-Oceanside,No,,,,,"No individual pitch found. CHEK News lists only the BC Greens' party plan for her: affordability through housing, free transit, child care and stronger income supports, plus wider access to health and mental health care.",(party plan per CHEK) housing;free transit;childcare;income supports;health and mental health care access,,,,,,,,,,,,https://bcballot.ca/ridings/ladysmith-oceanside/charlene-smylie/
Stephanie Higginson,New Democratic Party (NDP),Ladysmith-Oceanside,Yes,"On your side in Ladysmith-Oceanside.

Twice-elected to the Nanaimo-Ladysmith Board of Education, Stephanie Higginson is also a past president of the BC School Trustees’ Association.

She and her family have lived in the Ladysmith-Oceanside area since 2010, where she and her husband raise their two children on a small farm in Cedar. She knows that families in BC need strong public services, and a government that’s dedicated to making life easier. Stephanie knows that BC is strong when our public services are strong.

Stephanie, David Eby and the BC NDP are on your side, delivering strong public services, good jobs, and a strong and clean economy. You can count on them to work hard for you.",,,,"Incumbent MLA since 2024 and Parliamentary Secretary for Primary Care Access, and a former Nanaimo-Ladysmith school trustee. She says she is running again so the riding has a strong voice through the current uncertainty, focusing on protecting jobs, supporting families, and healthcare and public services. She announced her run in a social media video.",protecting good jobs;supporting families;healthcare (primary care access);strong public services;bringing down costs (party message),"I’m running again because Ladysmith-Oceanside deserves a strong voice as we navigate the uncertainty ahead: protecting good jobs, supporting families and making sure people can count on the healthcare and services they need.",https://nanaimonewsnow.com/2026/09/26/trio-of-nanaimo-oceanside-mlas-running-for-re-election/,,https://www.facebook.com/ladysmithoceansidebcndp,https://www.instagram.com/lao_ndp,,,,,,,https://stephaniehigginson.bcndp.ca ; https://www.facebook.com/ladysmithoceansidebcndp ; https://www.instagram.com/lao_ndp ; https://pqbnews.com/2026/09/24/pqb-area-mlas-announce-run-in-oct-24-provincial-election/
Sean Flynn,CentreBC,Langford-Highlands,No,"Sean Flynn is the CentreBC candidate for Langford-Highlands.

A longtime Langford resident, husband and father of three, Sean understands the pressures facing families across the West Shore, from rising housing and living costs to strained infrastructure and the challenge of building a secure future in British Columbia.

Sean served for 13 years in the Royal Canadian Navy as a Naval Warfare Officer. His military career developed a practical approach to leadership grounded in service, accountability and making difficult decisions under pressure.

After leaving the Navy, Sean worked as a Senior Technical Trainer with Lockheed Martin Canada. He subsequently entered the capital-markets sector and now holds senior leadership positions with Canadian public companies, serving as Chief Executive Officer and a director of Avventura Resources Ltd. and as Chief Operating Officer and a director of Planet Green Metals Inc. He is also Head of Project Management with Mid Atlantic Capital Associates Ltd.

Through these roles, Sean has gained direct experience managing organizations, raising capital, working within complex regulatory systems and confronting the real-world challenges faced by businesses trying to operate and grow in British Columbia.

Sean believes government must remember that it serves the public not the other way around. He is running to bring disciplined, practical leadership to the Legislature and to advocate for responsible public finances, a stronger economy, attainable housing and essential services that keep pace with the West Shore’s rapid growth.

He joined CentreBC because he believes British Columbians deserve a pragmatic alternative: economically responsible, socially inclusive and focused on delivering results rather than deepening political divisions.",,,,"Longtime Langford resident, former Royal Canadian Navy officer (13 years), and a capital-markets executive. His CentreBC profile says he is running to bring 'disciplined, practical leadership,' with a focus on responsible public finances, a stronger economy, attainable housing, and services and infrastructure that keep up with West Shore growth.","responsible public finances;stronger economy;attainable housing;services and infrastructure keeping pace with West Shore growth;pragmatic, less divisive politics",Sean believes government must remember that it serves the public not the other way around.,https://www.centrebc.ca/our-team/sean-flynn/,,,,,,,,,,https://cheknews.ca/all-vancouver-island-candidates-for-the-2026-b-c-election-1351308/
Christian McCay,Christian Heritage Party,Langford-Highlands,No,,,,,"Provincial leader of the Christian Heritage Party of BC since Oct 2025. On the party's candidates page he presents himself as a grassroots organizer. He cites his early opposition to SOGI 123 in schools, organizing during COVID, advocacy for independent schools, and work with people experiencing homelessness, and he promises to hold government accountable.",strong families/parental rights;opposition to SOGI 123;government accountability;individual freedoms;independent school funding;help for people experiencing homelessness,"I will always be a grassroots organizer, bringing people together, amplifying their voices and holding government accountable.",https://www.chpbc.ca/candidates-2026/,,,,,,,,,,https://www.chpbc.ca/chp-bc-elects-a-new-provincial-leader/ ; https://cheknews.ca/all-vancouver-island-candidates-for-the-2026-b-c-election-1351308/
Cindy Scott,Conservative Party,Langford-Highlands,No,"Cindy Scott is the Conservative Party of BC candidate for Langford–Highlands.

A community builder, Langford business owner and woman in the trades, Cindy has built her life around family, hard work, and a deep connection to her community. For more than two decades, Cindy has owned and operated KC Custom Designs Ltd., a Langford-based home building and renovation company. Her experience in construction and business has shaped a practical approach to leadership– focused on problem-solving, sound decision-making, and accountability.

Cindy and her husband of 32 years, a local firefighter, have raised their family with a strong appreciation for service, responsibility, and giving back. Her role as a mother and grandmother has also influenced how she thinks about the opportunities and quality of life being created for the next generation.

Giving back has always been an important part of Cindy’s connection to the community. She created The Holiday Home Tour at Bear Mountain, which ran for five years, with 100% of the proceeds going to vital community services, including The Goldstream Food Bank.

Cindy believes meaningful representation begins with listening. Her campaign takes a grassroots, community-focused approach, centered on staying connected to the people of Langford–Highlands and understanding the issues that affect their families and businesses. Her priorities include greater government accountability, improved access to healthcare, making life more affordable, and strengthening public safety. Cindy is committed to practical solutions that reflect the needs and priorities of the people she hopes to represent.",,,,"Langford business owner (KC Custom Designs, home building and renovation) and a woman in the trades. She created the Bear Mountain Holiday Home Tour fundraiser. Her profile describes a grassroots campaign with priorities on government accountability, healthcare access, affordability and public safety.",government accountability;access to healthcare;affordability;public safety,Cindy believes meaningful representation begins with listening.,https://conservativebc.ca/candidate/cindy-scott/,,,,,,,,,,https://cheknews.ca/all-vancouver-island-candidates-for-the-2026-b-c-election-1351308/
Christopher Moon,Green Party,Langford-Highlands,No,"Christopher Moon is a public servant, union supporter and longtime Vancouver Island resident who has lived in Langford with his husband and two dogs since 2021. Born and raised in Victoria, he cares deeply about the future of the West Shore and British Columbia’s coastal environment.

Christopher has more than nine years of experience with the Ministry of Forests and BC Wildfire Service, where he has worked in financial administration, payroll and team leadership in a complex, fast-moving emergency-services environment. He has progressed from an entry-level clerical role to Provincial Payroll Lead and is experienced in working under pressure, managing complex systems and supporting diverse teams.

While working full-time with BC Wildfire, Christopher earned a Diploma in Public Administration from Camosun College. His leadership has also been recognized with a BC Wildfire Service Emerging Leader Award.

The rising cost of housing, groceries and everyday necessities is a major reason Christopher decided to run. He believes government should prioritize accessible public services, economic security for working people and long-term planning over short-term solutions.

Christopher is also concerned about political division and the spread of misinformation. He believes people should be able to work together even when they disagree and that public service should remain focused on practical solutions for the communities government represents.

Christopher is running in Langford-Highlands to bring his experience in public administration, emergency services and team leadership to the Legislature, with a focus on affordability, strong public services and responsible environmental stewardship.",,,,"Public servant with more than nine years at the Ministry of Forests/BC Wildfire Service (Provincial Payroll Lead) who lives in Langford. He says rising housing and grocery costs pushed him to run. His focus is affordability, strong public services and environmental stewardship, and he also stresses cooperation across political divides and fighting misinformation.","affordability (housing, groceries);accessible public services;economic security for working people;long-term planning;environmental stewardship;reducing political division and misinformation","We can talk even if we disagree, and I truly believe government can be a force for good.",https://bcgreens.ca/candidates-2026/christopher-moon/,,https://facebook.com/ChristopherMoonForLagnfordHighlands,https://www.instagram.com/greenpartybc/,,,,,,,https://facebook.com/ChristopherMoonForLagnfordHighlands
Ravi Parmar,New Democratic Party (NDP),Langford-Highlands,Yes,"Ravi Parmar: Fighting for people in Langford-Highlands

Ravi Parmar was elected as an MLA in 2023, and was the youngest representative in the 43rd Legislative Assembly. He has a long record of standing up for people, and getting results.

In government, he served as Minister of Forests, standing on the front line as the country grappled with Donald Trump’s attacks on our forest industry. Prior to provincial politics, he was Chair of the Sooke School Board, where he worked with John Horgan and the BC NDP government to deliver the largest expansion of public schools in the district’s history.

In the 2024 election, Ravi Parmar and David Eby committed to build a new secondary school in north Langford - and they have delivered. Construction is set to begin in 2027 on a new 2,000 seat school - the largest investment in education the community has ever seen.

The BC Conservatives might be ready to cozy up to Trump and cut the services you count on. But Ravi Parmar, David Eby and the BC NDP have a plan: stand up for BC and Canada, protect what matters, and build a strong economy, independent of the United States.

The plan is showing results. We need to keep going.",,,,"Incumbent MLA (first elected 2023) and former Minister of Forests, previously chair of the Sooke School Board. His campaign page highlights the delivery of a promised 2,000-seat secondary school in north Langford (construction set for 2027). It frames the race as standing up to Trump and protecting services against Conservative cuts.","new 2,000-seat north Langford secondary school;schools/education;standing up to Trump and protecting the forest industry;protecting services from cuts (party message);economy independent of the US (party message)","In the 2024 election, Ravi Parmar and David Eby committed to build a new secondary school in north Langford - and they have delivered.",https://raviparmar.bcndp.ca,,https://www.facebook.com/rparmarBC,https://www.instagram.com/rparmarbc/,https://x.com/rparmar_BC,,,,,,https://www.facebook.com/rparmarBC ; https://www.instagram.com/rparmarbc/ ; https://x.com/rparmar_BC ; https://www.bcndp.ca/releases/taking-action-you-and-your-family-ravi-parmar-your-bc-ndp-candidate-langford-highlands (2024 release)
Alex Thurlborn,Independent / no party,Langford-Highlands,No,,,,,No individual pitch found. CHEK says only that he is an Independent running for elected office for the first time.,,,,,,,,,,,,,https://bcballot.ca/ridings/langford-highlands/alex-thurlborn/
Harman Bhangu,Conservative Party,Langley-Abbotsford,Yes,"Harman Bhangu is the MLA for Langley–Abbotsford and serves as the BC Conservative Shadow Minister for Transportation. First elected to the Legislative Assembly in 2024, he is a strong advocate for working families, economic growth, public safety, and the industries that have helped build British Columbia.

Before being elected to the Legislature, Harman helped rebuild the Conservative Party of British Columbia. Elected Vice-President at the party’s 2022 Annual General Meeting, he also served as Regional Director for Surrey. That same year, he ran as the Conservative candidate in the Surrey South by-election, helping re-establish the party’s presence and increasing its support to nearly 13 percent in just three weeks.

Raised in a hardworking family, Harman developed a deep appreciation for the people who keep the province moving. His family has deep roots in trucking, aggregate hauling, road building, construction, and forestry. His father worked in trucking, mills, and industrial jobs across British Columbia, giving Harman firsthand insight into the importance of resource industries, transportation, skilled trades, and the men and women who build the province. Those experiences continue to shape his commitment to protecting family-supporting jobs.

In the Legislature, Harman has been a vocal advocate for improving transportation infrastructure, reducing barriers to investment, supporting responsible resource development, and restoring affordability for British Columbians. He regularly speaks on issues affecting workers, small businesses, agriculture, and economic growth.

Outside the Legislature, Harman is actively involved in his community, attending local events, supporting service organizations, and meeting with residents, businesses, and community leaders across Langley and Abbotsford. He believes effective representation begins with listening and ensuring local voices are heard in Victoria.

Harman remains committed to practical solutions that create jobs, strengthen communities, and grow British Columbia’s economy.",https://www.youtube.com/watch?v=LYaRpJ8sgko,What’s going on with the BC Conservatives? | With Harman Bhangu (Daniel Harrington),2026-10-01,"Incumbent MLA (elected 2024) and Conservative transportation critic, with a family background in trucking, construction and forestry. His party profile says he pushes for better transportation infrastructure, fewer barriers to investment, responsible resource development and affordability. In a Sep 2026 interview he said the riding is 'fully ready to go' and called the snap election an NDP attempt to cling to power.","transportation infrastructure;reducing barriers to investment;responsible resource development;affordability;family-supporting jobs (trades, trucking, forestry, agriculture);public safety","Harman remains committed to practical solutions that create jobs, strengthen communities, and grow British Columbia’s economy.",https://conservativebc.ca/candidate/harman-bhangu/,,https://www.facebook.com/harman.bhangu.54390876/,https://www.instagram.com/harmanbhangubc/,https://x.com/HarmanBhanguBC,,,,,,https://www.facebook.com/harman.bhangu.54390876/ ; https://www.instagram.com/harmanbhangubc/ ; https://x.com/HarmanBhanguBC ; https://aldergrovestar.com/2026/09/22/langley-mlas-react-to-snap-election-call/ ; https://votemate.org/bc2026provincial/candidates/14715
Melissa Snazell,Green Party,Langley-Abbotsford,No,,,,,"No individual 2026 pitch found. She was the Green candidate here in 2024 (5.6%) and ran federally in 2025. Her website melissasnazell.com is only a template with placeholder text, and her BC Greens candidate page now returns 404.",,,,,,,,,,,,,https://www.melissasnazell.com/
Alex Joehl,Libertarian,Langley-Abbotsford,No,,,,,"BC Libertarian Party leader and a repeat candidate (provincially in 2017, 2020 and 2024). He is a grocery meat department manager in Langley. His party profile lists housing affordability (cut taxes and regulation that hold back homebuilding), radical healthcare change, and tax reform (a $50,000 personal exemption, scrapping energy and excise taxes, phasing out the property transfer tax).","housing affordability via fewer taxes/regulations;healthcare reform;raise personal tax exemption to $50,000;scrap energy and excise taxes;phase out Property Transfer Tax over four years;smaller government",What really drives this passion for civic engagement is the desire to be an option on the ballot for those that otherwise would have no one to identify with; to be a voice for those that aren’t being heard.,https://libertarian.bc.ca/2026-candidates/,,,,,,,,,,https://fraservalleytoday.ca/2026/10/04/ndp-libertarians-onebc-field-candidates-for-langley-and-abbotsford-ridings/
Erin Osborne,New Democratic Party (NDP),Langley-Abbotsford,No,,,,,No individual pitch found. She appears on the Elections BC list as the NDP candidate. As of Oct 4 the Aldergrove Star said the NDP hadn't announced a Langley-Abbotsford candidate.,,,,,,,,,,,,,
Shelly Jan,OneBC,Langley-Abbotsford,No,,,,,"Career teacher with a Master's in Education. She ran in 2020 and was twice nominated here in 2024 before withdrawing. According to Fraser Valley Today, her priorities are responsible governance, school and healthcare capacity, removing SOGI 123, repealing DRIPA and protecting farmland.",responsible provincial governance;school capacity;healthcare capacity;remove SOGI 123;repeal DRIPA;protect farmland,"Langley-Abbotsford deserves a strong voice who respects residents, stands up for the community, and demands accountability from the government of British Columbia.",https://fraservalleytoday.ca/2026/10/04/ndp-libertarians-onebc-field-candidates-for-langley-and-abbotsford-ridings/,,,,,,,,,,
Kyle Stevenson,CentreBC,Langley-Walnut Grove,No,,,,,No individual pitch found.,,,,,,,,,,,,,
Misty Van Popta,Conservative Party,Langley-Walnut Grove,Yes,"Deeply Rooted in Langley

Misty is a Langley native, having grown up and raised her two daughters in various parts of the community. Her lifelong connection to Langley fuels her passion for advocating and serving its residents. From her early years, she’s been actively involved, and served as a Municipal Councillor for the Township of Langley.

Leadership and Community Focus

Elected in 2022 as part of the ‘Contract With Langley’ team alongside Mayor Eric Woodward, Misty brings a strong focus on community engagement. She actively contributes on regional boards like Metro Vancouver’s Water Committee and previously served on their Climate Action Committee. Misty‘s past roles include the Township’s Heritage Advisory Committee, the Langley Christian School Society, and the Fort Langley Business Association.

Building a Strong Community

Beyond her political role, Misty is a seasoned project management professional in construction. Her education from SFU and PMP designation make her a valuable asset. She actively contributes to building much-needed housing and possesses a deep understanding of urban planning challenges, financial implications, and risks associated with housing development. Misty‘s prior experience as a small business owner and in the pharmaceutical software industry further broadens her perspective.

Driven to Serve

A proven leader and high achiever, her top priority is serving her community, family, and friends. As a Councillor, she’s known for her logical approach, thoughtful consideration, and long-term vision. Overcrowding in schools, a lack of investment in health care, no investment in transit or transportation, and provincial legislation that has negatively impacted the community inspired Misty to put her name forward for the 2024 election and win.",,,,"Incumbent MLA (2024), former Township of Langley councillor, and a construction project manager. Her party profile says she ran over school overcrowding, a lack of health care investment, no transit or transportation investment, and provincial legislation that hurt the community. She called the snap election 'opportunistic.'",school overcrowding;health care investment;transit and transportation investment;housing/urban planning;opposing provincial overrides of local government,"It’s opportunistic, it’s disrespectful to many candidates across British Columbia.",https://aldergrovestar.com/2026/09/22/langley-mlas-react-to-snap-election-call/,,https://www.facebook.com/Misty.VanPopta.for.langley,https://www.instagram.com/misty.vanpopta/,https://x.com/MistyVanPopta,,,,,,https://www.facebook.com/Misty.VanPopta.for.langley ; https://www.instagram.com/misty.vanpopta/ ; https://x.com/MistyVanPopta
Sam Meyer,Green Party,Langley-Walnut Grove,No,,,,,No individual pitch found.,,,,,,,,,,,,,https://bcballot.ca/ridings/langley-walnut-grove/sam-meyer/
Holly Isaac,New Democratic Party (NDP),Langley-Walnut Grove,No,"Building BC strong in Langley-Walnut Grove

Holly is no stranger to fighting for people. As the 1st Vice-President of the local executive of the Canadian Union of Postal Workers, she served as the local media contact during their time on the picket lines, and she has served on the regional disciplinary committee.

Born in Surrey and raised in Langley, Holly grew up in the riding of Langley Township-Fraser Heights. Her family has lived in North Langley for 32 years, where she’s happy being surrounded by the rich history, beautiful mountains, and incredible farms and one of a kind restaurants and cafes. When she isn’t working, Holly loves to sing, read, cross-stitch, and spend time with her dog, Zoey.

Holly Isaac, David Eby and the BC NDP have a plan to build a stronger province - by creating jobs, strengthening healthcare, and making life more affordable.",,,,"Canada Post letter carrier and former 1st vice-president of her local Canadian Union of Postal Workers, raised in Langley. She ran federally in 2025. She says she's running because workers and families need a government that protects good jobs and strengthens public healthcare during Trump's trade war.",protecting good jobs;strengthening public healthcare;response to US trade war;affordability (party message),"I’ve spent my working life listening to people who keep our communities running. I’m running with the BC NDP because workers and families need a government that listens, protects good jobs and strengthens public healthcare, especially as Donald Trump’s trade war creates more uncertainty for B.C.",https://aldergrovestar.com/2026/10/04/ndp-name-candidate-in-langley-walnut-grove/,,,,,,,,,,https://fraservalleytoday.ca/2026/10/04/ndp-libertarians-onebc-field-candidates-for-langley-and-abbotsford-ridings/
Jody Toor,Conservative Party,Langley-Willowbrook,Yes,"Leading Holistic Healthcare in Langley-Willowbrook

As a dedicated community servant and advocate for holistic health care, we are proud to have Jody Toor as our MLA for Langley-Willowbrook. Born in Langley, Jody has deep roots in the community and has been running her own integrative holistic clinic in Langley.

In addition to her professional work, Jody is a devoted mother to her two beautiful daughters Nya & Jaya wife to Dr. Charn Toor who has his Optometry clinic in Walnut Grove, balancing the demands of family life with passion for helping others.

Jody Toor holds a double PhD in Doctor of Integrative Medicine and Doctor of Humanitarian Services with the Board Of Integrative Medicine, non-prescribing and is not registered with the College of Physicians and Surgeons of British Columbia. Jody’s academic achievements, have provided her with a strong foundation in healthcare, mental health, social services, and advocacy. dedicated to using this knowledge and expertise to address the complex challenges facing our community and to promote policies that support the health and well-being of all individuals.

As a breast cancer survivor, Jody has  experienced firsthand the physical, emotional, and financial toll that serious illness can take on individuals and their families. This personal journey has deepened her commitment to advocating for comprehensive healthcare policies that prioritize prevention, early detection, and holistic approaches to wellness.

With a strong background in healthcare, and personal health journey, community service, and academic achievement, Jody is ready to bring her unique perspective and dedication to public office.

In her role as a community worker with local food banks, and different charity groups, she has witnessed the impact of health disparities and the importance of access to nutritious food in promoting overall well-being. This experience has reinforced her belief in the interconnectedness of health, social justice, and community support.

As your Conservative Party of BC MLA for Langley-Willowbrook, Jody believes that her unique combination of personal experience, professional expertise, and community involvement, positions her to be a strong advocate for healthcare reform and social justice. Jody is committed to championing policies that prioritize the well-being of all individuals, especially those facing health challenges and other adversities. Jody is excited about the opportunity to serve her community and to work towards a more inclusive, healthier and common sense future for all.",,,,"Incumbent MLA (2024), Langley-born owner of an integrative holistic clinic, and a breast cancer survivor. Her party profile presents her as an advocate for healthcare reform focused on prevention, early detection and holistic wellness, as well as social justice and food security. As MLA she sponsored a private member's bill for a perinatal and postnatal mental health strategy (Bill M204) and questioned the government on public safety.","healthcare reform (prevention, early detection, holistic wellness);perinatal/postnatal mental health strategy (Bill M204);public safety;food security and community support","Jody is committed to championing policies that prioritize the well-being of all individuals, especially those facing health challenges and other adversities.",https://conservativebc.ca/candidate/jody-toor/,,https://www.facebook.com/Jody.Toor.MLA,https://www.instagram.com/mla_jodytoor/,https://x.com/ToorJody,,,,,,https://www.facebook.com/Jody.Toor.MLA ; https://www.instagram.com/mla_jodytoor/ ; https://x.com/ToorJody
Andrew Mercier,New Democratic Party (NDP),Langley-Willowbrook,No,,,,,"Former Langley MLA (2020–24) and minister of state, labour lawyer, and ex-executive director of BC Building Trades, in a rematch with Jody Toor. He says working people are feeling US tariffs and need a government that backs them, with a plan to support workers and businesses, grow new markets and protect services.",response to US tariffs;supporting workers and businesses;growing new markets for BC products;protecting public services,"Working people in Langley and across BC are feeling the impacts of US tariffs right now, and they need a government that has their backs.",https://langleyadvancetimes.com/2026/09/25/mercier-runs-again-for-ndp-in-langley-willowbrook/,,,,,,,,,,https://andrewmercier.bcndp.ca
Shubham Joshi,OneBC,Langley-Willowbrook,No,"For over 20 years, my life’s work has been about listening, caring, and helping people thrive. As a long-time resident, a registered physiotherapist, and a Clinical Instructor in the Faculty of Medicine at UBC, I’ve dedicated my career to public service, health advocacy, and education. My journey has always been guided by a profound desire to give back to the community that has given my family so much. Now, I am stepping forward to bring those exact values of gratitude and service to Victoria as your Member of the Legislative Assembly (MLA) in the upcoming provincial election on Saturday, October 24, 2026.

As a university educator, I have the privilege of teaching and mentoring students in the Master of Physical Therapy program at UBC. It’s a role that demands deep institutional knowledge, trust, and a commitment to strong family values—the very principles of hard work, mutual respect, and community care that my family and I hold dear. Beyond the classroom and clinic, my commitment to giving back to society is woven into my daily life. Whether I am supporting my son’s local soccer team, spearheading vital community projects, or collaborating within our diverse local social and community networks, I believe that building a stronger province starts with being actively engaged right here at home.

In my clinical practice and community work, I sit down with ordinary people every single day. Because I am on the ground, I understand the complex, interconnected systems driving the real pressures facing our local families. True public service requires both a compassionate heart and a knowledgeable, evidence-based approach to governance. For an everyday family, it isn’t about big political debates—it’s about practical solutions to counter the rising cost of groceries under historic inflation, policy reforms to address the skyrocketing cost of housing, and strategic investments to alleviate the stress of gridlock because our regional infrastructure and transit connectivity haven’t kept pace with our community’s rapid growth.

My journey has allowed me to care for patients at every level, from local moms, dads, and grandparents to elite athletes on the world stage as a National Team Physiotherapist. Speaking English, Hindi, Gujarati, and Punjabi allows me to connect with the beautiful, vibrant fabric of our community, ensuring every family and local entrepreneur has a voice.

I am running for MLA because I want to ensure that our community remains a safe, affordable, and vibrant place to raise a family and grow a business. I will bring the heart of a caregiver, the analytical knowledge of a clinician, and the accountability of an educator to the legislature to look out for you. Let’s work together to build a healthier, stronger, and more equitable future for our families. This October 24, I ask for your support to build a better British Columbia.",,,,"Registered physiotherapist, UBC clinical instructor and former national team physiotherapist who speaks English, Hindi, Gujarati and Punjabi. His OneBC page pitches practical solutions on grocery costs, housing costs and traffic gridlock, with transit and infrastructure keeping pace with growth, and a safe, affordable community.",grocery costs/inflation;housing affordability;traffic gridlock and regional infrastructure/transit;healthcare;community safety,"I will bring the heart of a caregiver, the analytical knowledge of a clinician, and the accountability of an educator to the legislature to look out for you.",https://1bc.ca/candidates/sjoshi,,,,,,,,,,
Lawrence Mok,Conservative Party,Maple Ridge East,Yes,"About Lawrence:

Elected as Conservative MLA for Maple Ridge East in 2024, Dr. Lawrence Mok, together with his wife and two young children, moved to Canada from Singapore in 1988. He and his family have lived in Maple Ridge for over 30 years, where he enjoys the outdoor life, including the Golden Ears Mountains, glacier lakes, and beautiful rivers. In his spare time, Lawrence likes to go for walks on the river dykes, go cycling, visit friends, or relax with a good book.

Education and Memberships:

Lawrence attended universities in both Canada and America, earning nine degrees, including a Bachelor of Applied Science & Technology, Bachelor of Electrical Engineering, Master of Business Administration, Master of Arts in Religion, Master of Divinity, Master of Theology, Doctor of Religious Studies, Doctor of Business Administration, and Doctor of Philosophy in Business Administration.

He is a Life Member of The Institute of Electrical and Electronics Engineers (USA), a Fellow Member of The Institution of Engineering and Technology (UK), a Fellow Member of The Chartered Management Institute (UK), and an Associate Member of the Evangelical Theological Society (USA). Additionally, Lawrence is a Registered Applied Science Technologist (British Columbia, Canada), a Registered Incorporated Engineer (UK), and a Chartered Manager (UK).

Professional Experience:

Lawrence has over 30 years of experience in the manufacturing, installation, sales, and services of overhead cranes, crane components, and hoists in British Columbia, serving industries such as manufacturing, steel production, sawmills, lumber mills, steel and stone & marble warehouses, construction, mining, oil & gas, recycling, and water and waste treatment plants. He also conducts overhead crane operator safety training seminars. Lawrence has also taught business management courses as a guest lecturer at universities in Canada, China, and North Africa, and he preaches part-time at several local churches.

Community Involvement:

Lawrence has been an active volunteer at the Maple Ridge Salvation Army Church, serving in various capacities over the years. His dedication to community service reflects his commitment to addressing local issues and improving the quality of life for all residents.

Political Vision:

When Lawrence first moved to Maple Ridge 35 years ago, it was a quiet town. Over the past two decades, Maple Ridge and Mission have grown rapidly, bringing challenges such as homelessness, poverty, drugs, long wait times at hospital emergency departments, rising crime rates, and a lack of recreational facilities and employment opportunities.

As a longtime resident of Maple Ridge, Lawrence understands the needs and aspirations of Maple Ridge and Mission residents.

In addition, Lawrence supports the Conservative Party of BC’s common-sense approach to scrapping the carbon tax, building pipelines, lowering taxes, balancing the budget, cracking down on violent crime, and reducing wait times for medical treatment. MLA Lawrence Mok is leveraging his extensive experience and skills to serve the residents of Maple Ridge East effectively.",,,,"Incumbent MLA (2024), with 30+ years in the overhead-crane industry, and a part-time preacher. His party profile names local problems from rapid growth (homelessness, drugs, long ER waits, rising crime, too few recreation facilities and jobs) and backs the party's platform. In 2024 he campaigned on hiring more doctors and reducing ER waits.","homelessness, drugs and crime;ER wait times/more doctors;recreation facilities and jobs;lower taxes and balanced budget (party message);scrap carbon tax, build pipelines (party message)","Over the past two decades, Maple Ridge and Mission have grown rapidly, bringing challenges such as homelessness, poverty, drugs, long wait times at hospital emergency departments, rising crime rates, and a lack of recreational facilities and employment opportunities.",https://conservativebc.ca/candidate/lawrence-mok/,,https://www.facebook.com/profile.php?id=61567147475919,https://www.instagram.com/lawrencemok_mla/,https://x.com/LawrenceMok_,,,,,,https://www.facebook.com/profile.php?id=61567147475919 ; https://www.instagram.com/lawrencemok_mla/ ; https://x.com/LawrenceMok_ ; https://mapleridgenews.com/2026/09/29/school-board-trustee-running-for-ndp-in-maple-ridge-east/
Daniel Kite,Green Party,Maple Ridge East,No,"Daniel Kite is a public school teacher, union advocate and Maple Ridge resident who has spent the past several years working with students, colleagues and families in the community. He currently teaches Social Studies, English and Student Leadership in School District 42.

Daniel holds a Bachelor of Arts (Honours) in English and Political Science and a Bachelor of Education from the University of Toronto, where he graduated with high distinction. Before returning to Canada, he spent seven years teaching internationally in China, Egypt and Russia, experiences that strengthened his belief in the importance of building connections across cultures and communities.

After moving to Pitt Meadows in 2020, Daniel began working with School District 42. In his first year in the district, he taught with Katzie First Nation before moving into elementary and secondary school settings. He has lived in Maple Ridge since 2023.

Daniel has also been active with the Maple Ridge Teachers’ Association, serving as a staff representative, participating in staff committees and supporting social justice work within the union. He has taken part in British Columbia Teachers’ Federation events and, in 2024, participated in the Teachers Institute on Canadian Parliamentary Democracy.

As a father of a young child with another on the way, Daniel is focused on the long-term future of families in British Columbia. His priorities include affordability, stronger care systems, support for workers and communities and an energy and industrial strategy that considers both people and the environment.

Daniel is running in Maple Ridge East to bring his experience in education, community leadership and advocacy into public service and to work toward long-term solutions for the challenges facing families and communities across the province.",,,,"School District 42 teacher, Maple Ridge Teachers' Association representative and young father who previously taught in China, Egypt and Russia. His priorities are affordability, stronger care systems, support for workers and communities, and an energy and industrial strategy that weighs both people and the environment.",affordability;stronger care systems;support for workers and communities;energy and industrial strategy balancing people and environment;education,Our province needs bold change for our families to live together in a just and joyful BC.,https://bcgreens.ca/candidates-2026/daniel-kite/,,https://www.facebook.com/KiteForMRE/,https://www.instagram.com/kiteformre,https://x.com/KiteForMRE,https://www.linkedin.com/in/daniel-kite-5abb43439/,https://bsky.app/profile/kiteformre.bsky.social,https://www.tiktok.com/@kiteformre,,,https://www.facebook.com/KiteForMRE/ ; https://www.instagram.com/kiteformre ; https://x.com/KiteForMRE ; https://www.tiktok.com/@kiteformre ; https://bsky.app/profile/kiteformre.bsky.social ; https://www.linkedin.com/in/daniel-kite-5abb43439/
Hudson Campbell,New Democratic Party (NDP),Maple Ridge East,No,"Building a stronger Maple Ridge East

Hudson Campbell is a School Trustee for School District 42, but his community involvement began long before that.

He was a founding member of UPlan with the City of Maple Ridge, served as President of the Maple Ridge Climate Hub, and was Director of Protocol for the 2024 BC Summer Games. Growing up attending local schools, he also chaired the District Student Advisory Council.

Hudson knows government choices directly shape the lives of British Colombians, from public education and health care to creating good jobs here in BC.

He is running to be a strong voice for his neighbours in Maple Ridge East, and to build a sustainable community where every senior, young person, and family can afford to live, work and build a good life.

Hudson Campbell, David Eby and the BC NDP have a plan to create jobs, strengthen healthcare and make life more affordable.",,,,"24-year-old SD42 school trustee and former constituency advisor to Lisa Beare. He says real change in education has to come from the province, and he promises more school seats, a modern health care facility for Maple Ridge/Mission, and action on Lougheed Highway and Dewdney Trunk traffic. He urges voters to give young people a chance.","more school seats in a growing district;modern hospital/health care facility upgrade;traffic on Lougheed Hwy and Dewdney Trunk Rd;affordability for seniors, youth and families;jobs and healthcare (party message)","Our community deserves a modern health care facility, and I will definitely work for that.",https://mapleridgenews.com/2026/09/29/school-board-trustee-running-for-ndp-in-maple-ridge-east/,,https://www.facebook.com/hudson.campbell.mr,https://www.instagram.com/hudson.campbell.mr,https://x.com/hudson_camp3?s=20,,,,,,https://hudsoncampbell.bcndp.ca ; https://www.facebook.com/hudson.campbell.mr ; https://www.instagram.com/hudson.campbell.mr ; https://x.com/hudson_camp3
Chris Hatchwell,Independent / no party,Maple Ridge East,No,,,,,No individual pitch found.,,,,,,,,,,,,,
Jordan Simmons,CentreBC,Maple Ridge-Pitt Meadows,No,"Jordan Simmons is the co-founder and CEO of Nominee, a global technology platform and social enterprise empowering and equipping governments, political organizations and aspiring leaders with professional development and mentorship in governance, public policy and political leadership. He’s worked with elected officials, public institutions and NGOs around the world to promote and defend democracy and civic engagement while reimagining political leadership to solve the most pressing challenges of our time.

A leader in the tech sector for more than a decade, Jordan has worked for organizations ranging from multinational corporations to early-stage startups. Previously, he served as a senior advisor to several BC cabinet ministers, including the Minister of Community, Sport and Cultural Development, and the Minister of State for Seniors.

Sign up to stay informed and receive news from CentreBC:",,,,"Co-founder and CEO of Nominee (a governance and leadership tech platform), a former senior advisor to BC cabinet ministers, and a west Maple Ridge resident. His profile says the area needs transportation, infrastructure and schools that keep up with growth, reliable health care, and a compassionate but effective response to public safety, homelessness and addiction.","transportation and infrastructure;schools keeping up with growth;reliable access to health care;public safety, homelessness and addiction response;BC as best place to live, work and invest","As an entrepreneur and business owner, he wants BC to be the best place in Canada to live, work and invest.",https://www.centrebc.ca/our-team/jordan-simmons/,,,,,,,,,,
Doug Morneau,Conservative Party,Maple Ridge-Pitt Meadows,No,"Doug Morneau is the Conservative Party of BC candidate for Maple Ridge-Pitt Meadows.

Doug has lived in Maple Ridge for eight years with his wife, Heather. They have three adult children and five grandchildren. Faith, family and community service guide everything Doug does, and he and Heather train together three mornings a week in strength training and Olympic weightlifting.

Doug knows how public money gets spent, and how to ask whether it is being spent well. He served on the board of BC Assessment, the agency that sets the property values local taxes are based on, where he sat on the Finance, Policy and Planning, and Human Resources committees and advised on technology and IT initiatives.

Doug brings four decades of business experience, building and running companies and advising organizations including Bell Media, BCAA, Lafarge, On Side Restoration and the Independent Wood Processors Association of BC. Today he helps companies find out whether their technology spending delivers results, and what to fix when it does not.",,,,Maple Ridge business consultant with four decades of experience and a former BC Assessment board member. His party profile focuses on scrutinizing how public money is spent. It contains no specific local platform.,accountability for public spending;business/technology experience,"Doug knows how public money gets spent, and how to ask whether it is being spent well.",https://conservativebc.ca/candidate/doug-morneau/,,,,,,,,,,
Lisa Beare,New Democratic Party (NDP),Maple Ridge-Pitt Meadows,Yes,"Lisa Beare: Building for the future in Maple Ridge-Pitt Meadows

Lisa Beare knows that British Columbians need a government that is willing to stand up for them. A mother to a young daughter, Lisa knows the challenges that families face first-hand, and she’s determined to take action to make life easier for them. That means investing in the services that families in Maple Ridge-Pitt Meadows rely on, like building new schools and increasing access to healthcare.

Lisa has been fighting for people for over a decade. She got her start in politics in 2014 as a school board trustee. After being elected to the provincial government in 2017, 2020 and 2024, Lisa has served as a Cabinet Minister with portfolios including tourism, culture, sport and post-secondary education.

The BC Conservatives might want to cut services and cozy up to Trump, but Lisa Beare, David Eby and the BC NDP have a plan: to stand up for British Columbia, protect the services that families need, and build the infrastructure and economy we need for the future.

The plan is working. We can’t stop now.",,,,"Incumbent MLA since 2017 and cabinet minister (most recently education), and a former school trustee. Her campaign page highlights investing in local services like new schools and better healthcare access, and frames the race as protecting services against Conservative cuts.",new schools;access to healthcare;protecting public services (party message);infrastructure and economy for the future (party message);standing up to Trump (party message),"That means investing in the services that families in Maple Ridge-Pitt Meadows rely on, like building new schools and increasing access to healthcare.",https://lisabeare.bcndp.ca,,https://facebook.com/lisabeare,,https://twitter.com/lisabeare,,,,,,https://facebook.com/lisabeare ; https://twitter.com/lisabeare
Susan Einarsson,OneBC,Maple Ridge-Pitt Meadows,No,"Born in Vancouver, Susan is an experienced communications professional, educator and broadcast media specialist with more than a decade of teaching experience at the British Columbia Institute of Technology (BCIT), complemented by twenty-five years working as a news anchor and reporter. She is knowledgeable about the political history of BC. Susan has served on the local board of the Federal Conservative Party and assisted with political communications in several campaigns.

Susan worked for CKNW/CFMI and News 1130, as a talk show host for CJME Regina, as a TV producer and as a CBC National Arts Reporter. She is experienced in public speaking, political grassroots organization, fundraising and community engagement.

Known for her no-nonsense, straightforward, friendly personality, Susan’s goal is to listen to the voters and act on their behalf to bring back common sense to political decision-making. Susan owns My Town Maple Ridge News Society, a local news organization sharing local stories on Facebook and YouTube. She is a writer, singer, painter and grandmother.

Susan is proud to be a OneBC candidate for Maple Ridge–Pitt Meadows.",,,,"Former broadcaster (CKNW, News 1130, CBC), BCIT instructor, and owner of My Town Maple Ridge News Society. Her OneBC profile says her goal is to listen to voters and 'bring back common sense' to political decision-making. Her YouTube channel has local videos on crime and drug houses from 2019–21.",listening to voters;'common sense' decision-making;public safety/drug houses (from her pre-2026 videos),"Known for her no-nonsense, straightforward, friendly personality, Susan’s goal is to listen to the voters and act on their behalf to bring back common sense to political decision-making.",https://1bc.ca/candidates/seinarsson,,,,,,,,,,
Joshua Dahling,Conservative Party,Mid Island-Pacific Rim,No,"Joshua Dahling’s path to public service has been shaped by lived experience, recovery, leadership and nearly three decades of helping others. He is running to represent Mid Island–Pacific Rim in Victoria. 

Born in Johannesburg, South Africa, Josh came to Canada in 1980 at the age of four. Growing up, he experienced extreme poverty, instability, homelessness and addiction. In 1997, he committed himself to sobriety, a decision that changed the direction of his life.

A year later, Josh left the logging industry and moved to Nanaimo to study human services. While raising three young children as a single father, he worked in alcohol and drug treatment facilities, gaining firsthand professional experience in addiction, mental health and recovery.

In 2009, Josh and his wife, Dr. Heather Mohan, began building what would become LUMARA, a registered Canadian charity supporting children, families and communities affected by serious illness, grief and bereavement. He has since helped lead multidisciplinary teams, develop innovative approaches to bereavement care, and train professionals and organizations across Canada and around the world.

Throughout his career, Josh has served on advisory committees and worked with governments on mental health, substance use and community supports, alongside families, frontline professionals, organizations and First Nations communities across the country.

Josh made Port Alberni home in 2018, drawn by the community and its incredible access to nature. When he’s not working, you’ll likely find him hiking, fishing, boating or swimming, no matter how cold the water is.",,,,"Port Alberni resident who went through poverty, homelessness and addiction before getting sober in 1997. He later worked in addiction treatment and co-founded LUMARA, a grief and bereavement charity. His party profile emphasizes lived experience and work on mental health, substance use and community supports. It lists no specific platform items.",mental health and substance use/recovery supports;community supports for families;(no explicit platform listed),"Joshua Dahling’s path to public service has been shaped by lived experience, recovery, leadership and nearly three decades of helping others.",https://conservativebc.ca/candidate/joshua-dahling/,,,,,,,,,,https://bcballot.ca/ridings/mid-island-pacific-rim/joshua-dahling/
Gracie MacDonald,Green Party,Mid Island-Pacific Rim,No,"Gracie MacDonald is an educator, community leader and nonprofit executive with a strong background in public education, food security, affordable housing and community development.

She currently serves as Executive Director of a community school society on Denman Island, where she helps deliver recreation and educational programming for children and adults, as well as essential food programs including the island’s food bank.

Gracie also serves on the board of a nonprofit organization working to create affordable housing on Denman Island, bringing her commitment to practical, community-based solutions to one of the region’s most pressing challenges.

Her professional experience includes serving as an elementary school principal and teaching students from Kindergarten through Grade 12 on Vancouver Island. Before beginning her career in education, Gracie worked as a journalist and was a partner in a successful organic food business.

Gracie holds a Master of Education from the University of Victoria and an undergraduate degree from Concordia University. She is running in Mid Island-Pacific Rim to bring her experience in education, nonprofit leadership, food security and affordable housing into public service.",,,,"Executive director of a Denman Island community school society (including the food bank), former principal and K-12 teacher, and a board member of an affordable housing nonprofit. She is running on accessible education, food security, affordable housing and community development.",accessible education;food security;affordable housing;community development,"Strong communities depend on accessible education, food security and housing people can afford.",https://bcgreens.ca/candidates-2026/gracie-macdonald/,,,https://www.instagram.com/greenpartybc/,,,,,,,
Josie Osborne,New Democratic Party (NDP),Mid Island-Pacific Rim,Yes,"An experienced champion for Mid Island-Pacific Rim

Josie Osborne has called Tofino home for over 25 years, first moving there to work as a fisheries biologist for the Nuu-chah-nulth Tribal Council then leading an environmental education non-profit organization before serving as mayor of Tofino for almost eight years.

She was elected MLA for Mid Island-Pacific Rim in 2020 and 2024. She has served in five different portfolios, including Minister of Energy, Mines and Low Carbon Innovation and Minister of Health.

Josie has always worked hard to protect people and the services they value, whether that’s affordable housing, or improving access to health care, or making life more affordable. She’s a champion for sustainable resource development that builds strong local economies, and has always worked closely with local governments, First Nations, community organizations and employers to address challenges facing communities across her riding.

Josie Osborne, David Eby and the BC NDP have a plan to stand up for BC, protect people, and build a stronger and more resilient economy.",,,,"Incumbent MLA since 2020, Finance Minister at dissolution, former Tofino mayor and fisheries biologist. She pitches continuing to strengthen healthcare, bring rents down and stand up to Trump, pointing to primary-care gains, US-recruited doctors and nurses, and new hospitals and cancer centres. Her page also stresses sustainable resource development and working with First Nations and local governments.",strengthening healthcare/primary care;bringing rents down;standing up to Trump;new hospitals and cancer centres;sustainable resource development;work with First Nations and local governments,"At a time when Donald Trump is threatening our economy and our way of life, people in Mid Island-Pacific Rim are counting on us to keep strengthening healthcare, bringing rents down and standing up for B.C.",https://albernivalleynews.com/2026/09/23/mid-island-pacific-rim-incumbent-josie-osborne-will-run-for-re-election/,,https://www.facebook.com/josie.osborne.mpr,https://www.instagram.com/josie_osborne/,https://twitter.com/Josie_Osborne,,,,,,https://josieosborne.bcndp.ca ; https://www.facebook.com/josie.osborne.mpr ; https://www.instagram.com/josie_osborne/ ; https://twitter.com/Josie_Osborne ; https://pqbnews.com/2026/09/24/pqb-area-mlas-announce-run-in-oct-24-provincial-election/
Mark MacDonald,Conservative Party,Nanaimo-Gabriola Island,No,"Mark MacDonald is the Conservative Party of BC candidate for Nanaimo-Gabriola Island.

For more than 20 years, Mark has run his own successful publishing and communications companies. With his wife Lise, he published five editions of the Business Examiner covering most of British Columbia, and wrote columns on business, economic and political issues. Together they own and operate Communication Ink Media & Public Relations Ltd. Mark also served as Managing Editor of the Nanaimo Daily News.

Mark has long been a leader in his community. As President of the Greater Nanaimo Chamber of Commerce, he guided his team to be named BC Chamber of the Year in 2003. Today he serves as President of the Vancouver Island Junior Hockey League.

An award-winning writer, Mark is the author of It Worked For Them, It Will Work For Me: The 8 Secrets of Small Business I Learned From Successful Friends , which Dr. Peter Legge called a “must read” for business people of all ages.

Mark will bring that same practical, results-focused approach to Victoria, working to grow the local economy, support small business and deliver for the people of Nanaimo-Gabriola Island.",,,,"Publisher and PR business owner (Business Examiner, Communication Ink), former Nanaimo Daily News managing editor and Greater Nanaimo Chamber president. His profile promises a practical, results-focused approach to growing the local economy and supporting small business.",grow the local economy;support small business,"Mark will bring that same practical, results-focused approach to Victoria, working to grow the local economy, support small business and deliver for the people of Nanaimo-Gabriola Island.",https://conservativebc.ca/candidate/mark-macdonald/,,,,,,,,,,https://nanaimonewsnow.com/2026/10/01/challengers-added-for-nanaimo-oceanside-ridings-in-provincial-election/
Anna Mary McKenzie,Green Party,Nanaimo-Gabriola Island,No,"Anna Mary McKenzie (she/her) is a Cree journalist, policy advisor, child and youth advocate, and mother who has made her home in the Nanaimo community for many years. A proud member of Opaskwayak Cree Nation, Anna has strong ties to Snuneymuxw First Nation and is the mother of a Snuneymuxw child.

Anna’s advocacy is deeply connected to her own family and community. As the daughter of a day school survivor, she has spoken publicly about the intergenerational impacts of residential and day schools.

As a journalist, Anna has reported on issues affecting communities across British Columbia, with particular attention to Indigenous peoples, families, and maternal health. Her investigation into the province’s use of birth alerts contributed to broader public scrutiny, policy changes, and a class action lawsuit concerning the practice. Her community reporting has also been recognized with a Jack Webster Award.

Anna holds a Bachelor of Arts in First Nations and Indigenous Studies from the University of British Columbia and serves on the board of tâpwêwin media. Locally, she has helped organize community gatherings and advocated for pedestrian safety, including organizing a delegation to Nanaimo City Council following collisions along Departure Bay Road.

Anna is running to bring her experience in journalism, policy, advocacy, and community organizing to the Legislature and to ensure the people of Nanaimo-Gabriola Island are heard in the decisions that affect their families and communities.",,,,"Cree journalist (Jack Webster Award; birth-alerts investigation), policy advisor and child and youth advocate with ties to Snuneymuxw First Nation. She says she will keep advocating for families, young people and youth aging out of care, and she has pushed for pedestrian safety on Departure Bay Road.",families and young people;youth aging out of care/child welfare;Indigenous families and maternal health;pedestrian safety (Departure Bay Rd);community voice in decisions,"As MLA for Nanaimo-Gabriola Island, I will keep advocating for the needs and wellbeing of families, young people, and the community we call home.",https://bcgreens.ca/candidates-2026/anna-mary-mckenzie/,,https://www.facebook.com/annammckenzie,https://www.instagram.com/greenpartybc/,https://x.com/legally_cree,https://www.linkedin.com/in/anna-mary-mckenzie-93198b102/,,,,,https://www.facebook.com/annammckenzie ; https://x.com/legally_cree ; https://www.linkedin.com/in/anna-mary-mckenzie-93198b102/
Sheila Malcolmson,New Democratic Party (NDP),Nanaimo-Gabriola Island,Yes,"Sheila Malcolmson: Protecting what matters in Nanaimo-Ladysmith

Elected four times by her community, Sheila Malcolmson has been fighting for her community for years. As a past Member of Parliament for Nanaimo-Ladysmith, she served as the Minister of Social Development and Poverty Reduction in government.

She’s been part of the BC NDP team that’s delivering on David Eby’s plan to protect people - connecting more people to a family doctor, recruiting doctors and nurses from the US, bringing down housing costs and building up our economy and creating jobs.

Where the BC Conservatives would roll over to Trump and cut healthcare and education, Sheila Malcolmson, David Eby have a plan to stand up for BC and protect what matters.

The plan is working. And we can’t stop now.",,,,"Incumbent MLA since 2019, Minister of Social Development and Poverty Reduction at dissolution, and former MP and Islands Trust chair. She says she's running again because standing up for people matters more than ever. Her campaign page highlights family-doctor access, US doctor and nurse recruitment, lower housing costs and jobs.",family doctor access;recruiting doctors and nurses from the US;bringing down housing costs;economy and jobs;protecting healthcare and education from cuts (party message),I’m running again because the work of standing up for people and communities is more important than ever.,https://nanaimonewsnow.com/2026/09/26/trio-of-nanaimo-oceanside-mlas-running-for-re-election/,,https://www.facebook.com/SheilaMalcolmsonBC,https://www.instagram.com/sheilamalcolmsonbc/,https://twitter.com/s_malcolmson,,,,,,https://sheilamalcolmson.bcndp.ca ; https://www.facebook.com/SheilaMalcolmsonBC ; https://www.instagram.com/sheilamalcolmsonbc/ ; https://twitter.com/s_malcolmson
Pepper Saltman,Communist Party of BC,Nanaimo-Lantzville,No,,,,,No individual pitch found. CHEK reported that no campaign website could be found.,,,,,,,,,,,,,
Kelsey Pringle,Conservative Party,Nanaimo-Lantzville,No,"Kelsey Pringle is the Conservative Party of BC candidate for Nanaimo-Lantzville.

A Vancouver Island entrepreneur, business owner and community leader, Kelsey is a wife and mother of two who spent 12 years living in the Nanaimo-Lantzville area. At 36, she knows the pressures working families face because she lives them.

In the summer of 2026, Kelsey’s husband suffered a heart attack. Her family suddenly experienced the healthcare system not as a policy debate, but as patients waiting for urgent answers. Although Nanaimo Regional General Hospital serves Central and North Vancouver Island, Nanaimo patients needing cardiac catheterization must be transferred to Victoria, and Island Health’s own review has flagged the delays that creates.

That experience made healthcare a defining issue for Kelsey. She believes a growing region of hundreds of thousands deserves advanced care, including cardiac care, closer to home, and that no family should face delays in an emergency because of where they live.

Kelsey is the co-founder and owner of Motivation Monday Marketing, a digital marketing agency serving businesses across British Columbia. As an employer, she knows what it takes to meet payroll and create jobs. She sits on the Board of the Vancouver Island Economic Alliance, where she has seen that healthcare infrastructure is also economic infrastructure: communities need reliable services to attract families, workers and investment. She also co-founded Empower Women Canada, supporting women in business.",,,,Nanaimo marketing agency owner and Vancouver Island Economic Alliance board member. Her husband's heart attack in summer 2026 made healthcare her defining issue. She is campaigning for a cardiac catheterization lab and a new patient tower at Nanaimo Regional General Hospital so patients aren't sent to Victoria.,cardiac catheterization lab at NRGH;new NRGH patient tower;advanced care closer to home;healthcare as economic infrastructure;small business/jobs,"People in our region have waited far too long for a cardiac catheterization lab at Nanaimo Regional General Hospital. When someone is having a heart attack, every minute counts.",https://nanaimonewsnow.com/2026/10/01/challengers-added-for-nanaimo-oceanside-ridings-in-provincial-election/,,,,,,,,,,https://conservativebc.ca/candidate/kelsey-pringle/
Sharleen Weatherley,Green Party,Nanaimo-Lantzville,No,,,,,No individual pitch found.,,,,,,,,,,,,,
George Anderson,New Democratic Party (NDP),Nanaimo-Lantzville,Yes,"Taking action for you in Nanaimo-Lantzville.

Born and raised in Nanaimo, George Anderson is a commercial lawyer, a volunteer, and the youngest person ever elected to Nanaimo City Council.

He has served as Chair of the Vancouver Island University Board of Governors, and volunteered with the Canadian Bar Association’s Access to Justice Committee, Literacy Central Vancouver Island, the Nanaimo-Ladysmith Public Schools Foundation, among many other organization dedicated to making his community stronger.

His dedication to community service earned him the distinction for citizenship from the Nanaimo Chamber of Commerce, as well as the BC Achievement Award from the Lieutenant-Governor of BC in 2016.

George has an unwavering commitment to fairness and community development. He is taking action so people in Nanaimo-Lantzville can build good lives.",,,,"Incumbent MLA (2020, 2024), Parliamentary Secretary for Climate and Energy Solutions and earlier for Transit, former Nanaimo councillor and commercial lawyer. He presents his approach as listening and focusing on daily-life issues, and promises to keep standing up for Nanaimo-Lantzville.",listening to residents and daily-life issues;climate and energy solutions;transit;fairness and community development,"From city hall to the Legislature, my approach has always been the same: listen to people, focus on what matters in their daily lives, and get to work.",https://nanaimonewsnow.com/2026/09/26/trio-of-nanaimo-oceanside-mlas-running-for-re-election/,,,,https://twitter.com/G_Anderson1,,,,,,https://georgeanderson.bcndp.ca ; https://twitter.com/G_Anderson1
Diane Black,Conservative Party,Nechako Lakes,No,"Diane Black is the Conservative Party of BC candidate for Nechako Lakes.

Diane is a 3rd generation rancher with a deep respect for the generations who have gone before. She carries forward the grit, stewardship, and community commitment that built the region.

Her vision for Nechako Lakes is a region where those working hard to build a life for their families can have safe, affordable housing, clean air and water, and stable employment that doesn’t require relocation from our communities.

As the great granddaughter of Vanderhoof’s first doctor, Diane holds firm that health care should be delivered in the north, for the north and by the north. She is committed to improving health and social services so residents can rely on timely, high-quality care close to home.

A Chartered Professional Accountant, with an MBA, Diane brings experience across the agriculture, energy, logging, transportation and advanced education sectors. In her capacity as Associate Vice President Finance for Nicola Valley Institute of Technology, she secured major funding and successfully led projects including the Trades Building, the Mobile Trades Training Trailers and the Center of Excellence in Sustainability Buildings. These projects expanded training opportunities in Merritt and across British Columbia.

Diane is a lifelong learner and sees education as a critical driver for quality of life in our region. She recognizes the dedicated work of the teachers, administrators and support staff in each of our communities that strive together to build the future generation. As a mother of 3, Diane will be a strong advocate for education and long-term wellbeing of families throughout the Nechako Lakes region.",,,,"Third-generation rancher, CPA/MBA and former NVIT finance VP, running to succeed retiring Conservative MLA John Rustad. Her profile describes a region with safe, affordable housing, clean air and water, and stable jobs that don't require people to relocate, plus health care 'in the north, for the north and by the north,' and strong education.","safe, affordable housing;clean air and water;stable local employment;northern health care close to home;health and social services;education","As the great granddaughter of Vanderhoof’s first doctor, Diane holds firm that health care should be delivered in the north, for the north and by the north.",https://conservativebc.ca/candidate/diane-black/,,,,,,,,,,https://www.princegeorgecitizen.com/local-news/race-for-nechako-lakes-heating-up-12851883
Jesse Gervais,New Democratic Party (NDP),Nechako Lakes,No,"Jesse Gervais: Building a stronger Nechako Lakes

Jesse Gervais works for the Municipality of Fraser Lake and serves on the boards of UNBC and the Fraser Lake Community Foundation. He has spent years working in economic development, helping create good local jobs and build stronger communities.

He is deeply involved in his community and passionate about making Nechako Lakes a great place to live, work and raise a family.

Jesse Gervais, David Eby and the BC NDP have a plan to stand up for BC, protect the services that matter to people, and build a stronger economy and a stronger province.

The plan is working. We can’t stop now.",,,,Works for the Municipality of Fraser Lake in economic development and sits on the UNBC and Fraser Lake Community Foundation boards. His NDP page stresses creating good local jobs and stronger communities. He appeared with Eby at the Sep 28 Prince Rupert campaign stop on jobs and the economy.,good local jobs/economic development;stronger communities;protecting services (party message);standing up for BC (party message),"He has spent years working in economic development, helping create good local jobs and build stronger communities.",https://jessegervais.bcndp.ca,,,,,,,,,,https://haidagwaiiobserver.com/2026/09/28/david-eby-joins-tamara-davidson-for-opening-of-prince-rupert-campaign-office/
Clint Lambert,Independent / no party,Nechako Lakes,No,,,,,No individual pitch found. He is the Regional District of Bulkley-Nechako director for Electoral Area E (Francois/Ootsa Lake Rural) and is being acclaimed back to that post.,,,,,,,,,,,,,
Michele Lau,Conservative Party,New Westminster-Coquitlam,No,"Michele Lau is the Conservative Party of BC candidate for New Westminster-Coquitlam.

Michele Lau is an accomplished financial services executive and entrepreneur with more than 20 years of experience in banking, corporate finance, and private business leadership.

Following her banking career, Michele transitioned into entrepreneurship and financial advisory, founding and leading ventures in hospitality, real estate, and investment management. Her combined experience in institutional finance and private enterprise provides a strategic perspective on capital allocation, risk oversight, and sustainable business growth.

Michele is co-founder of the World Trade Centre Okanagan, the 8th licensed centre in Canada. With 300+ centres in over 100 countries, it connects Canada’s dynamic regions to global markets.

Michele holds a Bachelor of Commerce from the University of British Columbia and an Executive MBA from Simon Fraser University. She is an active community leader, a participant with the Vancouver Board of Trade and on the board of the Vancouver College Parent Association, where she leads fundraising and community engagement initiatives.",,,,"Financial services executive and entrepreneur with 20+ years in banking and business, and co-founder of World Trade Centre Okanagan. Her party profile is a career bio and states no local priorities.",(none stated; business/finance background),,,,,,,,,,,,https://conservativebc.ca/candidate/michele-lau/
Maureen Curran,Green Party,New Westminster-Coquitlam,No,"Maureen Curran is a scientist, educator, mother, and longtime community advocate who believes better is possible for British Columbia. She is running to help build a future where public investment strengthens communities, families can afford to thrive, young people have access to good jobs, and decisions are guided by evidence and long-term thinking.

She has spent nearly three decades working in British Columbia’s public education system. For 25 years, she has taught Science and Mathematics in Coquitlam, helping generations of students develop the critical-thinking skills needed to navigate a changing world. She also spent four years with Simon Fraser University’s teacher education program, mentoring future educators and helping build creative, sustainable, and inclusive learning communities.

At an early age, Maureen developed a love of science, the natural world, and community service. While raising her two sons in New Westminster, she has remained deeply involved in her community. She has coached Little League, organized fundraising for an accessible playground, participated in cycling advocacy, supported school clubs and extracurricular activities, and contributed to local organizations including New West Environmental Partners and the Climate Action HUB.

Maureen earned a Bachelor of Science from McGill University before moving to Victoria to complete a Master’s degree in Physics at the University of Victoria, later conducting research in nuclear physics at TRIUMF on the UBC campus.

Her scientific background and experience as a parent and educator shaped her commitment to environmental action. From 2019 to 2023, she participated alongside peaceful land defenders working to protect forest corridors and salmon-bearing streams affected by a proposed pipeline expansion.

Recognizing the role local governments can play in addressing climate change, Maureen helped bring activists from communities across British Columbia together to create the Climate Safe Cities Coalition. The initiative grew from a campaign supporting the Fossil Fuel Non-Proliferation Treaty into a province-wide effort working with municipal councils on policies aimed at reducing greenhouse gas emissions.

Maureen is running to advocate for stronger public services, affordable housing, support for families and small businesses, environmental stewardship, and investments that build resilient communities for the next generation. A vote for Maureen and the BC Greens is a vote for better for the people of New Westminster and Coquitlam.",,,,"Coquitlam science and math teacher of 25 years, physicist and climate organizer (co-founder of the Climate Safe Cities Coalition). She is the 2024 Green candidate here. She is running for stronger public services, affordable housing, support for families and small business, environmental stewardship, and evidence-based decisions.",stronger public services;affordable housing;support for families and small businesses;good jobs for young people;environmental stewardship/climate action;evidence-based decision-making,"It is time for governments that want to collaborate, plan for the future, and make decisions based on facts and evidence.",https://bcgreens.ca/candidates-2026/maureen-curran/,,https://www.facebook.com/MaureenCurran4NewWestCoquitlam/about/,https://www.instagram.com/emilylowan/,,,,,,,https://www.facebook.com/MaureenCurran4NewWestCoquitlam/
Jennifer Whiteside,New Democratic Party (NDP),New Westminster-Coquitlam,Yes,"Protecting the things that people value in New Westminster-Coquitlam

Jennifer Whiteside has dedicated her career to fighting for the rights of working people. She has fought for better public healthcare and making sure people are treated fairly -- including leading BC’s first living wage campaign.

A former labour leader and community advocate, Whiteside was elected as the MLA for New Westminster in October 2020, and re-elected in 2024. She is the Minister of Labour and previously served as the Minister of Mental Health and Addictions and Minister of Education and Child Care. She was born and raised in New Westminster.

Where the BC Conservatives would roll over for Trump, Jennifer Whiteside, David Eby and the BC NDP have a plan to stand up for British Columbia, protect the services that families need, and build the homes and good jobs we need for a stronger province.",,,,"Incumbent MLA since 2020, Minister of Labour, and former Education and Mental Health minister. She is a former labour leader who led BC's first living wage campaign. Her campaign page frames her as protecting public healthcare and fair treatment for workers, and contrasts the NDP with Conservatives who would 'roll over for Trump.'",workers' rights and fair treatment;public healthcare;protecting services for families (party message);building homes and good jobs (party message),Jennifer Whiteside has dedicated her career to fighting for the rights of working people.,https://jenniferwhiteside.bcndp.ca,,https://www.facebook.com/JenniferWhitesideNW,https://www.instagram.com/jenniferwhitesidenewwest/,https://twitter.com/JM_Whiteside,,,,,,https://www.facebook.com/JenniferWhitesideNW ; https://www.instagram.com/jenniferwhitesidenewwest/ ; https://twitter.com/JM_Whiteside
Gerry Lenoski,Independent / no party,New Westminster-Coquitlam,No,,,,,No individual pitch found.,,,,,,,,,,,,,
Rodney Proskiw,Conservative Party,North Coast-Haida Gwaii,No,"Rodney Proskiw is the Conservative Party of BC candidate for North Coast-Haida Gwaii.

Rodney has lived in Prince Rupert for 20 years, and he and his wife Sheryl are proud to have raised their family on the North Coast.

Rodney brings a perspective few candidates can offer. As a small business owner, he knows what it takes to meet a payroll and keep the doors open. As a longtime union member with UFCW 1518, UFCW 247 and the Teamsters, he understands that families on the North Coast need good, stable jobs. That experience on both sides gives him the insight to listen to every point of view and find the solutions that work best for local residents.

Rodney has spent years serving his community. He is a past President of the Prince Rupert Lions Club and a past Zone Chairman of Lions International, and he retired as the longest-serving director on the board of Tourism Prince Rupert.

Rodney believes the North Coast has a vibrant future, with real opportunities ahead. But many of the issues facing the region are complex, and too many local voices are not being heard. He is running to change that.",,,,"Prince Rupert small business owner of 20 years, longtime union member (UFCW, Teamsters), and past Lions Club president. His party profile says the North Coast has real opportunities but too many local voices aren't heard, and he's running to change that and support stable jobs.","good, stable jobs;small business;giving local voices a hearing;North Coast economic opportunity","Rodney believes the North Coast has a vibrant future, with real opportunities ahead. But many of the issues facing the region are complex, and too many local voices are not being heard. He is running to change that.",https://conservativebc.ca/candidate/rodney-proskiw/,,,,,,,,,,
Francis Racy,Green Party,North Coast-Haida Gwaii,No,"Francis Racy was born and raised in northern B.C. and called Prince Rupert home for close to half her life. Her grandfather was Tsimshian from Lax Kw’alaams and her grandmother was Gitxsan. She carries that lineage as Ganeda, Frog Clan, of Wilp Luuxhon, and holds the hereditary name En nuu Ann Gaiwh. For Francis, the North is not simply where she lives. It is part of her identity, her responsibility, and a central reason she is running to represent North Coast-Haida Gwaii.

Since February 2026, Francis has led mental health education programming and supported regional educators across Prince Rupert, Terrace, the Bulkley Valley, and Haida Gwaii. Her work has given her a firsthand view of the pressures facing rural and northern communities, particularly gaps in healthcare, mental health supports, and social services.

Francis also brings direct front-line experience as a Health Care Assistant and Early Childhood Educator. Those roles gave her close insight into the needs of families, elders, children, and people navigating systems that are often stretched thin.

Land and water stewardship are central to Francis’s community work. She has built relationships with Indigenous leaders across Canada and internationally and is a founding board member of the Wilp Sustainability Forum, where she helps support governance rooted in Wilp member voice, Gitanyow law, and stewardship of the land and water.

Francis is also involved in local food sovereignty work and has supported poultry raising and livestock processing shared with family and community. Her broader record of community leadership includes serving as Chairperson of the Powell River BCSPCA Community Council and decades of involvement with the SPCA.

While continuing her community and professional work, Francis is completing a Bachelor of General Studies through Thompson Rivers University’s Open Learning program, with plans to pursue a Master of Education in Indigenous Education at UBC.

Francis is running because she believes North Coast-Haida Gwaii deserves representation grounded in lived experience of the region, its communities, and the challenges people face every day. She is ready to bring that experience to Victoria.",,,,"Tsimshian/Gitxsan mental health educator, former health care assistant and early childhood educator, and founding board member of the Wilp Sustainability Forum. She says she is running for representation grounded in lived northern experience, focusing on gaps in rural healthcare, mental health and social services, plus land and water stewardship and food sovereignty.",rural and northern healthcare gaps;mental health supports;social services;land and water stewardship;food sovereignty;Indigenous governance,"This land isn’t a backdrop to my politics – it’s my lineage, my responsibility, and the reason I’m running.",https://bcgreens.ca/candidates-2026/francis-racy/,,,https://www.instagram.com/greenpartybc/,,https://www.linkedin.com/in/francis-racy-a13411199,,,,,https://www.linkedin.com/in/francis-racy-a13411199
Tamara Davidson,New Democratic Party (NDP),North Coast-Haida Gwaii,Yes,,,,,"Incumbent MLA (Laanas), an elected Council of the Haida Nation representative from Skidegate with 25+ years in public service. Her page stresses Indigenous rights, housing and healthcare. Eby opened her Prince Rupert campaign office on Sep 28 with pledges to keep the North Coast tanker ban, support the North Coast Transmission Line, and focus on rural health care and jobs.",Indigenous rights;housing;healthcare (rural);North Coast tanker ban (party message);jobs and economic development/port (party message),"I know I wouldn’t be here without our volunteers, staff, and people like you willing to come forward, ask tough questions, and be here for us the same way we want to be there for you.",https://haidagwaiiobserver.com/2026/09/28/david-eby-joins-tamara-davidson-for-opening-of-prince-rupert-campaign-office/,,,,,,,,,,https://tamaradavidson.bcndp.ca
Anna Kindy,Conservative Party,North Island,Yes,"A Physician and Advocate for the North Island

Dr. Anna Kindy is a physician, addiction specialist and dedicated advocate, and the MLA for North Island. With a career spanning 35 years in medicine and a commitment to her community, Anna is poised to make a significant impact on the North Island’s well-being.

Championing the Marginalised and Stigmatised

Throughout her career, Anna has been a tireless advocate for the marginalised and stigmatised populations of the North Island. Her compassionate approach to healthcare and her ability to objectively analyse issues have allowed her to collaborate effectively to address root problems and work towards positive solutions.

A Physician’s Journey of Service

Anna’s journey in medicine began with her graduation from the University of Alberta Medical School in 1986. Early in her career, she worked in remote Quebec, gaining valuable experience and contributing to underserved communities. In a unique twist, from 1989-1992, she balanced a career as a family doctor in Port Hardy with her husband, who was also a GP, while simultaneously competing on the World Cup circuit in mogul skiing. Her dedication and perseverance led her to represent Canada in mogul skiing at the Albertville Olympics in 1992.

In 1998, Anna and her husband, Dr. Peter Olesen, a surgeon, made the pivotal decision to move to Campbell River to both work and raise their three children. Anna’s commitment to healthcare extended to international missions in Guatemala. She specialised in addiction medicine and embraced principles such as informed consent, doing no harm, and upholding bodily autonomy as core tenets of her practice.

A Vision for Positive Change

Anna’s vision for the North Island is one of positive change and empowerment. She is excited to help break away from politics as usual. Her mission is to provide the North Island’s population with a strong voice, driving improvements in their standard of living, work environments, and access to healthcare.

As the MLA, Dr. Anna Kindy’s represents a unique blend of medical expertise, community advocacy, and a deep commitment to fostering well-being in the North Island.",,,,"Incumbent MLA (2024), physician and addiction specialist, and former Olympic mogul skier. She says the campaign spotlights a health care crisis in the riding: Port Hardy ER closed after 5 p.m. for about three years, an overcapacity Campbell River Hospital, a cancelled long-term care project, and a slow Carihi Secondary rebuild. She also criticizes NDP fiscal management.","health care crisis (Port Hardy ER hours, Campbell River Hospital capacity);long-term care beds;Carihi Secondary rebuild;fiscal management/deficit;standard of living and access to healthcare","I’m a physician, so (there is a) health care crisis on our hands across B.C. but also in our riding. For example the Port Hardy Hospital emergency department is now closed after 5 p.m. for almost over three years.",https://campbellrivermirror.com/2026/09/24/north-island-conservative-candidate-anna-kindy-says-provincial-election-spotlights-b-c-s-health-care-crisis/,,https://www.facebook.com/annakindymlanorthisland,https://www.instagram.com/anna_kindy/,https://x.com/DrKindyMLA,,,,,,https://conservativebc.ca/candidate/anna-kindy/ ; https://www.facebook.com/annakindymlanorthisland ; https://www.instagram.com/anna_kindy/ ; https://x.com/DrKindyMLA
Benjamin Olsson,Green Party,North Island,No,"Benjamin Olsson is a Registered Social Worker, healthcare professional and longtime North Island resident who has called Campbell River home since 2010. He moved to Vancouver Island because of his love for the coast and has developed a deep connection to the communities and natural environment of the North Island.

Benjamin holds a Diploma in Social Work from Red Deer College and a Bachelor of Social Work from the University of Regina. He later completed a Post-Degree Diploma in Interprofessional Mental Health and Addiction at Camosun College. His career has included work in social services, healthcare, mental health and community wellness.

Community involvement has been a constant throughout Benjamin’s life. He has more than two decades of union activism, has participated in election campaigns and has supported a wide range of local causes including Pride events, the Terry Fox Run, Cops for Cancer, Habitat for Humanity, the Campbell River Hospice Society and harm reduction initiatives.

Benjamin has also been active in advocating for the protection of green spaces and critical salmon habitat. He believes the North Island’s communities, forests, coastlines and ecosystems are worth protecting for the people who live there today and for future generations.

His political involvement began early and has included organizing, union work and serving as Leader of the Green Party of Saskatchewan in 2003. He brings that experience together with decades of frontline work supporting individuals, families and communities.

Benjamin is running in North Island to bring his experience in social work, healthcare, community organizing and environmental advocacy into public service, with a focus on listening to local residents and acting in the best interests of the communities he calls home.",,,,"Registered social worker and healthcare professional in Campbell River since 2010, a union activist, and a former Saskatchewan Green leader (2003). He is running to listen to residents and protect North Island green spaces, forests and salmon habitat, drawing on his social work and mental health experience.",listening to local residents;protecting green spaces and salmon habitat;mental health and addiction/social services;healthcare;community wellness,"I want to support the people and places I love by listening, leading, and acting in the best interests of the North Island.",https://bcgreens.ca/candidates-2026/benjamin-olsson/,,https://www.facebook.com/share/1J3t6U6ZyF/?mibextid=wwXIfr,https://www.instagram.com/greenpartybc/,,,,,,,https://www.facebook.com/share/1J3t6U6ZyF/
Sara Lopez,New Democratic Party (NDP),North Island,No,"Building a stronger North Island.

Sara Lopez has called Campbell River home for more than a decade, choosing to raise her children close to their Kwakwaka’wakw and Nuu-chah-nulth community, culture and family.

Her career in nonprofits, arts and culture, social justice and community service has always been about standing up for people who too often don’t have a voice.

As Executive Director of the Campbell River Art Gallery, Sara stood her ground when the City Council moved to remove the Gallery’s tax-exempt status, fighting back with broad community support and winning that fight.

Today, through her work with Habitat for Humanity Vancouver Island North, she continues to advocate for affordable housing and stronger communities.

Sara Lopez, David Eby and the BC NDP have a plan to build BC strong: to create jobs, to strengthen healthcare, and to make life more affordable.",,,,"Campbell River nonprofit leader (former Campbell River Art Gallery executive director, now with Habitat for Humanity Vancouver Island North), raising her children close to their Kwakwaka'wakw and Nuu-chah-nulth community. She is running on good jobs, strong health care and affordable housing and life.",good jobs;strong health care;affordability;affordable housing;standing up for people without a voice,"North Island families deserve good jobs, strong health care and a fair shot at an affordable life and a future in the communities they love.",https://campbellrivermirror.com/2026/10/01/sara-lopez-announces-provincial-candidacy-for-bc-ndp-in-north-island/,,https://www.facebook.com/profile.php?id=61594804838907,https://www.instagram.com/saralopez4northislandmla,,,,,,,https://saralopez.bcndp.ca ; https://www.facebook.com/profile.php?id=61594804838907 ; https://www.instagram.com/saralopez4northislandmla
Richard Lambert,Independent / no party,North Island,No,,,,,"Port McNeill-raised Army veteran (PPCLI, 15 years), electrician and retail building-centre worker in Campbell River. He says North Island communities are dwindling in jobs, people and health care while social problems and the cost of living rise, and he wants to bring solutions and relief.",jobs;health care;cost of living;social problems;population decline in North Island communities,I have lived on the North Island for three decades. I have seen too many communities dwindling down.,https://campbellrivermirror.com/2026/10/02/independent-candidate-richard-lambert-announces-candidacy-for-north-island-mla/,,,,,,,,,,
Karen Fraser,CentreBC,North Vancouver-Lonsdale,No,"Karen Fraser is a North Vancouver resident and active member of her community who believes British Columbians deserve a practical, balanced alternative in provincial politics.

Karen believes good government should focus on solving problems, listening to communities and finding workable solutions rather than engaging in ideological divisions.

As the CentreBC candidate in North Vancouver Lonsdale, Karen is proud to give voters the opportunity to support a new political choice and to help build a stronger centrist movement in British Columbia.

Sign up to stay informed and receive news from CentreBC:",,,,"North Vancouver resident, community volunteer (Family Services of the North Shore) and early CentreBC supporter. Her profile offers a practical, centrist alternative focused on solving problems and listening rather than ideological division. It lists no specific policy items.","practical, centrist government;listening to communities;problem-solving over ideology","Karen believes good government should focus on solving problems, listening to communities and finding workable solutions rather than engaging in ideological divisions.",https://www.centrebc.ca/our-team/karen-fraser/,,,,,,,,,,
Trevor Withers,Conservative Party,North Vancouver-Lonsdale,No,"Trevor Withers is the Conservative Party of BC candidate for North Vancouver-Lonsdale.

Trevor Withers is a North Shore local whose commitment to North Vancouver has been shaped by years of living, working and participating in the community.

A graduate of Queen’s University, Trevor works as a Data Visualization Engineer at Aritzia, turning complex information into clear insights that support better decisions. He wants to bring that same analytical approach to public service, with an emphasis on fiscal responsibility and ensuring taxpayers receive value for their money.

Trevor’s community connections include years working at Tap & Barrel in North Vancouver, playing junior hockey with the North Vancouver Wolfpack and refereeing local minor hockey. These experiences have shaped his appreciation for teamwork, hard work and the people who make the North Shore home.",,,,"North Shore local, Queen's graduate and data visualization engineer at Aritzia. His profile pitches an analytical approach to public service, with an emphasis on fiscal responsibility and value for taxpayers.","fiscal responsibility;value for taxpayers' money;analytical, evidence-based decisions","He wants to bring that same analytical approach to public service, with an emphasis on fiscal responsibility and ensuring taxpayers receive value for their money.",https://conservativebc.ca/candidate/trevor-withers/,,,,,,,,,,
Joshua A Singer Johnson,Green Party,North Vancouver-Lonsdale,No,,,,,No individual pitch found.,,,,,,,,,,,,,
Bowinn Ma,New Democratic Party (NDP),North Vancouver-Lonsdale,Yes,"Bowinn Ma: Standing up for families in North Vancouver-Lonsdale

Elected in 2017, 2020 and 2024, Bowinn has served as Minister of Emergency Management and Climate Readiness and Minister of Infrastructure. A professional engineer and working mother, she welcomed her daughter in 2023, becoming the third B.C. cabinet minister to give birth while in office, and welcomed her son in 2026.

As a member of David Eby’s BC NDP team, Bowinn has delivered real action for people across the North Shore, helping secure provincial funding for housing, schools, health-care facilities, child care spaces, and transit and active transportation infrastructure. Her collaborative work on a regional transportation strategy helped pave the way for a rapid transit concept to the North Shore, which the TransLink Mayors’ Council has since identified as a regional priority.

Bowinn Ma, David Eby and the BC NDP have a plan to stand up for British Columbians, protect what families depend on, and build an economy free from the United States.",,,,"Incumbent MLA since 2017, former Minister of Infrastructure and of Emergency Management, and a professional engineer and mother of two. Her campaign page credits her with provincial funding for North Shore housing, schools, health facilities, child care and transit, and with work that led to a North Shore rapid transit concept. She says voters deserve a stable government to face US economic threats.",North Shore rapid transit;housing;schools and child care;health-care facilities;stable government in face of US tariffs;economy free from the US (party message),British Columbians deserve to have a choice in deciding how the province moves forward in the face of that threat.,https://www.nsnews.com/local-news/north-shore-mlas-react-to-snap-provincial-election-call-12811456,,https://facebook.com/BowinnMa,https://www.instagram.com/bowinnma,https://twitter.com/BowinnMa,,,,,,https://bowinnma.bcndp.ca ; https://facebook.com/BowinnMa ; https://www.instagram.com/bowinnma ; https://twitter.com/BowinnMa
Lori Climenhaga,CentreBC,North Vancouver-Seymour,No,"Lori Climenhaga brings seasoned leadership and deep community roots to her candidacy. A Deep Cove resident for more than 16 years, she has had the privilege of raising her family in the community she loves. Lori is running because she believes British Columbians deserve a government that works with people, not around them. In the Legislature, she will bring a balanced, common-sense approach, a focus on affordability and economic opportunity, and a commitment to respectful dialogue and collaboration.

Lori brings more than 25 years of results-driven leadership across government, business and the community sector, with a career built on bringing people together to solve complex challenges. She began at WCG International, where she built and led strategic partnerships with more than 40 chambers of commerce, community agencies and business associations to connect employers with talent across the province.

Following, as Director of Member Relations at the BC Chamber of Commerce, Lori championed a provincial network of more than 75 local chambers, ensuring the priorities of businesses in every region were heard.

In 2020, Lori was hired as a Director with the BC government, where she led province-wide engagement with industry associations and Crown corporations. Working across multiple ministries, she ensured employer and community insights informed policy and program design. She co-chaired a national task team under the Forum of Labour Market Ministers and supported a ministerial advisory committee of business leaders advancing accessible and inclusive workplaces.

Committed to creating opportunity for those too often left behind, Lori has led special projects and initiatives that help job seekers succeed and advance diversity and inclusion in BC’s priority sectors. She is especially passionate about building a better future for young people in our province and supporting a healthy economy that creates jobs of the future.

Today Lori leads her own consulting practice, advising organizations on community engagement, workforce development, strategic partnerships and securing funding for community initiatives. A dedicated community builder, she has served on the boards of the North Vancouver Chamber and the BC Chamber Executives Society.",,,,"Deep Cove resident, consultant, former BC Chamber of Commerce director of member relations, and former BC government director for industry engagement. She is running for a government that 'works with people, not around them,' with a balanced, common-sense approach focused on affordability, economic opportunity, jobs for young people and respectful collaboration.",affordability;economic opportunity and jobs of the future;better future for young people;respectful dialogue and collaboration;inclusive workplaces,"Lori is running because she believes British Columbians deserve a government that works with people, not around them.",https://www.centrebc.ca/our-team/lori-climenhaga/,,,,,,,,,,
Lynne Block,Conservative Party,North Vancouver-Seymour,Yes,"Lynne Block is the Conservative candidate for North Vancouver-Seymour. She is an educator, former school trustee and community leader who has dedicated her life to serving the North Shore. Having immigrated to Canada from England as a child, she grew up in British Columbia and went on to earn a Bachelor’s degree and a Master of Education from the University of British Columbia.

Lynne’s career in education spans elementary, secondary and post-secondary classrooms, as well as leadership in professional training and development. She has designed and delivered innovative programs for students and educators, including founding and facilitating the Youth Engaged in Social Responsibility Forums, which encouraged young people to take an active role in their communities. Her work in education earned her the Prime Minister’s Award for Teaching Excellence. She also co-founded a business and education consulting company dedicated to research-based learning, corporate social responsibility and collaborative leadership.

As an elected trustee in the West Vancouver School District, Lynne focused on improving student achievement while ensuring careful stewardship of public resources, balancing educational excellence with fiscal responsibility. In 2024, she was elected as a Conservative MLA, carrying the concerns of North Shore parents, seniors, educators, business owners and volunteers to Victoria.

Lynne has long given her time to her community. She has served on the North Shore Youth Justice and Family Court Committee and as British Columbia’s United Nations Representative for Women Educators International, and has volunteered with the Canadian Cancer Society, the BC Paraplegic Society and Violence Against Women in Relationships.",,,,Sitting Conservative MLA (elected 2024 in West Vancouver-Capilano) who moved to this riding so Caroline Elliott could run in her old seat. She is a former educator and West Vancouver school trustee (Prime Minister's Award for Teaching Excellence). Her profile stresses student achievement with fiscal responsibility. She called the snap election a 'power grab' and blamed Eby rather than Trump for BC's economic problems.,"education/student achievement;fiscal responsibility;carrying North Shore parents', seniors' and business concerns to Victoria;criticism of NDP economic record","He’s blaming the boogeyman, Trump. But the reality is a lot of this [economic challenge] happened way before, all under his auspices.",https://www.nsnews.com/local-news/north-shore-mlas-react-to-snap-provincial-election-call-12811456,,https://www.facebook.com/lynne.blockbc,https://www.instagram.com/lynneblockbc/,https://x.com/LynneBlockMLA,,,,,,https://conservativebc.ca/candidate/lynne-block/ ; https://www.facebook.com/lynne.blockbc ; https://www.instagram.com/lynneblockbc/ ; https://x.com/LynneBlockMLA ; https://www.nsnews.com/local-news/conservatives-move-west-van-mla-to-run-high-profile-candidate-caroline-elliott-12825267
Ben Holt,Green Party,North Vancouver-Seymour,No,,https://www.youtube.com/watch?v=P3nZVFqC-rs,Benjamin Holt Green Party: why vote for him? North Vancouver Seymour (Boxing Beaver Media),2026-10-03,"In an Oct 3 street interview, Holt said he is running mainly over the climate crisis and accused the NDP of doing the opposite of its climate promises. He linked climate action to cost of living, housing, child care and transit. Locally he named traffic and unaffordability in North Vancouver, and he opposes new pipeline tanker traffic and dredging off North Van. He also defends DRIPA.",climate action;opposing pipeline/tanker expansion and Burrard Inlet dredging;cost of living;housing;child care;transit and traffic in North Vancouver;DRIPA/Indigenous rights;opposition to AI data centres,,,,,,,,,,,,
Susie Chant,New Democratic Party (NDP),North Vancouver-Seymour,Yes,MLA for North Vancouver-Seymour,,,,"Two-term incumbent MLA, registered nurse and naval reservist from Lynn Valley. Her campaign page commits to investing in healthcare, education and climate readiness. She says voters should decide who governs during the US trade war.",healthcare;education;climate readiness;standing up for services (party message),I feel it’s important that the people of British Columbia have the opportunity at this time to determine who is going to be governing on their behalf and who has got their best interests in hand.,https://www.nsnews.com/local-news/north-shore-mlas-react-to-snap-provincial-election-call-12811456,,,,,,,,,,https://susiechant.bcndp.ca ; https://www.susiechant.ca/ ; https://www.youtube.com/@susiechantnvs
Frederick Thiele,OneBC,North Vancouver-Seymour,No,,,,,No individual pitch found.,,,,,,,,,,,,,
Andrew Weaver,CentreBC,Oak Bay-Gordon Head,No,"Dr. Andrew J. Weaver is a Professor in the School of Earth and Ocean Sciences at the University of Victoria. He was also the Canada Research Chair in Climate Modelling and Analysis until he was elected as a BC Green Party MLA in the 2013 BC Provincial Election representing the riding of Oak Bay-Gordon Head. In 2015 Dr. Weaver assumed leadership of the BC Green Party, leading them to an historic election result in the 2017 provincial election with three elected MLAs holding the balance of power in an NDP minority government. He returned to UVic after completing two terms as an MLA.

Dr. Weaver received his B.Sc. (Mathematics and Physics) from the University of Victoria in 1983, a Master of Advanced Studies in Mathematics from Cambridge University in 1984, and a PhD in Applied Mathematics from the University of British Columbia in 1987. He has authored or coauthored over 200 peer-reviewed papers in climate, meteorology, oceanography, earth science, policy, education and anthropology journals. He was a Lead Author in the United Nations Intergovernmental Panel on Climate Change 2nd, 3rd, 4th and 5th scientific assessments. He was the Chief Editor of the Journal of Climate from 2005-2009.

Dr. Weaver is a Fellow of the Royal Society of Canada, Canadian Meteorological and Oceanographic Society, American Meteorological Society, American Geophysical Union and the American Association for the Advancement of Science. Over the years he has received a number of awards including the NSERC-Steacie, Killam and Guggenheim Fellowships and the CMOS President’s Prize, the Royal Society of Canada Miroslaw Romanowski Medal and the A.G. Huntsman Award for Excellence in Marine Science. In 2008 he was appointed to the Order of British Columbia and in 2014 he received an honourary D.Sc. degree from McMaster University.

His book, Keeping our Cool: Canada in a Warming World was published by Viking Canada in September 2008. His second book, Generation Us: The Challenge of Global Warming was published by Raven books in 2011.",,,,"Former BC Green leader and MLA for this riding (2013–2020) and UVic climate scientist, now running for CentreBC. On his blog he says he's running because the snap election was opportunistic and the legislature has become dysfunctional, and to support leader Elenore Sturko. He promises civility, evidence-based decision-making and constituent service.",civility and less partisan politics;evidence-based decision-making;constituent service in Oak Bay-Gordon Head;supporting CentreBC/Elenore Sturko;preventing an NDP majority;fiscal responsibility,"Let’s return to evidence-based decision-making. Let’s put people’s interests front and centre and govern for our collective wellbeing, with responsibility to the generations who follow.",https://www.andrewjweaver.ca/2026/09/23/why-im-running-again-in-oak-bay-gordon-head/,,,,,,,,,,https://www.andrewjweaver.ca ; https://www.andrewjweaver.ca/2026/09/28/day-six-a-campaign-taking-shape/ ; https://www.andrewjweaver.ca/2026/09/25/friday-72-hours-after-the-writ-was-dropped/ ; https://thetyee.ca/News/2026/09/24/Andrew-Weaver-Back-CentreBC-Candidate/ ; https://www.timescolonist.com/2026-bc-votes/former-bc-green-leader-to-run-for-centrebc-in-oak-bay-gordon-head-12814003
Stan Sipos,Conservative Party,Oak Bay-Gordon Head,No,"Stan Sipos is the Conservative Party of BC candidate for Oak Bay-Gordon Head.

Stan came to Canada as a refugee. Born in communist Yugoslavia, he lost his mother before his second birthday and spent three years in an Italian refugee camp with his father before Canada welcomed them. His early Canadian years were spent working on the family’s mink ranch in northern Alberta. His family cherished the freedom and opportunity Canada offered. 

At 16, Stan left home with $7.50 and a red CCM bicycle and went to work as a construction labourer. He spent the next decade in the trades, including time in the Carpenters Union, before building a career of more than 50 years in business and real estate development. He has delivered dozens of major projects across British Columbia. 

Stan remains active in award-winning developments built on a simple principle: a project has to earn community support, respect its surroundings, meet residents’ needs and make fiscal sense. He is proudest of the Customs House heritage revitalization in Victoria’s Inner Harbour. He also co-founded Cielo Carbon Solutions, a carbon capture company that reduces emissions at the source while protecting the strength of Canada’s natural gas industry.

A lifelong drag racer, Stan has won races across North America as the underdog against far better-funded teams and was inducted into the inaugural class of the Canadian Drag Racing Hall of Fame. Stan lives in Oak Bay with his wife, Dr. Anna Sylwestrowicz, and their combined family of six.",,,,"Former refugee from Yugoslavia, construction labourer turned developer (Customs House revitalization), and co-founder of Cielo Carbon Solutions. His profile describes his development principle that projects must earn community support and make fiscal sense. It lists no explicit policy priorities.",(implied) housing/development that earns community support;fiscal sense;emissions reduction while supporting natural gas industry,"Stan remains active in award-winning developments built on a simple principle: a project has to earn community support, respect its surroundings, meet residents’ needs and make fiscal sense.",https://conservativebc.ca/candidate/stan-sipos/,,,,,,,,,,
Andrew Appleton,Green Party,Oak Bay-Gordon Head,No,"Andrew Appleton is a two-term municipal councillor for the District of Oak Bay, a community advocate, environmental professional, and longtime champion of climate action, housing diversity, active transportation, and sustainability. He has also chaired the District’s Community Climate Action Working Group, which launched the Coolkit community climate initiative.

He is running to represent Oak Bay-Gordon Head and bring local priorities directly into the provincial conversation.

Andrew has also represented Oak Bay as a Trustee on the Greater Victoria Library Board and served as Board Chair in 2023-24. During his time with the board, he worked with the Vancouver Island Regional Library to advance a Special Resolution to the Union of BC Municipalities calling for expanded provincial funding for libraries. He helped guide the renovation and upgrade of the Oak Bay library branch and the development of temporary facilities for the Nellie McClung branch during its replacement.

Andrew’s commitment to environmental stewardship began early, shaped by a childhood spent exploring creeks and the Kootenay backcountry. He holds professional training in Renewable Resource and Recreation Management and has spent his career working to protect natural spaces while helping communities plan for a more sustainable future.

Andrew is running to keep the priorities of Oak Bay-Gordon Head front and centre, bringing the same approach he has taken in local government: forward thinking, practical action, creativity, and a willingness to speak up on the issues that matter.",,,,"Two-term Oak Bay councillor, former Greater Victoria Library Board chair, and environmental professional of 25+ years. He is running to bring local priorities into provincial decisions, with a record on climate action, housing diversity, active transportation, library funding and sustainability.",local priorities in provincial decisions;climate action;housing diversity;active transportation;library funding;sustainability/environmental protection,"I will keep Oak Bay-Gordon Head priorities front and centre, with a willingness to speak up on issues that matter to this community.",https://bcgreens.ca/candidates-2026/andrew-appleton/,,,https://www.instagram.com/greenpartybc/,,https://www.linkedin.com/in/andrew-appleton-6597a89a/,https://bsky.app/profile/aaoakbay.bsky.social,,,,https://bsky.app/profile/aaoakbay.bsky.social ; https://www.linkedin.com/in/andrew-appleton-6597a89a/
Diana Gibson,New Democratic Party (NDP),Oak Bay-Gordon Head,Yes,"Action for you in Oak Bay-Gordon Head.

Diana Gibson has devoted her career to making life better for people. An award-winning community leader and entrepreneur, she led Greater Victoria’s Community Social Planning Council, and co-founded the Firelight Group — now Canada’s largest Indigenous-owned consulting firm.

During the pandemic, when many people across Greater Victoria faced financial challenges that threatened their housing, Diana’s team at the Community Social Planning Council launched a Rent Bank for the region. They helped more than 2,000 households keep their homes.

On building more housing, investing in healthcare, and tackling climate change, you can count on Diana Gibson and David Eby to fight for you.",,,,"Incumbent MLA (2024) and former Minister of Citizens' Services and of Jobs, Economic Development and Innovation. She previously led the Community Social Planning Council, whose Rent Bank helped more than 2,000 households keep their homes, and co-founded the Firelight Group. Her campaign page uses the party lines on jobs, healthcare and lowering costs.",housing security (Rent Bank record);good jobs (party message);protecting healthcare (party message);bringing down costs (party message);energy and economic future,"During the pandemic, when many people across Greater Victoria faced financial challenges that threatened their housing, Diana’s team at the Community Social Planning Council launched a Rent Bank for the region.",https://dianagibson.bcndp.ca,,,https://www.instagram.com/Diana_Gibson_BC/,,,,,,,https://www.instagram.com/Diana_Gibson_BC/
Curtis Whitford,Conservative Party,Peace River North,No,"Curtis is the Conservative Party of BC candidate for Fort St. John. He will bring to Victoria his 36 years of energy-sector experience and decades of involvement in Northeast B.C.

Curtis has called Fort St. John and Northeast British Columbia home throughout a career and community life deeply connected to the region. With 36 years of experience in the oil and gas industry, Curtis brings extensive firsthand knowledge of the energy sector and the communities and people who support it. He began his career in oilfield construction and maintenance before completing his Fourth Class Power Engineering training at SAIT in Calgary.

Over the following decades, Curtis worked across a wide range of operational and supervisory roles. His experience includes working as a field operator in multiple oil and gas fields throughout Northeast B.C., as well as in gas plant operations and the control room of a producing facility. He subsequently spent approximately a decade in oilfield waste management and later worked as a regional manager with an oilfield engineering firm. His career has also included experience in oilfield transportation and fluid hauling, regional field safety, and community engagement.

Curtis has also maintained a longstanding commitment to his community. He recently joined the Board of Directors of a local co-operative serving the Fort St. John area, continuing his involvement in organizations that support the region and its residents. He has volunteered with minor hockey as a coach and board member and served as Transportation Director for the Regional Trackers hockey program. 

A proud father and part of a blended family, Curtis believes strongly in family, community involvement and contributing to the region he calls home.",https://www.youtube.com/watch?v=ahTyBuXqOkk,Why I am running to be the MLA for Peace River North,2026-09-29,"Fort St. John energy-sector veteran (36 years in oil and gas operations, safety and management) and minor hockey volunteer. In his Sep 29 campaign video he says decisions are too often made without understanding life in the Peace, and he wants to be a strong voice for the region in Victoria.",strong voice for the Peace in Victoria;energy sector/oil and gas;decisions informed by regional realities;community and family,"Together, let's make sure the voice of Peace River North is heard loud and clear in Victoria.",https://www.youtube.com/watch?v=ahTyBuXqOkk,,,,,,,,,,https://conservativebc.ca/candidate/curtis-whitford/ ; https://energeticcity.ca/2026/09/28/peace-river-north-candidates-for-mla/ ; https://www.cjdctv.com/news/article/bc-conservatives-confirm-candidate-for-peace-river-north-riding/
Jordan Kealy,Independent,Peace River North,Yes,MLA for Peace River North,,,,"Incumbent MLA, elected as a Conservative in 2024 and an Independent since 2025. He calls himself an 'Independent conservative' and says independents can represent their ridings without party constraints. He calls the snap election a 'power grab' and blames NDP policies for economic and resource-sector problems. His 2026 videos focus on agriculture and the Old Fort landslide.",independent representation without party constraints;opposing NDP 'power grab';resource-sector and fiscal issues;BC agriculture first;Old Fort landslide response,"This region matters to me, and I’m determined to get it the attention that it deserves.",https://energeticcity.ca/2026/09/28/peace-river-north-candidates-for-mla/,,,,,,,,,,https://www.cjdctv.com/news/article/mla-jordan-kealy-launches-independent-campaign-as-sexual-assault-charge-casts-shadow-over-re-election-bid/
Larry Neufeld,Conservative Party,Peace River South,Yes,"A Dedicated Engineer and Business Leader Running for Peace River South

Larry Neufeld, a seasoned Professional Engineer and accomplished business leader, is committed to the betterment of his local community and society as a whole. As the Conservative Party of BC MLA in Peace River South, Larry brings a wealth of experience, strong values, and a passion for serving his constituents.

Rooted in the Peace River South Community

Larry’s deep commitment to the Peace River South electoral district is evident in the long period he and his family have called this area home. Growing up as the eldest son of a first-generation farmer, Larry inherited a strong work ethic and a “make do with what we have” attitude. His journey led him to pursue higher education, earning a Bachelor of Applied Science in Engineering and pursuing Graduate Studies in the same discipline. His dedication and hard work paid off when he was appointed Vice President of Western Canada’s largest environmental remediation contractor at just 29 years old.

Entrepreneurial Spirit and Fiscal Responsibility

Larry’s entrepreneurial journey began in 2006 when he founded and managed his own successful companies, giving him a profound understanding of fiscal requirements and responsibilities. His approach to managing finances is guided by the principle of not borrowing money for things that cannot be afforded. With a keen understanding of compound interest, Larry believes in responsible financial management and looks forward to bringing this perspective to government.

A Commitment to Strong Values and Community

As a former Reserve Infantry Platoon Commander, Larry instilled strong values in the troops under his command. He has also dedicated countless volunteer hours to his local community, embodying his commitment to service and making a positive impact.

Exploring Diverse Cultures and Engaging with People

Larry’s personal interests extend beyond business and politics. He is an avid traveler who seeks to connect with local people and understand their cultures and ways of life. Engaging with and forming meaningful connections with others is a core value he brings to every aspect of his life.

A Voice for a Better Community

Larry does not support the current political structure and is determined to make the South Peace Region community a better place by providing a strong voice and unwavering support for its residents.

Fiscal Conservatism and Law and Order

Larry’s political views align with fiscal conservatism, rooted in the belief that one should not borrow money for things beyond their means. His deep understanding of compound interest informs his commitment to responsible financial management. Moreover, Larry advocates for the strengthening and re-establishment of law and order in the province, emphasizing personal responsibility for one’s actions and their consequences.

As the MLA for Peace River South, Larry Neufeld represents a unique blend of engineering expertise, business acumen, strong values, and a commitment to community service. With his dedication to fiscal responsibility and law and order, Larry is ready to be a powerful advocate for the constituents of Peace River South, working tirelessly to create a safer, more prosperous, and better future for all.",,,,"Incumbent MLA (2024), professional engineer, business owner and former reserve infantry officer, raised on a farm. His party profile stresses fiscal conservatism (not borrowing for what you can't afford), restoring law and order and personal responsibility, and being a strong voice for the South Peace.",fiscal conservatism/no borrowing beyond means;law and order and personal responsibility;strong voice for South Peace;opposition to current political structure,"Larry’s political views align with fiscal conservatism, rooted in the belief that one should not borrow money for things beyond their means.",https://conservativebc.ca/candidate/larry-neufeld/,,https://www.facebook.com/LarryNeufeldSouthPeace,https://www.instagram.com/larryneufeld_southpeace/,https://x.com/LarryNeufeldCon,,,,,,https://www.facebook.com/LarryNeufeldSouthPeace ; https://www.instagram.com/larryneufeld_southpeace/ ; https://x.com/LarryNeufeldCon
Marsha Rose Dufresne,New Democratic Party (NDP),Peace River South,No,,,,,No individual pitch found.,,,,,,,,,,,,,
Helen Scott,Independent / no party,Peace River South,No,,,,,No individual pitch found.,,,,,,,,,,,,,
Tracy St Claire,Conservative Party,Penticton-Summerland,No,"Tracy St. Claire is a long-time Penticton resident, healthcare leader and former school trustee with a track record of bringing people together to solve complex problems and deliver results.

Improving access to care has been at the heart of Tracy’s work with the South Okanagan Similkameen Division of Family Practice, where she has spent the past 14 years, including nine years as Executive Director. In that role, she leads a regional organization representing family physicians and nurse practitioners and works with healthcare providers, community partners and all levels of government to strengthen primary care.

Under Tracy’s leadership, the Division led family physician and nurse practitioner recruitment and retention and established four family medicine clinics, the Penticton hospital inpatient program and the South Okanagan Maternity Centre. This work has given Tracy firsthand experience with the challenges facing B.C.’s healthcare system and where investments in frontline patient care can make a difference.

Most recently, during the 2026 Bald Range wildfire, Tracy served as Incident Commander for the Division’s emergency response, coordinating primary care services during the evacuation of Summerland and the disruption of healthcare and long-term care services.

She believes the region must now focus on recovery, support those affected and use what was learned to better prepare for future emergencies.

Earlier in her career, Tracy worked in negotiation and mediation, including with the BC Treaty Commission. She later served as Director of the United Way of the South Okanagan Similkameen and was elected to the Okanagan Skaha School Board, where she served as Vice-Chair and Finance Chair.

Tracy holds a Master of Arts from Simon Fraser University and a Bachelor of Arts from the University of British Columbia, with additional training in negotiation, financial management, quality improvement and organizational coaching.

Fiscally conservative, Tracy believes government has a responsibility to live within its means, use taxpayers’ money carefully and ensure public spending delivers results. She believes effective government starts with listening to communities, making sound decisions and staying focused on the services and priorities that matter most to British Columbians. She would be honoured to represent the people and communities of Penticton-Summerland in the B.C. Legislature.",,,,"Executive director of the South Okanagan Similkameen Division of Family Practice, where she led physician recruitment and new clinics. She was incident commander for primary care during the 2026 Bald Range wildfire and is a former school trustee. She ran unaffiliated in 2024. Her profile pitches better access to primary care, wildfire recovery and preparedness, and fiscally careful government.",access to primary care/doctor recruitment;wildfire recovery and emergency preparedness;fiscal responsibility (live within means);listening to communities,"Fiscally conservative, Tracy believes government has a responsibility to live within its means, use taxpayers’ money carefully and ensure public spending delivers results.",https://conservativebc.ca/candidate/tracy-st-claire/,,,,,,,,,,https://pentictonwesternnews.com/2026/10/01/tina-lee-to-take-second-shot-at-penticton-summerland-for-bc-ndp/
Bradley Sean Bartsch,Green Party,Penticton-Summerland,No,"Bradley Bartsch is a community advocate with experience across the nonprofit, education, social services, international development, financial services, arts and athletics sectors. He and his wife of 40 years moved to Penticton in 2021 and have enjoyed becoming part of the South Okanagan community.

Throughout his career, Bradley has worked with organizations including Ronald McDonald House BC & Yukon, Co:Here Housing Society, World Vision Canada, Simon Fraser University, RBC Financial Group and the Abbotsford Heat Hockey Club. His work has included fundraising for healthcare and social housing initiatives and supporting international maternal and child health programs.

Raised on Canada’s west coast, Bradley holds a Bachelor of Arts in Political Science and Business Administration from Simon Fraser University. A former multi-sport athlete, he continues to enjoy the outdoors and values the natural environment that makes the South Okanagan a special place to live.

Bradley is running in Penticton-Summerland to advocate for community-driven development and to help realize the region’s potential for both economic and environmental prosperity. He wants to bring the needs, ideas and priorities of local residents to the Legislature while working toward a sustainable future for the region.",,,,"Nonprofit fundraiser and community advocate (Ronald McDonald House, World Vision, Co:Here Housing) who moved to Penticton in 2021. He ran in 2024. He is running for community-driven development and economic and environmental prosperity, bringing residents' priorities to the Legislature.",community-driven development;economic and environmental prosperity;sustainable future;representing local residents' ideas,I am committed to serving and being the voice in Victoria of the residents of Penticton-Summerland.,https://bcgreens.ca/candidates-2026/bradley-bartsch/,,https://www.facebook.com/bradley.bartsch.5,https://www.instagram.com/greenpartybc/,,https://www.linkedin.com/in/bradley-bartsch-b0947915/,,,,,https://www.facebook.com/bradley.bartsch.5 ; https://www.linkedin.com/in/bradley-bartsch-b0947915/
Tina Lee,New Democratic Party (NDP),Penticton-Summerland,No,"Building BC strong in Penticton-Summerland

Tina Lee has worked across six continents, but Penticton is always home. It’s where she’s raising her two children, and where she wants them to grow up.

Tina works hard for people every day, and has a proven record of making their lives better. As a member of the Okanagan College’s Board of Governors she helped deliver real action on housing, leading the charge towards 101 units of affordable student housing announced this spring for the Penticton campus.

Tina Lee, David Eby and the BC NDP have a plan to create jobs, protect healthcare, and make life more affordable.",,,,"Okanagan College board member who pushed for 101 affordable student housing units in Penticton. She was the 2024 NDP candidate (about 300 votes behind) and stepped in after incumbent Amelia Boultbee withdrew. She is running on affordable housing, mental health supports, strong public services and dignity for seniors.",affordable housing;mental health supports;strong public services;seniors aging with dignity;care when people need it;standing up for working people,"People in Penticton-Summerland deserve a representative that will stand up for affordable housing, mental health supports and strong public services.",https://pentictonwesternnews.com/2026/10/01/tina-lee-to-take-second-shot-at-penticton-summerland-for-bc-ndp/,,https://www.facebook.com/TinaLeeforPentictonSummerland,https://www.instagram.com/tinamelee/,https://twitter.com/tinamlee,,,,,,https://tinalee.bcndp.ca ; https://www.facebook.com/TinaLeeforPentictonSummerland ; https://www.instagram.com/tinamelee/ ; https://twitter.com/tinamlee ; https://www.castanetkamloops.net/edition/news-story-633046-21-.htm
Warren Hamm,OneBC,Penticton-Summerland,No,"Warren Hamm has spent his life building things, fixing problems, and getting the job done, not building a political career.

A contractor, licensed aircraft maintenance engineer, and small-business owner, Warren has more than 30 years of hands-on experience in aviation, construction, resources, and emergency response. His work has taken him across British Columbia, from Dawson Creek and Prince Rupert to Campbell River and the West Kootenay, including helicopter maintenance supporting firefighting operations.

Born in Vancouver and raised in the Cariboo, Warren has lived the realities of communities across this province. After more than 25 years in the West Kootenay, he and his family now call the South Okanagan home.

He knows what it takes to start a business, meet a payroll, work with your hands, solve problems under pressure and deliver when people are counting on you.

Warren is a husband and father of two daughters, both trained as nurses. He believes British Columbia needs to get back to building more homes, stronger communities, thriving small businesses and a resource economy that creates opportunity and prosperity.

His message is simple: cut the red tape, get government out of the way, and put “builders – not bureaucrats” in charge of getting British Columbia moving again.

Warren was the first candidate to declare for the 2026 BC Conservative leadership race. Now, he is proud to be a OneBC candidate for Penticton–Summerland.

He’s spent 30 years building British Columbia. Now he’s ready to fight for its future.",,,,"Contractor, aircraft maintenance engineer and small business owner with 30 years in aviation, construction, resources and wildfire support. He was the first declared candidate in the 2026 Conservative leadership race. His message: cut red tape, get government out of the way, and put 'builders – not bureaucrats' in charge of more homes, small business and a resource economy.",cut red tape;build more homes;small business;resource economy;'builders not bureaucrats',"His message is simple: cut the red tape, get government out of the way, and put “builders – not bureaucrats” in charge of getting British Columbia moving again.",https://1bc.ca/candidates/whamm,,https://www.facebook.com/profile.php?id=61588498351906,,https://x.com/WarrenHamm,,,,,,https://www.facebook.com/profile.php?id=61588498351906 ; https://x.com/WarrenHamm
Keenan Adams,Conservative Party,Port Coquitlam,No,"Keenan Adams has called Port Coquitlam home since 2010, where he lives with his wife, Florence.

That same year, Keenan graduated from the Railway Conductor program at the British Columbia Institute of Technology and began a career in the local railroad industry. Through hard work and dedication, he advanced from conductor to locomotive engineer, and today he helps train the next generation of railway workers. His career has given him a firsthand understanding of the industry that keeps goods, jobs, and the Lower Mainland moving.

Alongside his work on the railway, Keenan pursued further education in public relations. He also serves as Local President of Teamsters Canada Rail Conference Local 320, where he represents his fellow workers and advocates for safe, fair and well-paying jobs. His leadership in the labour movement reflects a simple belief: working people deserve a strong voice, both on the job and in government.

Keenan is deeply invested in his community. He volunteers frequently with the PoCo Lions Club, takes part in the City of Port Coquitlam’s Adopt-A-Spot program and joins local river cleanups to help keep the city’s natural spaces clean and healthy for families to enjoy.",,,,"Railway locomotive engineer and Teamsters Canada Rail Conference Local 320 president, running again after his 2024 Conservative campaign. His party bio stresses that working people deserve a strong voice in government. In his 2024 campaign video he pledged to move the MLA office downtown and focus on a diverse economy, seniors and the cost of living and housing (2024).",cost of living and housing (2024);strong diverse economy with the environment in mind (2024);care for elders and vulnerable (2024);move MLA office to downtown PoCo (2024);voice for working people/labour,"His leadership in the labour movement reflects a simple belief: working people deserve a strong voice, both on the job and in government.",https://conservativebc.ca/candidate/keenan-adams/,,,,,,,,,,https://bcballot.ca/ridings/port-coquitlam/
Stephanie Hendy,Green Party,Port Coquitlam,No,,,,,"no individual pitch found. Confirmed BC Green candidate on the Elections BC list; no bio, website or social posts located.",,,,,,,,,,,,,https://bcballot.ca/ridings/port-coquitlam/
Lewis Dahlby,Libertarian,Port Coquitlam,No,,,,,"Party bio (best available): Lewis Dahlby, 70, runs a trucking and excavating business. The Libertarian page says he believes greater personal and economic freedom increases overall prosperity. He also ran federally in 2025.",personal and economic freedom (party bio),Lewis believes greater personal and economic freedom increases overall prosperity.,https://libertarian.bc.ca/2026-candidates/,,,,,,,,,,
Mike Farnworth,New Democratic Party (NDP),Port Coquitlam,Yes,"Mike Farnworth: Protecting what families rely on in Port Coquitlam

Mike Farnworth has proudly called Port Coquitlam home for more than 50 years. Raised in our community, he has spent decades serving British Columbians in a variety of leadership roles, including several senior cabinet positions, and most recently as Minister of Transportation.

A strong advocate for Port Coquitlam, Mike served three terms as a City Councillor before being elected MLA in 1991. Since then, voters have re-elected him six times.

Throughout his career, Mike has remained committed to the community he calls home. He understands local priorities and has always put Port Coquitlam first.

Whether championing strong public healthcare and education, improving transportation, protecting the environment, or advancing justice reforms, Mike has a proven record of delivering results for local residents.

The BC Conservatives may want to cozy up to Trump and cut the things British Columbians value, but Mike Farnworth, David Eby and the BC NDP have a plan: to stand up for BC and for Canada, to protect the services that people need, and to build the infrastructure and economy we need for a stronger future.

The plan is working. We can’t stop now.",,,,"Long-time MLA (since 1991) and most recently Minister of Transportation, seeking re-election in his home community of 50+ years. His campaign page cites his record on health care, education, transportation, environment and justice reform, and frames the race as protecting services against Conservative cuts (party message).",protect public health care and education;transportation/infrastructure;environment;justice reform;stand up to Trump/tariffs (party message),Mike Farnworth: Protecting what families rely on in Port Coquitlam,https://mikefarnworth.bcndp.ca,,https://www.facebook.com/MikeFarnworthBC/,https://www.instagram.com/mike_farnworth.bc/,https://x.com/mikefarnworthbc,,,,,,https://www.facebook.com/MikeFarnworthBC/ ; https://www.instagram.com/mike_farnworth.bc/ ; https://x.com/mikefarnworthbc
Lee-Ann Bates,Independent / no party,Port Coquitlam,No,,,,,no individual pitch found. Listed as unaffiliated candidate by Elections BC; no bio or campaign material located.,,,,,,,,,,,,,
Freddy Rawji,CentreBC,Port Moody-Burquitlam,No,"Freddy Rawji was born and raised in Port Moody and graduated from Port Moody Secondary School as the 2010 valedictorian. After earning a BSc in Economics from the University of Victoria, he built a career in recruitment focused on the engineering and construction management sectors.

In 2018, Freddy joined RAM Consulting and helped the company scale from 15 to 100 people as it delivered one of Metro Vancouver’s largest industrial projects, supplying aviation fuel to YVR. He also launched RAM’s electric vehicle charging infrastructure design service.

In December 2020, Freddy founded Torus Talent, a recruitment and leadership consulting firm that specializes in technical talent. In under six years, he has grown it to 20 headcount and $5 million in annual revenue, working with some of BC’s largest companies as well as start-ups.

Freddy is passionate about making BC a better place to do business. His own path has convinced him that small businesses are best placed to innovate and create high-paying jobs, and that a stronger economy is what pays for the social services British Columbians rely on.

He is running with CentreBC because he believes the other parties are rowing in opposite directions, while most British Columbians are in the middle. Freddy believes in progress, but in progress that is thought through and guided by science and data, not political ideology.",,,,"Port Moody-raised recruitment entrepreneur (founder of Torus Talent) running for CentreBC. He argues small businesses create high-paying jobs and a stronger economy pays for social services, and says he wants evidence-based progress rather than ideology.",support small business and economy;fund social services through growth;science- and data-guided policy;centrist alternative,"Freddy believes in progress, but in progress that is thought through and guided by science and data, not political ideology.",https://www.centrebc.ca/our-team/freddy-rawji/,,,,,,,,,,
John McEwen,Conservative Party,Port Moody-Burquitlam,No,"John McEwen is the Conservative Party fo BC Candidate for Port Moody-Burquitlam

John has called Anmore home for more than 20 years and has spent much of that time serving the community and the broader region. John served 18 years on Anmore Council, including 12 years as Mayor. When he was first elected 18 years ago, the Village faced an infrastructure deficit of approximately $10 million and had limited revenue sources. John worked with Council and staff to develop a long-term financial plan focused on responsible fiscal management and building sustainable reserves. Today, Anmore’s infrastructure has been brought up to municipal standards and the Village has more than $10 million in reserve. 

John has also held significant regional leadership positions. For the past four years, he has been elected by his peers on the Metro Vancouver Board to serve as Vice Chair. For the past eight years, he has chaired the Metro Vancouver Parks Committee, where he helped oversee an unprecedented expansion of the regional parks land inventory. He has also served as a member of the Mayor’s Council on TransLink and is a Trustee with the Municipal Finance Authority of British Columbia.

John created and owned two small businesses, both of which he subsequently sold. This experience has given him a practical understanding of business, investment, employment and the challenges facing small-business owners.

After 18 years in municipal government, John has decided to step forward at the provincial level because he believes British Columbia needs practical solutions, responsible fiscal management and leadership grounded in real-world experience.

John is running to bring his municipal, regional and business experience to the Legislature and to be a strong, independent voice for the residents of Port Moody-Burquitlam.",,,,"Former Anmore mayor (12 years) and Metro Vancouver Board vice-chair. He points to bringing Anmore's infrastructure up to standard while building over $10 million in reserves, and says he is running for practical solutions and responsible fiscal management.",responsible fiscal management;practical solutions;regional parks/infrastructure experience;small business;independent voice for riding,"John is running to bring his municipal, regional and business experience to the Legislature and to be a strong, independent voice for the residents of Port Moody-Burquitlam.",https://conservativebc.ca/candidate/john-mcewen/,,,,,,,,,,https://votemate.org/bc2026provincial/candidates/14809
Wei Chou,Green Party,Port Moody-Burquitlam,No,,,,,no individual pitch found. Confirmed BC Green candidate on the Elections BC list; no bio or campaign material located.,,,,,,,,,,,,,https://bcballot.ca/ridings/port-moody-burquitlam/
Rick Glumac,New Democratic Party (NDP),Port Moody-Burquitlam,Yes,"Rick Glumac: Standing up for people in Port Moody-Burquitlam

Rick Glumac is a three-term MLA with a long record of standing up for people and local businesses. His work in government has focused on economic development, technology and trade, serving as Minister of State for AI and New Technologies, Minister of State for Trade, and Parliamentary Secretary for Technology.

Rick also served as President of the Pacific NorthWest Economic Region, championing stronger cross-border cooperation and Canadian interests. Before public service, he worked in the tech sector in computer animation and video games, including on films like Shrek 2 and Madagascar.

As a Port Moody City Councillor and MLA, Rick has worked to improve healthcare and childcare, helped establish Port Moody’s Urgent and Primary Care Centre, and helped stop the sale of lands around Eagle Ridge Hospital, preserving them for future hospital expansion.

A Port Moody resident for more than 20 years, Rick raised his family here and is proud to keep working hard for Port Moody–Burquitlam.

Rick Glumac will never stop fighting for Port Moody-Burquitlam, and he's ready to keep building BC strong with David Eby.",,,,"Three-term MLA and Minister of State for AI and New Technologies, formerly a tech/animation worker. His page highlights helping set up Port Moody's Urgent and Primary Care Centre and stopping the sale of land around Eagle Ridge Hospital to keep it for expansion.","health care (Eagle Ridge Hospital expansion lands, urgent care);childcare;economic development, technology and trade;stand with Eby (party message)","Rick Glumac will never stop fighting for Port Moody-Burquitlam, and he's ready to keep building BC strong with David Eby.",https://rickglumac.bcndp.ca,,https://facebook.com/RickGlumacBC/,,https://twitter.com/RickGlumacBC,,,,,,https://facebook.com/RickGlumacBC/ ; https://twitter.com/RickGlumacBC
John Henderson,Conservative Party,Powell River-Sunshine Coast,No,"John Henderson is the Conservative Party of BC candidate for Powell River-Sunshine Coast.

John is currently finishing his second term as Mayor of the District of Sechelt. During his first term, he led the team that designed, funded and built the award winning SecheltWater Resource Centre, which treats wastewater to amongst the highest standards in Canada. Re-elected in 2022, John has advocated strongly for the needs of rural communities across Canada.

His service to the Coast extends beyond municipal government. He was chair of the Sunshine Coast Community Forest, and served on the board of BC Ferries for 2004 to 2008. He also chaired the Sechelt Sewage Facilities Commission in partnership with the Sechelt Indian Government District. He has served as a director of the Sunshine Coast Golf & Country Club, and coached Sunshine Coast youth soccer. In 2012, John’s service to his community was recognized with the Queen’s Diamond Jubilee Medal. John believes the Sunshine Coast can lead the province, not follow it.

John pairs his passion for community service with nearly 50 years of business experience, including 20 years based in Hong Kong. John earned a Bachelor of Commerce degree from UBC in 1977 and his Chartered Accountant designation in 1979. In 1997, he was awarded the prestigious Fellow of the Institute of Chartered Accountants designation.",https://www.youtube.com/watch?v=3GhwDhhz05I,Sechelt Mayor & Conservative Candidate John Henderson on Indigenous Relations & Politics (The New Westminster Times),2026-10-03,"Outgoing two-term Sechelt mayor and chartered accountant, recruited after the snap election was called. He told local papers he will focus on community safety and support for municipalities, ferry reliability (including buying used vessels), and transparency about provincial debt.","community safety and neighbours near supportive housing;end downloading onto municipalities;BC Ferries: new/used vessels, backup capacity;provincial debt and transparency","We’ve got to get real about what it takes to run a ferry system,",https://www.coastreporter.net/2026-bc-votes/conservatives-declare-candidate-for-powell-river-sunshine-coast-12845781,,,,,,,,,,https://www.coastreporter.net/2026-bc-votes/conservatives-declare-candidate-for-powell-river-sunshine-coast-12845781
Griffin Leonard Lea,Green Party,Powell River-Sunshine Coast,No,,,,,no individual pitch found. Confirmed BC Green candidate on the Elections BC list; no bio or campaign material located.,,,,,,,,,,,,,https://bcpoli.gremble.io/riding/powell-river-sunshine-coast
Randene Neill,New Democratic Party (NDP),Powell River-Sunshine Coast,Yes,"Randene Neill: Protecting the services families count on in Powell River-Sunshine Coast

Randene Neill was elected as the MLA for Powell River-Sunshine Coast in 2024. In government, she served as BC’s Minister of Water, Land and Resource Stewardship.

Prior to public life, Randene worked as a journalist at Global BC for nearly two decades, reporting and anchoring for the Noon Newshour, Weekend Newshour, and Newshour Final. She also worked as a communications consultant for organizations that include te BC Parks Foundation and the new St. Paul’s Hospital.

She lives on the beautiful Sunshine Coast with her partner and two (mostly) good dogs.

Where the Conservatives would cut services and cozy up to Trump, Randene Neill, David Eby and the BC NDP have a plan to stand up for families, protect the services that matter, and build our economy so we are strong in the face of threats.

The plan is working. And we can’t stop now.",,,,"First-term MLA (2024) and Minister of Water, Land and Resource Stewardship, a former Global BC journalist living in Pender Harbour. Her launch statement focuses on standing up for B.C. against Trump's economic threats while protecting the environment; her campaign page frames the race as protecting services from Conservative cuts (party message).",stand up to Trump/tariffs (party message);protect environment and stewardship;protect public services (party message),"We’re fighting for a more resilient B.C. where we are good stewards of the place we call home,",https://www.coastreporter.net/local-news/randene-neill-running-for-re-election-in-powell-river-sunshine-coast-12820631,,https://www.facebook.com/profile.php?id=61555866662538,,https://x.com/Randene4PRSC,,,,,,https://www.facebook.com/profile.php?id=61555866662538 ; https://x.com/Randene4PRSC
Kiel Giddens,Conservative Party,Prince George-Mackenzie,Yes,"Kiel Giddens is a dad to two young boys, Thomas and Charlie. He and his wife Elyse have chosen to make Prince George their home to work, raise their children, and provide every opportunity they possibly can for their kids’ futures.

Career and Community Involvement 

Kiel has spent over a decade building Northern opportunities as part of the largest private sector investment in Canadian history in bringing a brand-new LNG industry to British Columbia and Canada. He has spent time in communities across the North building partnerships, engaging stakeholders, and connecting economic opportunities for job-seekers and businesses.

As a Past-President of the Prince George Chamber of Commerce, he has been an advocate for small businesses and jobs in Prince George and the region. Kiel currently serves on the Board of Directors for Spirit of the North Healthcare Foundation. He has also served as a representative on the Premier’s LNG Labour Working Group, the College of New Caledonia President’s Industry Council, and the Regional District of Bulkley-Nechako Strategic Workforce Opportunities Team.

Aside from his time in the private sector, Kiel has held senior roles in previous governments. As Chief of Staff to the Minister of Environment, he supported the
former government’s mandate to reduce red tape in environmental assessments, and to enhance environmental stewardship. Immediately prior to the 2013 election, Kiel was Chief of Staff to the Minister of Transportation & Infrastructure and negotiated with federal government representatives to fast-track spending on projects like the Cariboo Connector and South Taylor Hill in the Peace. He also held roles in the Ministry of Forests, Lands, and Natural Resource Operations, and the Ministry of Labour, and has experience in topics such as wildlife management policy, forest policy, climate policy, WorkSafe BC policy, and construction labour relations policy.

Vision 

Kiel is a strong voice for Northern British Columbia, and wants Prince George, Mackenzie, and the Northern region to grow and prosper. As a Father, he is driven to find ways to make life more affordable for families. He believes in respect for taxpayers, enhancing community safety, tackling pressing healthcare issues, strengthening mental health and addiction support systems, championing our resource sectors, and building job opportunities for people to get ahead.",,,,"First-term Conservative MLA and the party's election readiness chair, formerly in the LNG sector and Prince George Chamber past-president. At his Oct 2 launch he said resource-sector jobs, especially forestry, will be central, along with cardiac care for the north and continued University Hospital of Northern B.C. expansion.",protect forestry and resource-sector jobs;long-term forestry stabilization plan;cardiac care in northern BC;UHNBC hospital expansion;affordability for families;community safety;mental health and addictions,"We need to fight tooth and nail for resource-sector jobs in this part of the province,",https://ckpgtoday.ca/2026/10/02/giddens-launches-re-election-bid-in-prince-george-mackenzie/,,https://www.facebook.com/MLAKielGiddens,https://www.instagram.com/kiel.giddens/,https://x.com/KielGiddens,,,,,,https://www.facebook.com/MLAKielGiddens ; https://www.instagram.com/kiel.giddens/ ; https://x.com/KielGiddens
Teri Young,Green Party,Prince George-Mackenzie,No,"Teri holds a Bachelor of Education in Industrial Education from the University of British Columbia. Early in her career, she taught in Gitlax̱t’aamiks Village (New Aiyansh) in Nisga’a territory on the Nass River, before returning to Victoria and continuing to work as a substitute teacher.

She later founded and operated Paxar Technologies Corp, a national software distribution company that she successfully ran for more than 30 years before retiring in 2018. Her experience as a small-business owner gave her firsthand experience with managing employees, adapting to change and building a business over the long term.

Teri now lives on a small hobby farm in Cowichan Bay, where she raises chickens and supports local agriculture. She is passionate about food security, local farming and protecting the natural systems communities depend on.

As a mother of three adult children and a grandmother, Teri is focused on the kind of future younger generations will inherit. She is running in Prince George-Mackenzie to advocate for clean energy, good jobs, strong social supports and safe, resilient communities.",,,,"Retired software-company founder and former teacher who lives on a hobby farm in Cowichan Bay (per her bio). Her bio says she is running to advocate for clean energy, good jobs, strong social supports and safe, resilient communities, with a focus on food security.","clean energy;good jobs;strong social supports;safe, resilient communities;food security and local farming","She is running in Prince George-Mackenzie to advocate for clean energy, good jobs, strong social supports and safe, resilient communities.",,,,https://www.instagram.com/greenpartybc/,,,,,,,https://www.instagram.com/greenpartybc/
Ian McMahon,New Democratic Party (NDP),Prince George-Mackenzie,No,,,,,no individual pitch found. Confirmed BC NDP candidate; his ianmcmahon.bcndp.ca page currently shows only generic constituency-association text (mentions Peace River North).,,,,,,,,,,,,,
Sheldon Clare,Conservative Party,Prince George-North Cariboo,Yes,"Born and bred in the heart of Prince George, British Columbia, Sheldon Clare’s deep roots in the community have shaped his unwavering commitment to the betterment of Prince George-North Cariboo. A loving father to two daughters, Elise and Danielle, Sheldon’s life is dedicated to both his family and the community he proudly calls home.

A Scholarly Journey with a Passion for Education

Sheldon’s academic journey is marked by excellence. He holds a Bachelor of Arts degree in International Relations from the esteemed University of British Columbia. Furthermore, his passion for military history led him to achieve cum laude honors for his Master of Arts degree from Norwich University.

Dedicated to the Classroom

Since 1993, Sheldon has been an integral part of the College of New Caledonia (CNC), where he has played a pivotal role in shaping young minds. As an educator, his dedication goes beyond teaching, as he served as a contract negotiator for 12 years. His leadership qualities shone through with six terms as the chair of the provincial Bargaining Co-ordination Committee, ensuring the welfare of educators across the province. Sheldon’s commitment extended to serving on the CNC Board of Governors, where his insights and vision contributed to the institution’s growth and development.

A Defender of Canadian Values

Sheldon’s service to the nation extends beyond the classroom. As a reserve army officer, he dedicated over seven years to instructing cadets, instilling discipline and leadership in the next generation of Canadian citizens. His advocacy successfully led to the establishment of a reserve infantry unit in Prince George, bolstering the region’s contribution to national security.

A Musician and Sports Enthusiast

Sheldon’s passion for music has found expression as a piper, playing with the local pipe band since his teenage years. His love for the outdoors is evident through his interests in hunting, shooting, and both downhill and cross-country skiing. Sheldon’s dedication to sports goes beyond participation; he is a certified Biathlon Canada Technical Delegate and trained coach. His commitment to the sport is reflected in his service on the board of Biathlon BC.

A Community Leader with a Heart of Gold

Sheldon’s leadership extends to various community organizations. He served two terms as the president of Royal Canadian Legion Branch 43 in Prince George and continues to hold the esteemed position of Legion Chair. Additionally, he played a pivotal role as the national president of Canada’s National Firearms Association from 2010 to 2021, advocating for responsible firearms ownership.

As a past multi-term president and current director at large of the PG Rod and Gun Club, Sheldon contributes significantly to the outdoor and recreational community in Prince George. He is a seasoned adventurer, having enjoyed caving, ice climbing, and mountaineering. His commitment to outdoor pursuits is exemplified by his three-term chairmanship of the Prince George Section of the Alpine Club of Canada.

Sheldon Clare’s involvement as a key organizer for the rejuvenated Northern Hardware Canoe Race from 2015 to 2019 demonstrates his dedication to preserving local traditions and fostering community connections. His multifaceted leadership and unwavering commitment make him an exceptional MLA for the Conservative Party of BC in Prince George-North Cariboo. Sheldon Clare brings his rich experience and passion for community service to the forefront, ensuring a brighter future for the people of Prince George-North Cariboo.",,,,"First-term Conservative MLA, longtime College of New Caledonia instructor, former reserve army officer and past president of the National Firearms Association. He entered the Conservative leadership race in January 2026. His party page is biographical and highlights community leadership; his MLA channel covers forestry and his 2025 throne speech response.",forestry (MLA video);outdoor/firearms community advocacy;education;veterans/Legion,"Sheldon Clare brings his rich experience and passion for community service to the forefront, ensuring a brighter future for the people of Prince George-North Cariboo.",https://conservativebc.ca/candidate/sheldon-clare/,,https://www.facebook.com/SheldonClareBC,https://www.instagram.com/sheldondclare/,https://x.com/SheldonClareBC,,,,,,https://www.facebook.com/SheldonClareBC ; https://www.instagram.com/sheldondclare/ ; https://x.com/SheldonClareBC
Randy Thompson,Green Party,Prince George-North Cariboo,No,,,,,no individual pitch found for 2026. He was also the Green candidate here in 2024; the 2024 UNBC all-candidates forum recording is the best available material.,,,,,,,,,,,,,
Denice Bardua,New Democratic Party (NDP),Prince George-North Cariboo,No,,,,,no individual pitch found for 2026. She was also the NDP candidate here in 2024; her bcndp.ca page shows only generic constituency-association text.,,,,,,,,,,,,,https://ckpgtoday.ca/2024/09/24/denice-bardua-announced-as-bc-ndp-candidate-for-prince-george-north-cariboo/
Rosalyn Bird,Conservative Party,Prince George-Valemount,Yes,"Rosalyn Bird was elected as the Member of the Legislative Assembly for Prince George-Valemount in November 2024, bringing more than two decades of Canadian Armed Forces service and a lifelong commitment to leadership, accountability and public service to the Legislature.

Since her election, Rosalyn has worked to be a strong and accessible voice for Prince George, Valemount, McBride and communities throughout the Robson Valley, while ensuring the priorities of Northern and rural British Columbia are heard in Victoria.

During her first term, Rosalyn served as Official Opposition Whip and held critic responsibilities for Citizens’ Services, Children and Family Development, Community Safety and Integrated Services, and Armed Forces Development and Veteran Affairs. She has also served on several legislative committees, where she developed a strong appreciation for detailed legislative review, government accountability and constructive collaboration across party lines.

One of Rosalyn’s proudest accomplishments was successfully sponsoring the Veterans and First Responders Act in 2026. The Private Member’s Bill received unanimous support in the Legislative Assembly and formally recognizes the service and sacrifice of British Columbia’s veterans, Canadian Armed Forces members and first responders.

Rosalyn has also advanced a long-term economic vision for Prince George and Northern British Columbia through her proposal for an Integrated Northern Defence, Training and Trade Hub. The initiative builds upon the region’s strategic location, transportation infrastructure and skilled workforce, with the goal of attracting investment, diversifying the Northern economy and creating stable, family-supporting careers for generations to come.

Before entering provincial politics, Rosalyn served for more than twenty years in the Canadian Armed Forces. She began her career as a Boatswain, later became a Resource Management Clerk, and in 2005 was commissioned from the ranks as a Naval Logistics Officer. Her career included service at CFS Alert, deployments aboard Royal Canadian Navy ships and support for NATO operations.

Her military service helped shape the values she continues to bring to public life: duty, loyalty, integrity and courage.

Rosalyn’s work as MLA has been grounded in listening to constituents, advocating for communities that too often feel overlooked, and pursuing practical solutions. Her priorities have included safer communities, veterans and first responders, stronger public services, government accountability, economic development, and resource and infrastructure investment.

Rosalyn is seeking re-election with a desire to continue serving the people of Prince George-Valemount and strengthening the voice of Northern British Columbia. She believes public service is both a privilege and a responsibility and that the decisions made today must create opportunity, stability and stronger communities for the generations that follow.",,,,"First-term MLA and 20-year Canadian Armed Forces veteran who left the Conservatives for CentreBC in August 2026 and has since returned to run as a Conservative. Her party page highlights her unanimously passed Veterans and First Responders Act and a proposed Integrated Northern Defence, Training and Trade Hub to diversify the northern economy.","safer communities;veterans and first responders;stronger public services;government accountability;Northern Defence, Training and Trade Hub/economic development;resource and infrastructure investment","Her priorities have included safer communities, veterans and first responders, stronger public services, government accountability, economic development, and resource and infrastructure investment.",https://conservativebc.ca/candidate/rosalyn-bird/,,,https://www.instagram.com/rosalynbirdmlaofficial/,https://x.com/RosalynBirdMLA,,,,,,https://www.instagram.com/rosalynbirdmlaofficial/ ; https://x.com/RosalynBirdMLA ; https://www.princegeorgecitizen.com/local-news/all-pg-mlas-running-for-re-election-12810018
Jodie Capling,Green Party,Prince George-Valemount,No,,,,,no individual pitch found. Confirmed BC Green candidate; she previously ran for the Green Party of Canada in the 2025 federal election.,,,,,,,,,,,,,https://bcballot.ca/ridings/prince-george-valemount/jodie-capling/
Carol Bourque,New Democratic Party (NDP),Prince George-Valemount,No,,,,,"Prince George-born Indigenous public-sector worker with 14 years in Health Information Management at Northern Health. Her launch statement centres on fixing health care from inside-the-system experience, plus practical solutions and honest leadership.",health care;practical solutions and honest leadership;affordability and jobs (party message),"I’ve spent my career inside the system, now I’m ready to help fix it.",https://ckpgtoday.ca/2026/09/27/bc-ndp-names-bourque-candidate-in-prince-george-valemount/,,,,,,,,,,
Mitchell Lukoni,OneBC,Prince George-Valemount,No,"Born and raised in Prince George, Mitchell has spent his working life in Northern British Columbia.

He holds a Bachelor of General Studies from Athabasca University, with concentrations in psychology and political philosophy. He has volunteered in his community as a UNBC Faculty of Science and Engineering student senator and in child and family grief support with the Prince George Hospice Palliative Care Society.

Mitchell has deep ties working and volunteering with federal Conservative and grassroots conservative movements in British Columbia through years of campaign work, organizing, and volunteering. He currently works as a business, communications, and policy strategist.

A father, Mitchell believes in small government, accountability, tax cuts, cutting red tape, reviving the resource economy, backing small business, defending families, and putting Northern communities — not Victoria bureaucracy — first.

Mitchell Lukoni is now the proud OneBC candidate for Prince George–Valemount.",,,,"Prince George-born business, communications and policy strategist with years of conservative campaign work. His OneBC page lists small government, tax cuts, cutting red tape, reviving the resource economy and putting Northern communities first.",small government and accountability;tax cuts;cut red tape;revive resource economy;back small business;defend families;Northern communities first,"A father, Mitchell believes in small government, accountability, tax cuts, cutting red tape, reviving the resource economy, backing small business, defending families, and putting Northern communities — not Victoria bureaucracy — first.",https://1bc.ca/candidates/mlukoni,,https://www.facebook.com/share/1HktPmkvVB/?mibextid=wwXIfr,http://instagram.com/mitchell_lukoni,https://x.com/Mitchell_Lukoni,,,,,,https://www.facebook.com/share/1HktPmkvVB/?mibextid=wwXIfr ; http://instagram.com/mitchell_lukoni ; https://x.com/Mitchell_Lukoni
Lawrence Chen,CanWest Party,Richmond Centre,No,,https://www.youtube.com/watch?v=5E7kCxC9KNs,Lawrence Chen 参加Richmond Centre 省议员的选举 (Lawrence Chen is running for MLA in Richmond Centre; 108 演播室),2026-10-03,"Candidate for the CanWest Party, a new Richmond-based provincial party registered in February 2026; he is also running for school trustee in Richmond and Sechelt. No individual written pitch found; a Chinese-language campaign video was posted Oct 3. The party's deputy leader lists party priorities as economy, community safety and drugs, health-care wait times, education and environment (party message, not Chen's own words).",(party message) healthier economy;community safety/drug issues;health care wait times;education and values;environment,,,,,,,,,,,,https://bcballot.ca/ridings/richmond-centre/lawrence-chen/ ; https://voche.me/bc/provincial-2026/parties/canwest-party/candidates
Sacha Peter,Conservative Party,Richmond Centre,No,"Sacha is a Chartered Professional Accountant specializing in corporate taxation. Born and raised in Richmond, where he still lives, he graduated from the University of British Columbia with a Bachelor of Science in Physics and is the father of two teenage sons. Peter will be a strong advocate for Richmond. 

Since 2009, Sacha has written about Canadian finance, economics, politics and the ups and downs of investing in the capital markets at Divestor.com. He also hosts the Late Night Finance show.

Sacha’s record of public service reflects a deep commitment to accountability. He has served on many boards and committees, most notably the Cultus Lake Park Board. Elected twice, he served for six years, including three as Chair, and led the board in eliminating its budget deficit.

As the MLA for Richmond Centre, Sacha will scrutinize the provincial budget the way he has scrutinized publicly traded companies for nearly two decades: following the numbers, demanding accountability and exposing waste wherever he finds it.",,,,"Richmond-born chartered professional accountant specializing in corporate tax, finance writer (Divestor.com) and former Cultus Lake Park Board chair who says he eliminated that board's deficit. His pitch is budget scrutiny, accountability and exposing waste.",scrutinize provincial budget;accountability;expose government waste;strong advocate for Richmond,"As the MLA for Richmond Centre, Sacha will scrutinize the provincial budget the way he has scrutinized publicly traded companies for nearly two decades: following the numbers, demanding accountability and exposing waste wherever he finds it.",https://conservativebc.ca/candidate/sacha-peter/,,https://www.facebook.com/sachapeterbc,https://www.instagram.com/sachapeterbc,https://x.com/sachapeter,,,,,,https://www.facebook.com/sachapeterbc ; https://www.instagram.com/sachapeterbc ; https://x.com/sachapeter
Calvin Dang,Green Party,Richmond Centre,No,,,,,no individual pitch found. Confirmed BC Green candidate on the Elections BC list; no bio or campaign material located.,,,,,,,,,,,,,
Henry Yao,New Democratic Party (NDP),Richmond Centre,No,,,,,Former one-term NDP MLA for Richmond South Centre (2020-2024) seeking to win back the renamed riding after quitting the Richmond mayoral race. He told Richmond News the snap election was needed given uncertainty from external threats; no written platform found (his bcndp.ca page did not load).,respond to external (U.S.) threats (party message);housing/Aster Place concerns (mayoral context),,,,,,,,,,,,https://www.richmond-news.com/2026-bc-votes/two-richmond-bc-conservative-incumbents-running-in-oct-24-election-12819524
Teresa Wat,Conservative Party,Richmond-Bridgeport,Yes,"Teresa Wat has served as the Member of the Legislative Assembly (MLA) for Richmond Centre since 2013, winning re-election in 2017 and 2020. She ran and won re-election in the Richmond-Bridgeport district in 2024.

Wat has held several key roles, including Shadow Minister for Tourism, Arts and Culture, and Multiculturalism. Since 2017, she has been the Shadow Minister for Multiculturalism and a member of the Select Standing Committee on Children and Youth.

Between 2013 and 2017, Wat was the Minister of International Trade and the Minister Responsible for the Asia Pacific Strategy and Multiculturalism. She also contributed to the Cabinet Committee on Strong Economy and the Priorities and Planning Committee.

Before entering politics, Wat was the News Director at Channel M Television (now OMNI TV), where she helped launch the first live Cantonese, Mandarin, and Punjabi daily news programs in British Columbia. She also served as the News Editor for Ming Pao Daily News and as President and CEO of Mainstream Broadcasting Corporation, a multicultural broadcasting station. Prior to immigrating to Canada in 1989, she had a distinguished career in the communications industry in Hong Kong and Singapore.

Wat’s achievements have been recognized with the Grand Officer of the Order of the Crown, one of the highest honours from the Kingdom of Belgium, and the Queen’s Diamond Jubilee Award for her community service. She has also been named one of BC’s top 100 most influential women by the Vancouver Sun and one of Greater Vancouver’s top 33 most outstanding Chinese Canadians by Sing Tao Daily Vancouver.",,,,"Longtime Richmond MLA (since 2013) and former International Trade minister, previously a multicultural broadcasting executive. She left the Conservative caucus in August over Kerry-Lynne Findlay's leadership but is running for re-election in Richmond-Bridgeport as a Conservative. No 2026 pitch found; her party page is biographical.",multiculturalism;experience/record serving Richmond,I'm humbled to serve the people of Richmond,https://www.youtube.com/watch?v=tNwLt0xCP9U,,https://www.facebook.com/TeresaWatForRichmond,https://www.instagram.com/teresa.wat2013/,https://x.com/Teresa_Wat,,,,,,https://www.facebook.com/TeresaWatForRichmond ; https://www.instagram.com/teresa.wat2013/ ; https://x.com/Teresa_Wat ; https://www.richmond-news.com/2026-bc-votes/two-richmond-bc-conservative-incumbents-running-in-oct-24-election-12819524
Linda Li,New Democratic Party (NDP),Richmond-Bridgeport,No,,,,,no individual pitch found. Richmond News confirms she is the NDP candidate again after running in the same riding in 2024; her bcndp.ca page did not load.,,,,,,,,,,,,,
Steve Kooner,Conservative Party,Richmond-Queensborough,Yes,"Professional Background:

Steve Kooner is a well known successful lawyer who has owned his own law firm, Steve Kooner Law Corporation, for over 17 years. Steve prides himself with being a solution oriented problem solving lawyer in the litigation area. Steve has a Bachelor of Arts degree with a Major in Political Science from Simon Fraser University and a Juris Doctor law degree from the University of Calgary. Steve and his law firm have received legal service awards such as Three Best Rated Award and Consumer Choice Award in recent years. Steve has also given back to the legal profession by providing mentorship to countless number of aspiring lawyers in the community and by formally taking on many articled students through the Law Society of British Columbia Admissions Program.

Community Involvement:

In addition to being a practicing lawyer, Steve is known for his significant community involvement. Steve has helped countless community organizations with community connecting and spreading awareness. Steve regularly engages in public speaking at events held by community organizations. Steve has spoken at community events of various sizes, which includes anywhere from a few people in a conference room to massive crowds in an arena.  In 2023, Steve was awarded the Queen’s Platinum Jubilee Award by the Government of Canada for his significant community contribution. Also in 2023, Steve was named an Ambassador to a BCHL Junior Hockey Club.

Personal Background:

Steve was born in Vancouver and grew up in the lower mainland of British Columbia. Steve was born into an iconic music family, as Steve’s father is a former superstar Punjabi recording artist, who recorded with EMI and who had many hit songs in the 1980s. As a child, Steve’s parents taught him the value of hard work and generous giving. In line with this thinking, Steve was enrolled in the martial art of Taekwondo as a young child and he achieved a black belt at the age of 11. Steve was also always seen with his dad as a child learning about the music industry within the community.

Passion to Serve:

Steve has a passion to continue serving the community to make a difference.",,,,First-term Conservative MLA and litigation lawyer who owns his own law firm. No 2026 campaign pitch found; his party page is biographical. As MLA he has spoken out in 2026 about property rights after the Cowichan title case and about extortion threats against lawyers (video titles).,property rights / Cowichan title case concerns;extortion and public safety;community service,Steve has a passion to continue serving the community to make a difference.,https://conservativebc.ca/candidate/steve-kooner/,,https://www.facebook.com/steve.kooner.9,https://www.instagram.com/steve.kooner.mla/,https://x.com/SteveKooner,,,,,,https://www.facebook.com/steve.kooner.9 ; https://www.instagram.com/steve.kooner.mla/ ; https://x.com/SteveKooner ; https://www.richmond-news.com/2026-bc-votes/two-richmond-bc-conservative-incumbents-running-in-oct-24-election-12819524
Luc Burns,Green Party,Richmond-Queensborough,No,,,,,no individual pitch found. Confirmed BC Green candidate on the Elections BC list; no bio or campaign material located.,,,,,,,,,,,,,
Dhar Grewal,New Democratic Party (NDP),Richmond-Queensborough,No,,,,,no individual pitch found. Richmond News reports he is the NDP candidate per Elections BC; his bcndp.ca page did not load.,,,,,,,,,,,,,
Keenan Yang,CanWest Party,Richmond-Steveston,No,,,,,"Environmental scientist who came to Canada in 2013 as an international student and is deputy leader of the new CanWest Party. In a public LinkedIn post he says he will focus on Richmond and advocate for genuine representation and fair opportunities for immigrants, listing economy, community safety/drugs, health-care wait times, education and environment.",immigrant representation and fair opportunities;healthier economy;community safety and drug issues;reduce health care wait times;education and values;environment and livable communities,hoping to speak for our community and advocate for more genuine representation and fair opportunities for immigrants.,https://www.linkedin.com/posts/keenan-yang_hello-everyone-this-is-keenan-yang-i-came-activity-7446261360079990784-kcIi,,,,,,,,,,https://bcballot.ca/ridings/richmond-steveston/
Barry Wosk,CentreBC,Richmond-Steveston,No,"Barry Wosk is a lifelong Richmond resident who calls the Steveston area home.

Raised in Westwind, he is a proud Steveston High School graduate – GO PACKERS! His mother still lives in his childhood home after more than 50 years and his roots in the community continue today, living and working in the riding with his wife and two teenage children.

A graduate of the University of British Columbia with a Bachelor of Commerce degree, Barry has spent more than three decades building and operating a successful Richmond-based small business. As an entrepreneur, he has developed expertise in strategic planning, finance, sales, marketing, operations, and manufacturing. He has also provided consulting for foreign organizations looking to grow their footprint in Canada.

Having travelled extensively throughout Canada, the United States, and internationally, Barry has gained a broad appreciation for different perspectives, cultures, and communities. Those experiences have reinforced his belief that Richmond is the best place in the world to live, work, and to raise a family. He values the city’s diversity, natural beauty, enterprising spirit, and unique role as Canada’s gateway to the Pacific.

Barry is seeking public office because he believes British Columbians deserve better governance that focuses on results rather than division. He believes government should be financially responsible, socially inclusive, and environmentally sustainable. He is committed to strengthening the economy, improving access to healthcare, building safer communities, addressing housing affordability, and working collaboratively with local governments to deliver better outcomes for residents and is committed to building a stronger future for Richmond and British Columbia.

The political status quo is over. It’s time for civility, strong leadership, and practical solutions to complex problems. It’s time for something new.

Sign up to stay informed and receive news from CentreBC:",,,,"Lifelong Steveston-area resident, Richmond small-business owner for over 30 years and former Richmond Chamber of Commerce director. He says he is running for results-focused, civil governance that is financially responsible, socially inclusive and environmentally sustainable.",strengthen the economy;improve access to health care;safer communities;housing affordability;collaboration with local governments,"The political status quo is over. It’s time for civility, strong leadership, and practical solutions to complex problems. It’s time for something new.",https://www.centrebc.ca/our-team/barry-wosk/,,,,,,,,,,
Gordon Zhang,Conservative Party,Richmond-Steveston,No,"Gordon Zhang is the Conservative Party of BC candidate for Richmond-Steveston.

Zhang is a community leader with deep roots in Richmond and across the Lower Mainland’s Chinese-Canadian community. For more than seventeen years, he has taught business at Kwantlen Polytechnic University’s Richmond campus, helping prepare students for careers in B.C.’s economy.

Alongside his teaching, Gordon is an entrepreneur who has co-founded several Canadian companies. When the COVID-19 pandemic exposed Canada’s dependence on imported protective equipment, he helped establish one of the country’s first domestic N95 respirator production lines, supplying certified respiratory protection to the Canadian Olympic Team at the 2021 Tokyo Games. He also built one of only three laboratories in Canada accredited to test respirators and medical masks, strengthening the country’s ability to verify the safety of equipment frontline workers rely on.

That experience gave Gordon a firsthand understanding of what it takes to build in British Columbia: the value of domestic manufacturing, the importance of secure supply chains, and the challenges businesses face in getting new ventures off the ground.

Gordon has given back to the community he calls home. Through the local Lions Club, he has raised funds for the Richmond Hospital Foundation and other local causes, and he has lent his organizing experience to community and technology events across Metro Vancouver.

Gordon will bring an educator’s perspective, an entrepreneur’s drive and a deep commitment to community service to Victoria. He will be a strong voice for Richmond families and businesses, and for an economy that makes things here at home.",,,,"Kwantlen Polytechnic business instructor and entrepreneur who helped set up a domestic N95 respirator production line and testing lab in Richmond. His party page pitches domestic manufacturing, secure supply chains and help for businesses getting started.",domestic manufacturing (make things at home);secure supply chains;support for new businesses;voice for Richmond families and businesses,"He will be a strong voice for Richmond families and businesses, and for an economy that makes things here at home.",https://conservativebc.ca/candidate/gordon-zhang/,,,,,,,,,,
Bruce Kong,New Democratic Party (NDP),Richmond-Steveston,No,,,,,no individual pitch found. Richmond News reports he is the NDP candidate in the open seat vacated by NDP MLA Kelly Greene; his bcndp.ca page did not load.,,,,,,,,,,,,,https://bcballot.ca/ridings/richmond-steveston/bruce-kong/
Robert Evans,Independent / no party,Richmond-Steveston,No,,,,,no individual pitch found. Listed as Independent on the Elections BC list; no bio or campaign material located.,,,,,,,,,,,,,
Richard Smith,CentreBC,Saanich North and the Islands,No,"Dr. Richard Smith is research scientist and project manager. His field of expertise is in Immunology/Microbiology. He received his PhD from the University of British Columbia and was awarded a Post-doctoral fellowship from the National Institutes of Health (Bethesda MD) for further studies at the Scripps Medical Research Laboratories (La Jolla CA). From there he worked for a biotechnology company developing patented, ground-breaking technology for in vitro diagnostic tests detecting human pathogens.

This early work led to the publication of over 20 peer reviewed scientific articles and a family of more than 21 international patents.

More recently Dr. Smith managed large multi-national life science projects for Defence R&D Canada and the Canadian Forces Health Services Group. These projects led to the development of vaccines and broad spectrum anti-viral drugs. During his tenure with the DRDC, he led a NATO study group examining new technologies for use in medical countermeasures. In preparation for the 2010 Olympic Games, Richard led a risk assessment team examining possible bio-chem threats and their mitigation.

Dr. Smith was recently part of a nation-wide group developing a framework for reducing the price of biologic drugs. Working with the BC Ministry of Health and representatives from all provinces and territories, a new strategy was developed to reduce the cost of biologics by 80%. He also served as a contract tracer and case manager with Island Health during the COVID epidemic.

Richard is married and has 5 beautiful daughters. He enjoys sailing, gardening, cycling and spending time with four grandchildren.

Richard chose to be a candidate with Centre BC because he agrees with their pragmatic and accountable philosophy of governing. He hopes that his scientific training will bring logic and rigour to the development and implementation of policies that are positive and provide opportunities for every British Colombian.",,,,"Immunology/microbiology research scientist who managed vaccine and antiviral projects for Defence R&D Canada and worked on a national framework to cut biologic drug prices. He says he chose CentreBC for its pragmatic, accountable approach and wants to bring scientific rigour to policymaking.",pragmatic and accountable government;evidence-based/scientific policymaking;health/drug costs (background),He hopes that his scientific training will bring logic and rigour to the development and implementation of policies that are positive and provide opportunities for every British Colombian.,https://www.centrebc.ca/our-team/richard-smith/,,,,,,,,,,https://cheknews.ca/all-vancouver-island-candidates-for-the-2026-b-c-election-1351308/
Ryan Windsor,Conservative Party,Saanich North and the Islands,No,"Mayor Ryan Windsor is the BC Conservative candidate for Saanich North and the Islands.

Ryan brings more than a decade of local leadership to the Conservative team. First elected to Central Saanich council in a 2013 by-election, he was elected Mayor in 2014 and returned by acclamation in 2018 and 2022. Over 12 years at the helm, Ryan championed fair governance and fiscally responsible management of infrastructure and services, building long-term funding for the essential water and sewer systems that residents count on every day.

Ryan also served as a director on the Capital Regional District board, working with neighbouring municipalities on the issues that matter most to the South Island. He has been a strong supporter of local food production and the farms that define the Saanich Peninsula, and led work to make roads and trails safer for families getting around the community.

Before entering public life, Ryan worked in the private sector and in his family’s business.",,,,"Central Saanich mayor since 2014 and former Capital Regional District director. The party pitch highlights fiscally responsible management of infrastructure, long-term water and sewer funding, support for Peninsula farms and local food, and safer roads and trails.",fiscally responsible infrastructure management;water and sewer funding;local food production and farms;safer roads and trails;regional cooperation,"Over 12 years at the helm, Ryan championed fair governance and fiscally responsible management of infrastructure and services, building long-term funding for the essential water and sewer systems that residents count on every day.",https://conservativebc.ca/candidate/ryan-windsor/,,,,,,,,,,https://peninsulanewsreview.com/2026/10/02/central-saanich-mayor-ryan-windsor-runs-for-b-c-conservatives/
Emily Lowan,Green Party,Saanich North and the Islands,No,"Hi, I’m Emily Lowan and I’m running to be your MLA for Saanich North and the Islands.

I feel so lucky to have spent my youth crabbing with my dad off the Sidney pier, camping with my family in Ruckle Park, and snorkelling at Ardmore Beach. I grew up with a reverence for this coastline and the people who’ve built their lives around it. I’ve watched this community do what the government wouldn’t. When the Peninsula was staring down a lost generation of family doctors, neighbours built Shoreline Medical Society from nothing and turned five doctors into twenty-five. It’s an incredible achievement, and a beautiful example of what we can get done when people work together.

Loving this place also means seeing clearly what’s happening to it. Healthcare and housing keep drifting further out of reach, as people work harder than ever just to make ends meet. Ferries break down and get cancelled with no real fix in sight. Wildfire smoke settles over these islands more summers than not. Oil tankers keep moving through the Salish Sea while the Southern Resident orca population—down to just 74 whales—barely hangs on.

I’m running because I see the same challenges you do, and I have the experience, grit, and determination to fight alongside you. I’m running to make sure you can afford to build a life, you get care when you need it, and that the people you love and the planet you stand on are protected, this generation and the next.

I’ve spent my entire life fighting for better—for people, our planet, and our province. I’m a coalition builder, bringing groups together, from rural to urban, labour to environmental, to build a future where everyone, not just the fortunate few, gets to thrive. I’ve worked across the country, leading coalitions with labour, Indigenous nations, and environmental groups to advocate for federal pollution regulations as the fossil fuel supply campaigns lead for Climate Action Network Canada. I’ve worked as an investigative researcher with the Canadian Centre for Policy Alternatives’ Corporate Mapping Project, exposing corporate influence in our government and training researchers nationwide. Right here in B.C., I’ve been standing up for affordable housing, accessible healthcare, a fair economy, and a liveable planet as the leader of the BC Greens.

I feel incredibly honoured to step into the legacy of Adam Olsen and Rob Botterell, passionate advocates for their communities who proved what Green representation delivers, election after election. I’m honoured to work to carry that legacy forward.

I’m a renter, an organizer, a Saanich Fair enthusiast (I’ve been every single year!), and I’m the leader of the BC Greens. The status quo is failing all of us. I want to be in your corner.

Believe in Better. Vote Green. Vote Emily Lowan.

Join Team Lowan for a morning sign wave in Brentwood Bay! We’ll be meeting at the corner of Wallace Drive and West Saanich Road to make a green splash and

Join Team Lowan for a sign wave in Sidney! We’ll be meeting at the Sidney Information Centre to make a green splash and show support in the community. 📅 When:

Join us on Pender Island for a meet and greet with Emily Lowan, Leader of the BC Greens! This is a great opportunity to meet Emily, hear from her directly,",https://www.youtube.com/watch?v=-yD96rp2Fzw,Rights for Renters.,2026-09-29,"BC Green leader, raised on the Saanich Peninsula, running to succeed retiring Green MLA Adam Olsen. Her pitch centres on affordability, health care access, reliable ferries, renters' rights, free child care, and protecting the coast and Southern Resident orcas from tankers and climate impacts; she frames herself as a coalition builder.","cost of living/affordability;health care access;housing and renters' rights;ferry reliability;universal free child care;protect Salish Sea, orcas and climate;fight corporate/oligarch influence","I’m running to make sure you can afford to build a life, you get care when you need it, and that the people you love and the planet you stand on are protected, this generation and the next.",https://bcgreens.ca/candidates-2026/emily-lowan-2/,,https://www.facebook.com/emily.lowan.7/,https://www.instagram.com/emilylowan/,https://x.com/Emily_Lowan,,,,,,https://www.facebook.com/emily.lowan.7/ ; https://www.instagram.com/emilylowan/ ; https://x.com/Emily_Lowan ; https://www.youtube.com/@EmilyLowan ; TikTok @emilylowanforbcgreens
Kala Bryson,New Democratic Party (NDP),Saanich North and the Islands,No,,,,,"Lawyer and community advocate raised in co-op housing and a UVic graduate, named Oct 2. Her launch statement focuses on strengthening public institutions and access to justice, plus good jobs, public health care and help with rising costs (party message).",strengthen public institutions;access to justice;good jobs (party message);public health care (party message);support for families facing rising costs (party message),"People deserve to know that the institutions they rely on will be there when they need them,",https://peninsulanewsreview.com/2026/10/02/lawyer-community-advocate-steps-up-for-b-c-ndp-saanich-north-islands/,,,,,,,,,,
Cathie Ounsted,Conservative Party,Saanich South,No,"Cathie Ounsted is the Conservative Party candidate for Saanich South with a proven track record of getting things done for her community. 

Cathie brings a breadth of community-building, business and financial oversight experience. She has served as an appointed member of the Central Saanich Police Board, elected to the Peninsula Co-Op Board of Directors, elected to Central Saanich Council, and most recently served 9 years on the Victoria Airport Authority Board of Directors with the last two years being the Chairperson. 

Cathie and her husband Chris also operate Ounsted and Company, a local accounting firm.

Cathie’s other past experience includes owning the Red Barn Market, a Director of Operations for Thrifty Foods and a short stint as a Reserve Constable for the Victoria Police Department.

Cathie’s “strength by example” motto has led her to reach many goals and achievements that have brought her to politics.

Cathie also has extensive volunteer activities for various youth sports activities including Program Co-ordinators for Saanich Peninsula Minor Football and Mt Douglas Rams High School Football. It’s with these programs she has connected with many of the Saanich South’s youth and families. Cathie has lived and worked in Saanich South for over 35 years, where she and her husband raised their two young men, Jake (26) and Matthew (23).",,,,"Former Central Saanich councillor and Victoria Airport Authority board chair running on her local governance, business and financial-oversight experience. In her campaign launch statement she said she is dedicated to improved access to health care, safer communities and a stronger economy.",improved access to health care; safer communities; stronger economy,Cathie’s “strength by example” motto has led her to reach many goals and achievements that have brought her to politics.,https://conservativebc.ca/candidate/cathie-ounsted/,,,,,,,,,,https://www.timescolonist.com/2026-bc-votes/ex-tv-reporter-airport-authority-chair-make-bid-for-pophams-long-held-seat-12816164
Lisa Lapointe,Green Party,Saanich South,No,"Lisa Lapointe is a lawyer, longtime public servant, and former Chief Coroner of British Columbia who has spent three decades working to support healthier and safer communities across the province.

From 2011 until her retirement in 2024, Lisa served as B.C.’s Chief Coroner, overseeing the independent and objective investigation of unnatural and unexpected deaths across the province. During her tenure, she became known as an advocate for evidence and public-health data informing government decision-making. In 2018, the BC Coroners Service received the inaugural Premier’s Award for Evidence-Based Design for its analysis and timely reporting of illicit drug overdose deaths during the ongoing public-health emergency.

In her tenure, she worked proactively to strengthen relationships with Indigenous communities. In 2017, in partnership with the First Nations Health Authority, she committed the Coroners Service to Cultural Safety and Humility in services for First Nations and Indigenous people in British Columbia. The Coroners Service was the first provincial government agency to make that public commitment.

A graduate of the University of British Columbia Law School, Lisa joined the BC Public Service in 1995 and served in a range of roles before joining the Coroners Service, including the province’s Civil Forfeiture Office. She also served as chair of the Canadian Forum of Chief Coroners and Chief Medical Examiners and of the British Columbia Institute of Technology’s Forensic Science and Technology Program Advisory Committee.

Now a grandmother of five, she is deeply concerned about the future facing younger generations, particularly the growing impacts of climate change and persistent gaps in housing, healthcare, mental-health supports, and other essential public services. She is running to bring her decades of public-service experience, evidence-based approach, and commitment to public health and environmental responsibility to the Legislature.",https://www.youtube.com/watch?v=bxvq6gs_fPs,Policy Announcement: Addressing the Toxic Drugs Crisis (w/Lisa Lapointe),2026-10-02,"Former BC Chief Coroner (2011-2024) running on public health and evidence-based policy. She launched her candidacy alongside the BC Greens' toxic drugs policy, calling for regulated alternatives, voluntary treatment on demand, and better housing, health care and mental-health supports.","toxic drug crisis (regulated alternatives, voluntary treatment on demand); housing; health care and surgeries; mental-health supports; climate change",I want to do what I can to ensure my grandchildren grow up in a province that recognizes the health and well-being of people as our most critical priority.,https://bcgreens.ca/candidates-2026/lisa-lapointe/,,,https://www.instagram.com/greenpartybc/,,,,,,,https://bcgreens.ca/announce-toxic-drugs-policy-alongside-former-chief-coroner-and-candidate-for-saanich-south-lisa-lapointe/ ; https://todayinbc.com/2026/10/02/b-c-greens-release-food-production-toxic-drug-crisis-policies/ ; https://bsky.app/profile/bcgreens.bsky.social/post/3mwydony3ls25
Richard Zussman,New Democratic Party (NDP),Saanich South,No,"Richard Zussman: Protecting the services that people rely on in Saanich South

Richard Zussman is an award-winning journalist who has spent his career covering every corner of this province, telling the stories of British Columbians and leading discussions on issues that matter most to people.

As a legislative reporter for Global BC and CBC, and President of the B.C. Legislative Press Gallery, he became a trusted voice during major events like the COVID-19 pandemic, wildfires, and provincial elections.

Deeply committed to his community, Richard serves on the boards of the Lakehill Baseball and Fastball Association and the Victoria Curling Club. He has also served as Lieutenant Governor of the B.C. Youth Parliament, promoting youth civic engagement. Richard, his wife, and their two children have proudly called the South Island home for more than a decade.

The BC Conservatives might want to cozy up to Trump, but Richard Zussman, David Eby and the BC NDP have a plan to stand up for BC, protect the services that people count on, and build a strong economy.

The plan is working. And we can’t stop now.",https://www.youtube.com/watch?v=PZraieht58M,"Richard Zussman: BC Conservatives' ""chaos"" and shift in values were ""hard to watch""",2026-09-27,"Former Global BC/CBC legislative reporter running to replace retiring NDP MLA Lana Popham. He echoes the party's trade-war message and says he will advance the NDP plan to protect and create jobs, build homes, support farmers and recruit health-care workers.",protect and create good jobs amid U.S. trade war; build more homes; support farmers and agriculture; recruit more health-care workers; protect public services,"The BC Conservatives might want to cozy up to Trump, but Richard Zussman, David Eby and the BC NDP have a plan to stand up for BC, protect the services that people count on, and build a strong economy.",https://richardzussman.bcndp.ca,,https://www.facebook.com/richard.zussman.9,https://www.instagram.com/richardzussman/,https://x.com/@richardzussman,,,,,,https://www.timescolonist.com/2026-bc-votes/ex-tv-reporter-airport-authority-chair-make-bid-for-pophams-long-held-seat-12816164 ; https://www.facebook.com/richard.zussman.9 ; https://www.instagram.com/richardzussman/ ; https://x.com/richardzussman
Denise Reimer,CentreBC,Salmon Arm-Shuswap,No,"Denise Reimer has spent more than 30 years serving British Columbians through emergency health services, local government and community leadership.

Her career with BC Emergency Health Services has included working as a Primary Care Paramedic, Emergency Medical Dispatcher and Critical Care Coordinator, as well as operational leadership roles. Her work in emergency services has given her firsthand experience of the importance of accessible healthcare, strong public services, teamwork and making thoughtful decisions when circumstances are changing quickly. In 2025, Denise was awarded the Governor General of Canada’s Emergency Medical Services Exemplary Service Medal.

Denise’s commitment to public service also includes elected municipal government. She served as a City Councillor for the City of Salmon Arm and as Deputy Mayor, with responsibilities involving planning, economic development and community engagement. She worked closely with residents, city staff, regional partners, community organizations and other levels of government.

Through her work with Implicit Career Services, Denise has also supported individuals and organizations through leadership development, career development, organizational change, conflict resolution and group facilitation. She brings a strong belief in listening, understanding different perspectives and finding practical ways forward.

Denise believes effective representation starts with being present and accessible. Her healthcare background has given her a particular appreciation for the importance of local access to healthcare, including the role of an urgent care centre within the electoral boundary. She believes an MLA should be visible in the community — boots on the ground, accessible to residents, listening to their concerns and bringing local perspectives to the Legislature and government.

With an Advanced Certificate in Local Government Leadership and decades of experience working with people, public services and community organizations, Denise brings a practical, collaborative approach to public service.",,,,"Paramedic and BC Emergency Health Services veteran of 30+ years and former Salmon Arm councillor/deputy mayor. Her bio stresses local health-care access, including an urgent care centre in the riding, and an MLA who is visible and accessible in the community.","local health-care access (urgent care centre); accessible, present MLA; practical collaborative governance","She believes an MLA should be visible in the community — boots on the ground, accessible to residents, listening to their concerns and bringing local perspectives to the Legislature and government.",https://www.centrebc.ca/our-team/ (bio text as captured in input CSV),,,,,,,,,,
David Williams,Conservative Party,Salmon Arm-Shuswap,Yes,"Passion for the Community

David, a dedicated resident of the Shuswap region, is deeply committed to making the Shuswap-North Okanagan the ideal place for families to grow, retirees to relax, and businesses to thrive. His connection to the area drives his desire to represent its people and enhance their quality of life.

Professional Background

With a strong work ethic, David has a diverse and rich professional history. He began his career in the HVAC industry, taking on roles that ranged from commercial project management to small business ownership. His career path later shifted to the fields of residential and commercial real estate. David’s extensive experience and education led him to roles with the B.C. Assessment Authority and as a regional appraiser with the Saskatchewan Assessment Management Authority. Currently, he serves as a Loss Control Specialist/Residential Appraiser in the insurance industry, covering the Shuswap-Okanagan region, which gives him unique insights into the community’s needs.

Community Involvement and Leadership

Believing strongly in the power of volunteerism and sharing knowledge, David has been an active community advocate. He has coached minor soccer and baseball and has been involved in administrative roles with local sports associations. His dedication extends to serving as a board director for the Kelowna Metis Community Services Society, chairing the CSRD Board of Variance, and holding a government-appointed position on the Salmon Arm Property Assessment Review Panel.

Vision for the Future

With the support of his spouse, children, and grandchildren, David is focused on representing the wishes and interests of his constituents with integrity and commitment. He advocates for common-sense policies that resonate with the core values of British Columbians, including government transparency, fair taxation, reduced wasteful spending, easing burdens on businesses, and justice reform. David believes in the importance of action and foresight, striving for policies that promote a positive future for all.

Being your MLA is about more than just words; it’s about effective, thoughtful leadership that brings about tangible, positive changes for the residents of Salmon Arm-Shuswap.",,,,"First-term Conservative MLA seeking re-election. He says land rights are top of mind and pledges the Conservatives will repeal DRIPA, alongside affordability, housing and hiring/training more doctors; his MLA priorities also include healthcare upgrades and protecting private land rights and public access.","repeal DRIPA / land-rights certainty; affordability for families and small businesses; build housing; hire and train more doctors, hospital upgrades; protect private land rights and public access; government transparency, fair taxation, less waste","Rest assured, we’re going to repeal DRIPA. The business community, the resource community, our economy, depends on having certainty when it comes to having land rights.",https://vernonmatters.ca/2026/09/23/area-conservative-mla-calls-snap-provincial-election-unnecessary/,,https://www.facebook.com/DavidWilliamsSalmonArmShuswap,https://www.instagram.com/shuswapland2025/,https://x.com/Shuswapland,,,,,,https://www.salmonarm-shuswapmla.ca/post/mla-update ; https://www.facebook.com/DavidWilliamsSalmonArmShuswap ; https://www.instagram.com/shuswapland2025/ ; https://x.com/Shuswapland
Jed Wiebe,Green Party,Salmon Arm-Shuswap,No,"Jed Wiebe is a lifelong Shuswap resident, organic farmer and community advocate with a strong focus on sustainable agriculture, local economic resilience and environmental stewardship.

Jed co-owns and operates Elderberry Grove, an organic elderberry farm and small-scale processing business in Salmon Arm. Through his work in agriculture, he has seen firsthand how extreme heat, wildfire smoke and changing environmental conditions affect farms, forests and rural communities.

With a background in sociology and anthropology, as well as experience in the silviculture industry, Jed brings a broad perspective on the social, economic and environmental challenges facing rural British Columbia.

Jed currently represents the agricultural community on the City of Salmon Arm’s Environmental Advisory Committee, where he contributes an agricultural perspective to local environmental and planning discussions.

His community and political involvement also includes helping establish the BC Greens’ Okanagan-Columbia-Shuswap Regional Riding Association, where he serves as Campaign Coordinator. He has also canvassed with Neighbours United in support of the proposed Biodiversity and Ecosystem Health Law and participated in the Vernon Climate Engagement Centre project.

Jed previously ran as the BC Greens candidate in Salmon Arm-Shuswap in the 2024 provincial election. He is running again to advocate for stronger local economies, affordable communities, responsible resource management and a government that listens to the people it serves.

He believes the BC Greens can build a British Columbia where people can afford housing, put food on the table and thrive in healthy communities while protecting the land and natural resources that sustain them.",,,,"Organic elderberry farmer and lifelong Shuswap resident running a second time for the Greens. He says government should serve people rather than the ultra-wealthy and campaigns on local economies, affordability and responsible resource management.","stronger local economies; affordable communities (housing, food); responsible resource management; sustainable agriculture; climate impacts on farms and forests",I’m running because I believe government should serve people – not just the ultra-wealthy.,https://bcgreens.ca/candidates-2026/jed-wiebe/,,https://www.facebook.com/Jed.Wiebe,https://www.instagram.com/jedwiebe4mla/,https://x.com/jedwiebe4mla,https://www.linkedin.com/in/jed-wiebe-4-mla/,,,,,https://www.facebook.com/Jed.Wiebe ; https://www.instagram.com/jedwiebe4mla/ ; https://x.com/jedwiebe4mla
Gloria Morgan,New Democratic Party (NDP),Salmon Arm-Shuswap,No,,,,,No individual pitch found. Former Kukpi7 (chief) of Splatsin; ran federally for the Liberals in Similkameen-South Okanagan-West Kootenay in 2025 (2nd).,,,,,,,,,,,,,"https://www.castanet.net/news/Penticton/541668/Liberals-name-Gloria-Morgan-as-Similkameen-South-Okanagan-West-Kootenay-candidate (2025, federal run)"
Barbara Presch,OneBC,Salmon Arm-Shuswap,No,,,,,No individual pitch found. Described by local press as new to the local political scene.,,,,,,,,,,,,,
Claire Rattée,Conservative Party,Skeena,Yes,"Claire Rattée is a dedicated public servant with a remarkable 13-year track record as a successful business owner, embodying the values that resonate with British Columbians. Born and raised in Delta, B.C., Claire moved to Kitimat in 2011, establishing deep roots in the community and developing a profound understanding of the issues that matter most to its residents.

Professional Experience and Business Ownership

As a seasoned business owner, Claire has navigated the challenges of entrepreneurship, gaining valuable insights into the needs and concerns of local businesses. Her entrepreneurial journey has not only emphasized the importance of fiscal responsibility but has also provided her with ample opportunities for high levels of community engagement.

Public Service and City Council Experience

In addition to her private sector experience, Claire Rattée has devoted four years of service to the Kitimat City Council. In this role, she played a pivotal part in advocating for policies supporting economic growth, community development, healthcare services, and affordable housing. Claire’s focus during her time on City Council was to represent struggling business owners, provide younger voters with representation, and enhance the quality of life for Northern B.C. residents. Notably, Claire made history as the youngest female ever elected to a council position in Kitimat.

Political Engagement and Federal Elections

No stranger to the political arena, Claire transitioned from City Council to run in the 2019 and 2021 federal elections. Despite an unsuccessful bid, she garnered considerable momentum within the Conservative Party. Under her leadership, the Conservative vote share increased from 24% to 36%, highlighting her ability to resonate with voters and fortify support for conservative principles in challenging territories.

Passions and Advocacy

Claire Rattée’s passions lie in economic development, addressing the housing crisis, and advocating for healthcare and addiction recovery support for her region. Her commitment to these crucial issues stems from a genuine desire to improve the lives of Skeena residents. Notably, during her tenure on City Council, Claire played a pivotal role in collaborative efforts leading to a positive final investment decision for the LNG Canada project, the largest private sector investment in Canadian history. This accomplishment underscores her ability to work collaboratively to achieve meaningful and lasting outcomes.

Conservative Vision for Skeena

As an MLA, Claire Rattée seeks to represent Skeena with conviction, aiming to preserve the principles that make the region strong and vibrant. She pledges to be a tireless advocate for cherished values and a steadfast voice for the community. Claire is dedicated to bringing common-sense conservatism to Skeena, making her an ideal to serve as a representative in the Legislature with an unwavering commitment to shared values.",,,,"First-term Skeena MLA (Conservative critic for mental health and addictions) seeking re-election after briefly being expelled from and then rejoining the Conservative caucus. She frames her campaign around well-paying jobs, affordable housing, reliable health care and a government that listens, and argues unclear rules and permitting delays are stalling investment in the Northwest.","well-paying jobs / resource investment (LNG, industry); affordable housing; reliable health care; mental health and addiction recovery; permitting certainty","I will run in the next election as a BC Conservative. Every action I have taken, and every action I take going forward, will be guided by one purpose: fighting for the people of Skeena and their right to a well-paying job, an affordable place to live, reliable health care and a government that listens to them.",https://terracestandard.com/2026/09/24/rattee-poised-to-seek-re-election-in-skeena-as-b-c-conservatives-regroup/,,https://www.facebook.com/claireratteeskeena,https://www.instagram.com/claireratteemla/,https://x.com/ClaireRattee,,,,,,https://resourceworks.com/nobody-knows-exactly-what-rules-theyre-playing-by-a-northwestern-b-c-mla-on-why-investment-is-stalling/ ; https://www.clairerattee.ca ; https://www.facebook.com/claireratteeskeena ; https://www.instagram.com/claireratteemla/ ; https://x.com/ClaireRattee
Nick Gottlieb,Green Party,Skeena,No,"Nick Gottlieb is a writer, researcher, community organizer, and PhD candidate at Simon Fraser University. His priorities for the change we need are shaped by his research into corporate power and his experience organizing in communities across British Columbia. He is running to advocate for greater investment in healthcare, housing, affordability, workers, and a liveable future, while challenging what he sees as excessive corporate influence over public policy.

For Nick, research and community organizing go hand in hand. While living in Squamish, he helped found the Squamish Resilience Network and co-led a campaign supporting the community’s “Just Recovery” initiative. Since moving to Terrace, where he has lived for the past five years, he has helped establish the Skeena Local Action Network and has been involved in campaigns focused on housing affordability, environmental protection, international solidarity, and proposed data centre development in the region.

His research focuses on the political economy of Canada’s liquefied natural gas (LNG) industry, including corporate influence on government, regional economic development, and the role of LNG in a changing global economy. In 2025, he was awarded a Vanier Canada Graduate Scholarship.

Nick’s writing and journalism have appeared in Canada’s National Observer, the Vancouver Sun, Business in Vancouver, and other publications, and he is a regular columnist with Canadian Dimension. He has also published reports based on his research and presented his work to universities, community groups, and grassroots organizers.

He has also contributed his technical expertise to environmental and community initiatives, including the UBC Big Tree Registry and forestry advocacy projects. He serves on the board of BC Whitewater, a non-profit organization advocating for public access to free-flowing rivers.

Outside of his research and organizing work, Nick is an outdoorsman and award-winning photographer who spends much of his free time exploring the mountains and rivers of British Columbia. He is running to bring his experience as a researcher, writer, and grassroots organizer to be a committed champion for the people of the Skeena region, who deserve to believe in better.",,,,"Terrace-based writer, organizer and SFU PhD candidate researching the political economy of LNG. He is running to push for more investment in health care, housing, affordability and workers while challenging corporate influence over public policy.",health care; housing; affordability; workers; challenge corporate influence / budget cuts and deregulation; liveable future,"I’ve lived in Terrace for the last 5 years, and people on the ground can see that we’re facing a five-alarm fire. But instead of responding to it, our politicians are doubling down on business as usual: budget cuts, deregulation, and selling off our industries to foreign investors at bargain-basement prices.",https://bcgreens.ca/announce-candidates-for-skeena-north-coast-haida-gwaii-and-new-westminster-coquitlam/,,https://www.facebook.com/NickGottlieb4Skeena,https://www.instagram.com/nickgottlieb.skeena/,,,,,,,https://www.facebook.com/NickGottlieb4Skeena ; https://www.instagram.com/nickgottlieb.skeena/
Sarah Zimmerman,New Democratic Party (NDP),Skeena,No,"Sarah Zimmerman: Standing firm for people and families in Skeena

Sarah Zimmerman is an elected Terrace City Councillor, former journalist, senior communications leader, and fierce advocate for people and communities in the Skeena region.

She has spent more than two decades bringing the Skeena region’s residents together to work collaboratively on the issues that matter to them. Outside her professional commitments, Sarah volunteers her time to numerous organizations, such as the Terrace Rotary Club and My Mountain Co-op.

She will bring a unique understanding of the Northwest to Victoria. You can count on her to fight to protect the services that matter to people in the Skeena region, and build for the future.

Where the BC Conservatives would cut the services you count on and surrender to Trump, Sarah Zimmerman, David Eby and the BC NDP have a plan to stand up for people in British Columbia, protect the services that people count on, and build a stronger economy.

The plan is working. And we can’t stop now.",,,,"Terrace city councillor and former journalist/communications executive making a second run after losing to Rattée by 824 votes in 2024. She pitches collaboration and relationship-building to get projects done; the NDP release says her focus is protecting local jobs, lowering costs and strengthening health care.",protect local jobs; lower costs; strengthen health care; collaboration to get projects done,"Good representation starts with building relationships across sectors to bring people together and get important projects done. I know firsthand the powerful impact of working together, and I will bring that strong, effective approach to Victoria to represent Skeena.",https://thenorthernview.com/2026/09/24/sarah-zimmerman-confirmed-as-bc-ndp-candidate-for-skeena/,,https://www.facebook.com/profile.php?id=61559072465180,https://www.instagram.com/SarahZimmermanSkeena,,,,,,,https://sarahzimmerman.bcndp.ca ; https://www.facebook.com/profile.php?id=61559072465180 ; https://www.instagram.com/SarahZimmermanSkeena
Larry Eugene Taylor,OneBC,Skeena,No,,,,,No individual pitch found.,,,,,,,,,,,,,
Raman Sharma,CentreBC,Surrey City Centre,No,"Raman Sharma is a long-time Surrey resident, entrepreneur, and community leader with more than 28 years of experience in Canada. Since arriving in Canada in 1998, he has built strong relationships throughout Surrey and British Columbia through business, construction, community service, cultural organizations, and civic engagement.

In 2016, Raman founded the Tradesman Association of BC and continues to serve as its President. Through the organization, he has created educational and professional opportunities for builders and tradespeople, including builder licensing preparation, energy advisor education, safety training, professional development, and networking.

Raman also founded and leads the Annual Construction Expo, bringing together thousands of builders, tradespeople, businesses, and community members. He is the founder of the South Asian Construction Excellence (SACE) Awards, recognizing achievement, professionalism, and excellence within the construction industry.

Through his education and community initiatives, Raman has helped hundreds of aspiring and working construction professionals strengthen their qualifications, expand their knowledge, and advance their careers in British Columbia. His work has also created opportunities for small businesses, tradespeople, and community members to connect, learn, and grow.

Raman believes that public leadership is about listening to people, understanding community needs, bringing people together, and turning ideas into practical action.",,,,"Surrey entrepreneur and founder/president of the Tradesman Association of BC and the Annual Construction Expo. His bio frames leadership as listening, bringing people together and turning ideas into practical action; no specific policy platform found.","construction/trades training and small business (from bio); practical, listening-based leadership","Raman believes that public leadership is about listening to people, understanding community needs, bringing people together, and turning ideas into practical action.",https://www.centrebc.ca/our-team/ (bio text as captured in input CSV),,,,,,,,,,
Zeeshan Wahla,Conservative Party,Surrey City Centre,No,"Zeeshan Wahla is the Conservative Party of BC candidate for Surrey City Centre. 

Zeeshan is a Professional Engineer and small business owner who runs his own engineering consulting firm. Registered as a P.Eng. in four provinces, he brings extensive experience in engineering and planning, along with a professional commitment to honesty, integrity and protecting public safety and the environment.

Zeeshan arrived in British Columbia as an immigrant in 2007 and has proudly called Surrey home ever since. Raised in a family that valued hard work and perseverance, he pursued higher education and built a business of his own. That journey has given him a firsthand understanding of the pressures facing working families, from the rising cost of living to the challenge of getting ahead in today’s economy.

Zeeshan and his wife are raising their four daughters in Surrey, where they share their home with his mother. Providing his daughters with a good education and the opportunity for a bright future is at the heart of everything he does, and he wants every family in Surrey to have that same opportunity.",,,,"Professional engineer and small-business owner in a rematch with Amna Shah, whom he lost to by under 100 votes in 2024. Indo-Canadian Voice reports he wants political bias and ideology removed from the school curriculum and prioritizes support for small and medium businesses; he has campaigned on rising property taxes and the cost of living.",cost of living / property-tax relief; remove ideology from school curriculum; support small and medium-sized businesses; education and opportunity for families,"From 2023 to 2026, property taxes on this home jumped from $4,333 to $5,957. That’s a 37% increase in just three years. How are families supposed to keep up when everything else is going up too?",https://voiceonline.com/zeeshan-wahla-is-b-c-conservative-candidate-in-surrey-city-centre/,,,,,,,,,,https://conservativebc.ca/conservative-party-of-bc-announces-strong-surrey-candidates-for-serious-times/
Amna Shah,New Democratic Party (NDP),Surrey City Centre,Yes,"Committed to Surrey City Centre.

Amna Shah has called Surrey home for nearly 20 years. Growing up, her family taught her about the importance of compassion, public service, and standing up for your community — values that guide her every day.

Like so many people in Surrey, Amna is concerned about housing. It’s what drove her to work with BC’s Ministry of Housing, where she helped move forward affordable housing policies and projects — many of which have become law and are in effect today.

Because she believes that no family should be left behind without enough to eat, she became a dedicated volunteer at the Surrey Food Bank, where she now serves on the Board of Directors. In this role, she’s helped expand distribution services across Surrey, helping to make sure that people and families using the food bank can get the nutritious food they need in a supportive, dignified environment.

Amna is focused on the issues that matter to people and families in Surrey, like expanded transit, strengthening education, building more healthcare facilities and keeping communities safe. Even better — she knows how to get things done.

You can count on her and David Eby to always have your best interests at heart.",,,,"First-term MLA (former parliamentary secretary for anti-racism and for mental health and addictions) seeking re-election. She points to her affordable-housing policy work and Surrey Food Bank board role and warns against Conservative cuts; her candidate site lists transit, education, health-care facilities and community safety.",affordable housing; expanded transit; strengthening education; more health-care facilities; safe communities; food security,"From my work on affordable housing to my time with the Surrey Food Bank, I’ve seen how important it is to make sure people have the support and opportunities they need to get ahead.",https://surreynowleader.com/2026/09/24/b-c-votes-why-all-4-ndp-mlas-are-seeking-re-election-in-surrey-ridings-oct-24/,,https://www.facebook.com/profile.php?id=61563776320159,https://instagram.com/amnashahbc,https://x.com/amnashahbc,,,,,,https://studioxnews.ca/canada/bc/surrey/bc-ndp-campaign-office-opening-garry-begg-amna-shah-surrey/ ; https://www.facebook.com/profile.php?id=61563776320159 ; https://instagram.com/amnashahbc ; https://x.com/amnashahbc
Oliver Wildfong,OneBC,Surrey City Centre,No,,,,,No individual pitch found.,,,,,,,,,,,,,
Bhandol Parm,CentreBC,Surrey North,No,"Bhandol Parm has been a resident of Surrey North for more than 10 years, and is proud to serve the community as a HandyDART operator.

Bhandol holds a BSc and MSc in Mathematics, bringing a practical, analytical, and evidence-based approach to the issues facing Surrey North.

Every day, Bhandol works alongside seniors, people with disabilities, families, and residents from all walks of life. Through local sports and community involvement, he also connects with young people and understands how important it is to give youth meaningful opportunities to learn, grow, and succeed.

Living and working in Surrey North for more than a decade has given Bhandol firsthand insight into the challenges Surrey North faces. He brings a genuine commitment to listening to people and finding practical solutions that work.

Bhandol’s priorities are clear: better public transit, stronger local infrastructure, more opportunities for youth, and accessible representation for everyone in Surrey North.

Bhandol’s goal is to be a strong voice for our community in Victoria—bringing the concerns, ideas, and priorities of Surrey North directly to the provincial government.",,,,"HandyDART operator with BSc/MSc in mathematics and 10+ years in Surrey North. His stated priorities are better transit, stronger local infrastructure, youth opportunities and accessible representation.",better public transit; stronger local infrastructure; more opportunities for youth; accessible representation,"Bhandol’s priorities are clear: better public transit, stronger local infrastructure, more opportunities for youth, and accessible representation for everyone in Surrey North.",https://www.centrebc.ca/our-team/ (bio text as captured in input CSV),,,,,,,,,,
Mandeep Dhaliwal,Conservative Party,Surrey North,Yes,"Mandeep Dhaliwal’s journey to becoming the Conservative Party of BC MLA for Surrey North is a testament to his diverse experiences and unwavering commitment to community service. Migrating to Canada in his 20s with his family, Mandeep embarked on a path that blends his love for social services, entrepreneurial spirit, and passion for public engagement.

Family and Background

Raised in Surrey, Mandeep is a devoted family man, nurturing his small family, which includes his wife Pawan, a dedicated Registered Nurse, and their son Diltaj. His roots in social service sprouted in India, where he completed his Bachelor of Arts degree in group humanity and excelled in the folk game of Punjab, Kabaddi (wrestling). As a national-level player, he secured a gold medal in an inter-college tournament, reflecting his dedication and prowess in sports.

Entrepreneurship in Canada

Transitioning to Canada, Mandeep became a small business owner, establishing Fixman Auto Glass Repair and Fixman Auto Glass Supplier in Surrey. Through hard work and determination, he transformed his ventures into trusted brands within the industry. As a successful entrepreneur, Mandeep is attuned to the challenges faced by small businesses and is committed to advocating for policies fostering growth and supporting startups.

Community Engagement

Beyond business, Mandeep is deeply immersed in his local community. Actively participating in various events and initiatives, he supports local charities and organizations, embodying his belief in giving back to the community that supported his business.

Sikh Motorcycle Club and Philanthropy

Mandeep’s commitment to social services continues through his membership in the BC Sikh Motorcycle Club, engaging in rides that contribute to the community. Notable among these is the 2016 motorcycle ride from BC to Ontario, where he played a pivotal role in raising $100,000 for the BC Cancer Society. Another remarkable feat is his participation in a fundraising bike ride from Canada to India, setting a world record and generating $100,000 for the Khalsa Aid organization.

Advocacy and Vision for BC

Throughout his life, Mandeep has displayed a passion for public service, social justice, equality, and sustainability. His vision for BC focuses on critical areas such as affordable housing, education, healthcare, and environmental sustainability. Mandeep believes that by investing in these areas, a stronger, more inclusive community can be forged.

Community-Centric Representation

As an MLA, Mandeep is dedicated to listening to the concerns and ideas of community members, ensuring their voices shape the decision-making process. With experience, passion, and dedication, he envisions progress, opportunity, and a better future for all residents. Mandeep Dhaliwal is poised to be a dynamic representative, committed to transparency, accountability, and integrity in his role as a public servant.",,,,"First-term Conservative MLA seeking re-election. He has focused on extortion and threats against Surrey businesses and Sikh community leaders, accusing the NDP government of failing to provide protection; his party bio lists affordable housing, education, health care and small-business support.",public safety / extortion and violence in Surrey; affordable housing; education; health care; small-business support; parental rights (critic role),"How much longer will Sikh leaders be forced to live in fear while this government fails to provide protection, transparency, and accountability?",https://www.surreynewsbc.com/mla-mandeep-dhaliwal-raises-alarm-in-legislature-over-threats-to-sikh-leaders-in-surrey/,,https://www.facebook.com/Mandeep.Dhaliwal.MLA,https://www.instagram.com/mandeepdhaliwal4bc/,https://x.com/MDHALIWAL4BC,,,,,,https://conservativebc.ca/conservative-party-of-bc-announces-strong-surrey-candidates-for-serious-times/ ; https://www.facebook.com/Mandeep.Dhaliwal.MLA ; https://www.instagram.com/mandeepdhaliwal4bc/ ; https://x.com/MDHALIWAL4BC
Yudhbir Gill,Green Party,Surrey North,No,,,,,No individual pitch found.,,,,,,,,,,,,,
Sahib Thind,New Democratic Party (NDP),Surrey North,No,"Building a stronger Surrey.

Sahib Thind is the founder and president of the Professor Mohan Singh Memorial Foundation, which has advocated for recognition of the Komagata Maru tragedy and organizes the annual Mela Gadri Babiyan Da at Bear Creek Park. He is a fearless advocate for human and civil rights.

He received B.C.’s Medal of Good Citizenship in 2017. A Surrey North resident for more than 40 years, he is semi-retired and worked in the construction industry.

Sahib Thind, David Eby and the BC NDP have a plan to build BC strong: creating jobs, strengthening healthcare, and bringing down costs.",,,,"Founder of the Professor Mohan Singh Memorial Foundation (Komagata Maru recognition, Mela Gadri Babiyan Da) and 40-year Surrey North resident. His candidate page carries the NDP message of creating jobs, strengthening health care and bringing down costs.",creating jobs; strengthening health care; bringing down costs; human and civil rights (party message + bio),"Sahib Thind, David Eby and the BC NDP have a plan to build BC strong: creating jobs, strengthening healthcare, and bringing down costs.",https://sahibthind.bcndp.ca,,,,,,,,,,
Tanya Gupta,OneBC,Surrey North,No,"Tanya Gupta is a business owner and Notary Public in British Columbia, bringing years of experience working directly with individuals, families, professionals, financial institutions, and businesses.

Since 2019, Tanya has owned and operated Tanya Gupta Notary Corporation, while also managing and operating SSTG Gas Station. Through her businesses, she has gained firsthand experience with the responsibilities and challenges of running a business, including managing employees, finances, customers, regulatory requirements, and day-to-day operations.

Tanya holds a Master of Applied Legal Studies from Simon Fraser University and a Bachelor of Computer Applications. Her professional and business experience has developed strong skills in leadership, communication, problem-solving, decision-making, organization, and working with people from diverse backgrounds.

Tanya is passionate about bringing her practical experience and community-focused perspective to public service. She believes that years of working directly with people, operating businesses, and serving clients have given her valuable insight into the responsibilities that come with serving the public.

Tanya Gupta is proud to be the OneBC candidate for Surrey North.",,,,Notary public and business owner (notary corporation and gas station) with an SFU Master of Applied Legal Studies. Her bio emphasizes bringing practical business and client-service experience to public service; no specific policy pitch found.,practical business experience; community-focused public service (bio only),Tanya Gupta is proud to be the OneBC candidate for Surrey North.,https://1bc.ca/candidates,,,,,,,,,,
Jag Bhandari,Independent / no party,Surrey North,No,,,,,No individual pitch found.,,,,,,,,,,,,,
Elenore Sturko,CentreBC,Surrey South,No,,https://www.youtube.com/watch?v=M-ne69C2fF0,Why didn't Elenore Sturko return to the BC Conservatives?,2026-09-27,"CentreBC leader and two-term MLA (Surrey South 2022-24, Surrey-Cloverdale 2024-26), returning to her home riding. She pitches CentreBC as a stable alternative for voters who won't back the NDP after nine years or the Conservatives after two years of 'chaos', and a B.C. that works with Ottawa to be the best place for people and investment.",centrist alternative to NDP and Conservatives; economy and investment; fiscal responsibility (deficit/debt); work with Ottawa and other provinces; quality of life; constituency service,I think that what we’re doing is offering an alternative. There are people who have said that they don’t want to vote for the NDP after nine years ... but also people who don’t feel that they can vote for the Conservatives.,https://peacearchnews.com/2026/09/25/centre-bc-leader-elenore-sturko-running-in-surrey-south-for-provincial-election/,,,,,,,,,,https://vancouver.citynews.ca/2026/09/25/bc-election-elenore-sturko-centrebc-leader/ ; https://www.timescolonist.com/2026-bc-votes/elenore-sturkos-roller-coaster-political-ride-lands-her-as-leader-of-centrebc-12824686 ; https://surreynowleader.com/2026/09/22/surreys-elenore-sturko-is-the-sole-incumbent-mla-for-centrebc-ahead-of-election/ ; https://x.com/elenoresturko ; https://x.com/elenoresturko/status/2106137295912833235
Megan Knight,Conservative Party,Surrey South,No,"Megan Knight has called the White Rock area home for more than 46 years. She graduated from Semiahmoo Secondary, went on to study at the University of British Columbia, and in 1998 was commissioned as a British Columbia Notary Public, establishing a practice she ran for 25 years, serving local families and businesses with integrity and dedication.

Megan’s commitment to her community led her into public service. She was first elected to White Rock City Council in 2014, serving as a Councillor until 2018, and was elected Mayor of White Rock in 2022. As Mayor, she has worked to keep White Rock safe, support local businesses, protect its natural spaces and ensure the city’s public spaces remain vibrant and welcoming for residents and visitors alike.

Her leadership extends well beyond city hall. Megan has served on the Metro Vancouver Board of Directors and the TransLink Mayors’ Council, giving her firsthand experience with the regional decisions that shape transportation, growth and costs for South Surrey and White Rock families. She has also served on the boards of the Sources Foundation, the Society of Notaries Public of BC, the Notary Foundation, the Fraser Valley Regional Library and Tour de White Rock. 

In 2022, Megan was honoured with the Queen Elizabeth II Platinum Jubilee Medallion in recognition of her contributions to community service.

As MLA for Surrey South, Megan will be a strong voice for safer communities and lower costs, and will deliver a provincial government that listens to the people it serves.",https://www.youtube.com/watch?v=Pk1NTDnnPXg,White Rock Mayor Megan Knight Enters Surrey South Race,2026-09-26,"White Rock mayor (since 2022), former councillor and 25-year notary public, withdrew from the civic race to run provincially. Her party bio says she will be a strong voice for safer communities and lower costs and a government that listens.","safer communities; lower costs; a government that listens; regional transportation/growth (Metro Vancouver, TransLink experience)","As MLA for Surrey South, Megan will be a strong voice for safer communities and lower costs, and will deliver a provincial government that listens to the people it serves.",https://conservativebc.ca/candidate/megan-knight/,,,,,,,,,,https://www.cbc.ca/news/canada/british-columbia/white-rock-mayor-election-9.7359492 ; https://conservativebc.ca/conservative-party-of-bc-announces-strong-surrey-candidates-for-serious-times/
Bill McConnell,Green Party,Surrey South,No,,,,,No individual pitch found.,,,,,,,,,,,,,
Parik Tahlan,New Democratic Party (NDP),Surrey South,No,,,,,No individual pitch found. LinkedIn lists him as a security professional (Country Security Manager for Canada at Pinkerton).,,,,,,,,,,,,,https://www.linkedin.com/in/parik-tahlan-cpp-psp-llm-corporate-law-mba-35809536
Brent Chapman,OneBC,Surrey South,Yes,MLA for Surrey South,,,,"Elected Conservative MLA for Surrey South in 2024; left for OneBC after his wife Kerry-Lynne Findlay was ousted as Conservative leader. No campaign pitch found, and he does not appear on Elections BC's final candidate list (nominations closed Oct 3).",,,,,,,https://x.com/Brent4SurreySth,,,,,,https://x.com/Brent4SurreySth ; https://www.youtube.com/watch?v=xOxDYAgJiLE (CBC: B.C. Conservative candidate under fire for offensive posts — again)
Denis R Hurtubise,Independent / no party,Surrey South,No,,,,,No individual pitch found.,,,,,,,,,,,,,
Sargy Chima,CentreBC,Surrey-Cloverdale,No,,,,,No individual pitch found.,,,,,,,,,,,,,
Nicholas Cartmell,Conservative Party,Surrey-Cloverdale,No,"Nicholas Cartmell is the Conservative Party of BC candidate for Surrey-Cloverdale.

Nicholas is a brand strategist and community sport builder who has spent his career creating moments that matter to people. He and his wife, Leslie, have made Surrey home since 2012. They are raising a young son who plays competitive minor hockey, and two adult sons now building careers in engineering and the Canadian Armed Forces Reserves.

Community work has been the constant. As CEO of the BC Sports Hall of Fame and Museum, Nicholas led a non-profit accountable to a 23-member board and expanded a youth education program that reaches classrooms across British Columbia. He raised the funding for the Hall’s Indigenous Sport Gallery and led the effort to bring it online, so the stories of 40 First Nations and Métis athletes, coaches and builders could reach every corner of the province. He chaired business and community engagement for the 102nd Grey Cup Festival in Vancouver, and from 2016 to 2018 served on Capilano University’s Board of Governors, where he chaired the Investment Committee. Today he is Vice President of the Surrey 2027 55+ BC Games Host Society, preparing to welcome thousands of participants and visitors to Surrey next September.

Nicholas brings two decades of business leadership. Over 14 years at TELUS, most recently as Senior Director, Strategic Initiatives, Partnerships and Government Relations, he led national teams and budgets and negotiated $51 million in partnerships and investments. He went on to run the Western Canadian division of Canada’s largest event rental company, employing more than 100 British Columbians through peak seasons.",,,,"Brand strategist, former BC Sports Hall of Fame CEO and ex-TELUS senior director, Surrey resident since 2012. His party bio highlights business leadership and community sport; no riding-specific policy pitch found beyond the party's Surrey slate message on affordability, safety and health care.",(party slate message) affordability; restore safety; fix health care; business leadership and community sport (bio),,,,,,,,,,,,https://conservativebc.ca/conservative-party-of-bc-announces-strong-surrey-candidates-for-serious-times/
Pat McCutcheon,Green Party,Surrey-Cloverdale,No,"Pat McCutcheon is a retired professional engineer, small-business owner and longtime Cloverdale resident who raised his two sons in the community with his wife. He has seen firsthand how pressures on healthcare, public education, housing affordability and the environment affect local families.

Pat graduated from the University of British Columbia with a Bachelor of Applied Science and went on to build a long career in engineering. In 1995, he founded his own engineering consulting firm, providing services to heavy equipment manufacturers across the Lower Mainland. He operated the business for 28 years.

His professional background has given him experience in problem-solving, long-term planning and working with businesses across the region. Pat is also an active member of the Cloverdale District Chamber of Commerce.

He joined the BC Greens in 2019, motivated by a belief in evidence-based policy and the need for environmental, economic, social and fiscal sustainability.

Pat is running in Surrey-Cloverdale to advocate for stronger public services, more affordable housing, climate action and a more proactive approach to the challenges facing the community.",,,,"Retired professional engineer and 28-year engineering-firm owner, long-time Cloverdale resident. He is running to advocate for stronger public services, more affordable housing, climate action and a more proactive approach to local challenges.","stronger public services (health care, education); affordable housing; climate action; evidence-based, fiscally sustainable policy","Pat is running in Surrey-Cloverdale to advocate for stronger public services, more affordable housing, climate action and a more proactive approach to the challenges facing the community.",https://bcgreens.ca/candidates-2026/ (bio text as captured in input CSV),,,https://www.instagram.com/greenpartybc/,,,https://bsky.app/profile/pmccut.bsky.social,,,,https://bsky.app/profile/pmccut.bsky.social
Stephen Dooley,New Democratic Party (NDP),Surrey-Cloverdale,No,"Building a stronger Surrey-Cloverdale

Stephen Dooley is the BC NDP Candidate in Surrey Cloverdale. He is the recently retired Executive Director of the Surrey Simon Fraser University campus, and the former Director and Chair of the Surrey Board of Trade, as well as the Co-Chair of the Surrey Poverty Reduction Coalition. He also served as the co-chair of the Surrey Social Innovation Summit. In his various roles, Stephen has worked extensively with First Nations communities south of the Fraser River.

Prior to joining SFU Stephen taught criminology and sociology at Kwantlen Polytechnic University and he was the first Director of Community Engagement. He is known for his ability to build trust, bring diverse interests together, and turn shared priorities into action. He has extensive experience in public accountability, strategic planning, financial stewardship, and a longstanding commitment to accessible education, poverty reduction, youth opportunity, public safety, economic development, reconciliation, and community well-being.

Steve holds a Master’s degree in Sociology and a Bachelor’s degree in Sociology and History. He and his wife Preet have lived in the region for over 25 years. Their son Dave, daughter-in-law Jasmine and grandson Wilson are proud residents of Surrey Cloverdale.

Stephen Dooley, David Eby and the BC NDP have a plan to build BC strong: to create jobs, to strengthen healthcare, and to bring down the cost of living.",,,,"Recently retired executive director of SFU's Surrey campus, former Surrey Board of Trade chair and co-chair of the Surrey Poverty Reduction Coalition. His candidate page emphasizes education, poverty reduction, youth opportunity, public safety and reconciliation, plus the NDP jobs/health/cost-of-living message.",create jobs; strengthen health care; bring down cost of living; accessible education; poverty reduction; youth opportunity; public safety; reconciliation,"Stephen Dooley, David Eby and the BC NDP have a plan to build BC strong: to create jobs, to strengthen healthcare, and to bring down the cost of living.",https://stephendooley.bcndp.ca,,https://www.facebook.com/stephendooley,,,,,,,,https://www.facebook.com/stephendooley
Travis Marchenski,OneBC,Surrey-Cloverdale,No,,,,,No individual pitch found.,,,,,,,,,,,,,
Paul Brar,CentreBC,Surrey-Fleetwood,No,"Paul Brar came to Canada in 1983 and began his working life as a shingle sawyer in Mission, BC. He built a career in real estate over the four decades that followed, and graduated from the University of British Columbia with a diploma in Urban Land Economics in 1999. Before coming to Canada, he attended DAV College in Jalandhar and Punjab Agricultural University in Ludhiana.",https://www.youtube.com/watch?v=VR7bmi8iBPU,B.C. ਦੀਆਂ ਆਮ ਚੋਣਾਂ ਦਾ ਫੈਸਲਾ ਕਰਨਗੇ 6 ਨਵੇਂ ਚੋਣ-ਹਲਕੇ (Punjabi: 6 new ridings will decide B.C. election),2026-10-02,Realtor since 1988 and Surrey resident of 30+ years (UBC Urban Land Economics diploma). No campaign pitch found; his YouTube channel 'Paul Brar Official' posts Punjabi-language election commentary.,,,,,,,,,,,,,
Garry Purewal,Conservative Party,Surrey-Fleetwood,No,"Garry Purewal is the Conservative Party of BC candidate for Surrey-Fleetwood.

Garry’s commitment to service began in uniform. As a Military Police member with the Canadian Armed Forces, he learned the discipline, integrity and sense of duty that have guided him ever since. That experience gave him a firsthand understanding of public safety and of what it takes to keep communities secure.x

After his military service, Garry built a career in business, owning and managing companies including a property restoration business. Running his own business has taught him what every small business owner in British Columbia knows: how hard it is to meet a payroll, keep costs down and grow when government makes it more expensive to do business every year.

Garry has also given his time to the next generation as a leader in youth sports, and has been active in community advocacy and political engagement, working with neighbours and local organizations on the issues that matter most to families.

That experience has given Garry a clear view of the challenges facing families, business owners and communities, and a strong commitment to public safety, responsible government, economic opportunity and effective public policy.",,,,"Former Canadian Armed Forces military police member and small-business owner (property restoration). His party bio stresses public safety, responsible government, economic opportunity and the cost of doing business.",public safety; responsible government; economic opportunity; lower costs for small business; youth sports,"Running his own business has taught him what every small business owner in British Columbia knows: how hard it is to meet a payroll, keep costs down and grow when government makes it more expensive to do business every year.",https://conservativebc.ca/candidate/garry-purewal/,,,,,,,,,,https://conservativebc.ca/conservative-party-of-bc-announces-strong-surrey-candidates-for-serious-times/
Tim Binnema,Green Party,Surrey-Fleetwood,No,,,,,No individual pitch found.,,,,,,,,,,,,,
Jagrup Brar,New Democratic Party (NDP),Surrey-Fleetwood,Yes,"Jagrup Brar: Building up Surrey-Fleetwood

Jagrup Brar has represented people in Surrey for decades. As the past Executive Director of the Surrey Self Employment and Entrepreneur Development Society (SEEDS), Jagrup trained new entrepreneurs to develop and launch successful small businesses — strengthening the community in which he, his wife and his two children live.

Jagrup is committed to building up Surrey, whether that’s a new hospital, or a SkyTrain extension, or a stronger economy with good-paying jobs, or homes - all the things people need to build a good life in the place they love.

The conservative parties would cozy up to Trump, cut healthcare, and hike costs on working people.

Jagrup Brar, David Eby and the BC NDP have a plan to lower costs, hire more healthcare workers, and build a stronger economy.

The plan is working. And we can’t stop now.",,,,"Veteran Surrey MLA and Minister of Mining and Critical Minerals seeking re-election. He says B.C. must create good jobs and build markets beyond the U.S. amid the tariff war; his candidate page lists a new hospital, SkyTrain extension, good-paying jobs and homes for Surrey.",good jobs and new markets beyond the U.S.; new Surrey hospital; SkyTrain extension; homes; lower costs; hire more health-care workers,"Jagrup is committed to building up Surrey, whether that’s a new hospital, or a SkyTrain extension, or a stronger economy with good-paying jobs, or homes - all the things people need to build a good life in the place they love.",https://jagrupbrar.bcndp.ca,,https://www.facebook.com/JagrupBrarBC/,https://www.instagram.com/jagrup.brar/,https://x.com/JagrupBrar1,,,,,,https://surreynowleader.com/2026/09/24/b-c-votes-why-all-4-ndp-mlas-are-seeking-re-election-in-surrey-ridings-oct-24/ ; https://www.facebook.com/JagrupBrarBC/ ; https://www.instagram.com/jagrup.brar/ ; https://x.com/JagrupBrar1
Carolyn Hofbauer,OneBC,Surrey-Fleetwood,No,"Carolyn Hofbauer grew up in Surrey’s Newton neighbourhood and attended Frank Hurt Secondary School. Surrey is where she went to school, built her career, and is raising her family.

Carolyn began working at 15 while continuing her education. After high school, she attended what is now Kwantlen Polytechnic University, where she studied music, English, and history. During her college years, she also worked as a substitute teacher.

Much of Carolyn’s early career was spent in the restaurant industry. She worked as a chef at Fresgo Inn before becoming head chef at The Vault Restaurant in Cloverdale, where she spent nearly a decade. The work demanded responsibility, teamwork, and the ability to listen to people.

Carolyn later joined her family business. Today, she manages BC Firearms Academy alongside her husband. Running a small business has given her firsthand experience with the challenges facing employers, employees, and families in British Columbia.

Carolyn and her husband are raising their son, Blake. Family is at the centre of her life and shapes how she thinks about the future of her community.

Carolyn’s involvement in politics began during college. Since then, she has volunteered on campaigns, knocked on doors, made calls, worked in campaign offices, and spoken with voters about the issues that matter to them.

Carolyn is running for OneBC to bring her experience as a mother, small business owner, and lifelong Surrey resident to provincial politics. She wants to represent the community she has always called home.",,,,"Lifelong Surrey resident, former head chef and now manager of the family business BC Firearms Academy. Her bio says she is running to bring her experience as a mother, small-business owner and lifelong Surrey resident to provincial politics.",small business; family; representing her home community (bio only),"Carolyn is running for OneBC to bring her experience as a mother, small business owner, and lifelong Surrey resident to provincial politics.",https://1bc.ca/candidates,,,,,,,,,,
Garry Thind,Conservative Party,Surrey-Guildford,No,"Garry Thind is the Conservative Party of BC candidate for Surrey-Guilford.

Garry has proudly called Surrey home for more than 27 years, living, working, raising his family and serving his community in the city. For the past 12 years, he has served Surrey families as a Trustee on the Surrey School Board, where he is currently Vice-Chair, representing the interests of parents, students and the broader community.

Since 2014, Garry has taken on leadership roles across the school district, chairing committees including the Learning Liaison Committee, Traditional Schools, District Principal Selection, Secondary Vice-Principal Selection, the ELL Consortium and the Budget Committee. That work has given him extensive experience in governance, policy development and accountability, and in working collaboratively with parents, educators and community stakeholders. He also sits on the External Advisory Board of Western Community College in Surrey.

Garry’s commitment to Surrey extends well beyond the School Board. He is a past President of the Rotary Club of Surrey and currently leads the BC region for the Pingalwara Society of Ontario, a charitable organization. Since 2002, he has helped raise more than $5.4 million for charitable and community causes.

Professionally, Garry brings more than 14 years of management experience and more than 13 years in sales and marketing. He is currently a full-time Realtor with Century 21 Coastal Realty in Surrey, work that has sharpened his skills in leadership, communication and relationship-building.",,,,"Surrey school board vice-chair (12 years as trustee), realtor and charity fundraiser, challenging Garry Begg in a riding decided by 22 votes in 2024. He says education remains a priority but he will also tackle issues he says the NDP neglected: illicit drugs and overdoses, extortion, housing and affordability, and argues new taxes won't fix the economy.","education; illicit drugs and overdoses; extortion threats; housing and affordability; economy (no new taxes, grow provincial revenue)",I think we need to fix those policies. Just applying new taxes won’t solve any problem. We need to find out ways where the British Columbia government can generate more income.,https://peacearchnews.com/2026/10/02/garry-thind-runs-for-mla-seat-in-surrey-guildford/,,,,,,,,,,https://conservativebc.ca/conservative-party-of-bc-announces-strong-surrey-candidates-for-serious-times/
Jodi Murphy,Green Party,Surrey-Guildford,No,,,,,No 2026 pitch found. She ran for the BC Greens in Surrey-Guildford previously and has campaign videos from that earlier run (2020-era) on education and Green priorities.,,,,,,,,,,,,,
Garry Begg,New Democratic Party (NDP),Surrey-Guildford,Yes,"On your side in Surrey-Guildford.

Garry Begg knows the importance of giving families, kids, and schools the tools they need to succeed — now and later in life. Prior to being elected as the MLA for Surrey-Guildford in 2017, 2020 and 2024, he served in progressive law enforcement leadership with the RCMP for nearly 40 years where he gained a deep understanding of issues facing people living in Surrey.

Garry knows that Surrey is the fastest growing — and soon to be largest — city in BC, which comes with its own set of challenges for people who live here. It’s why he’s focused on ensuring the people of Surrey have the housing, education and health care support they need to build a good life here.

You can count on Garry Begg, David Eby and the BC NDP to look out for you and your family.",,,,"Three-term MLA and former RCMP officer of nearly 40 years seeking re-election after winning by 22 votes in 2024. He says the NDP has a real plan on crime, health care and South of the Fraser transportation; his candidate page focuses on housing, education and health care for fast-growing Surrey.",tackle crime; improve health care; transportation for Surrey/South of the Fraser; housing; education,"Garry knows that Surrey is the fastest growing — and soon to be largest — city in BC, which comes with its own set of challenges for people who live here. It’s why he’s focused on ensuring the people of Surrey have the housing, education and health care support they need to build a good life here.",https://garrybegg.bcndp.ca,,https://www.facebook.com/GarryBeggBC,https://www.instagram.com/garry.begg/,,,,,,,"https://studioxnews.ca/canada/bc/surrey/bc-ndp-campaign-office-opening-garry-begg-amna-shah-surrey/ (Sep 27, 2026 office opening; article embeds a video report) ; https://surreynowleader.com/2026/09/24/b-c-votes-why-all-4-ndp-mlas-are-seeking-re-election-in-surrey-ridings-oct-24/ ; https://www.facebook.com/GarryBeggBC ; https://www.instagram.com/garry.begg/"
James Yaroshuk,Independent / no party,Surrey-Guildford,No,,,,,No individual pitch found.,,,,,,,,,,,,,
Harman Preet Singh,CentreBC,Surrey-Newton,No,"Harman Preet Singh is a legal professional with experience in criminal defence, immigration, administrative law, public policy, governance, technology, and business. He brings a unique combination of legal expertise, governance experience, and an understanding of innovation and economic opportunity.

Harman previously served as a Student Member of the Kwantlen Polytechnic University Board of Governors, representing more than 22,000 students. In this role, he gained valuable experience in institutional governance, strategic decision-making, accountability, and advocating for the interests of a diverse community.

He is currently completing his legal articling in British Columbia and holds a J.D./BBA LL.B. His education also includes public policy studies at the London School of Economics and Political Science, entrepreneurship studies at Babson College, and an advanced diploma in computer programming. This interdisciplinary background gives him a broad perspective on law, public policy, technology, and economic development.

Harman is committed to helping build safer, healthier, and more resilient communities across British Columbia. His priorities include safer neighbourhoods, stronger responses to homelessness, addiction, and mental-health challenges, improved access to justice, greater opportunities in education and skills development, and public institutions that are accessible, transparent, and accountable.

Outside of his professional life, Harman values family, fitness, and lifelong learning. He enjoys yoga and working out and especially cherishes time with his six-year-old niece and four-year-old nephew. They keep him grounded and remind him of the importance of building a better future for the next generation.

Harman speaks English, Punjabi, and Hindi, allowing him to connect with and listen to people from diverse backgrounds across Surrey-Newton. His experience in law, public policy, technology, business, and governance gives him a broad and practical perspective on the challenges facing our community.

He is committed to bringing that experience into public service – by carefully listening to residents, understanding the issues that matter most to families and businesses, and working toward practical solutions for a stronger, safer, and more prosperous Surrey-Newton and British Columbia.",,,,"Articling legal professional and former KPU Board of Governors student member. His bio lists safer neighbourhoods, stronger responses to homelessness, addiction and mental health, access to justice, education and skills, and accountable public institutions.","safer neighbourhoods; homelessness, addiction and mental-health responses; access to justice; education and skills development; accessible, transparent, accountable institutions","His priorities include safer neighbourhoods, stronger responses to homelessness, addiction, and mental-health challenges, improved access to justice, greater opportunities in education and skills development, and public institutions that are accessible, transparent, and accountable.",https://www.centrebc.ca/our-team/ (bio text as captured in input CSV),,,,,,,,,,
Harj Dhaliwal,Conservative Party,Surrey-Newton,No,"Dr. Harj Dhaliwal is the Conservative Party of BC candidate for Surrey-Newton.

He is a business executive, educator and community leader with extensive experience in organizational leadership, governance, public transportation and community development. Over the course of his career, he has held senior executive and leadership roles in both the private and post-secondary sectors. In business, he has led complex organizations and major construction development initiatives, working with diverse teams and stakeholders across British Columbia.

Dr. Dhaliwal holds an MBA and a PhD in Organization Development and Leadership. He has taught business and management courses at the undergraduate and graduate levels. He brings significant public-sector governance experience, having served six years as a Director of TransLink and four years on the board of the BC SPCA.

Dr. Dhaliwal has been a longtime leader in youth soccer in Newton and across the region. He has served as Chair of the South Fraser District Association, Chair of the Surrey Metro Soccer Association, Board Member of the BC Coastal Soccer League, and President of the Central City Breakers Football Club in Newton.

He has lived in Surrey for 28 years, where he and his wife raised their family, and has been an active community leader throughout that time.",,,,"Business executive and educator (MBA, PhD), former TransLink director and BC SPCA board member, long-time Newton youth-soccer leader. No candidate-specific pitch found beyond his bio and the party's Surrey slate message on affordability, safety (including extortion) and health care.",(party slate message) affordability; restore safety / extortion; fix health care; transit governance experience (bio),,,,,,,,,,,,https://conservativebc.ca/conservative-party-of-bc-announces-strong-surrey-candidates-for-serious-times/
Jessie Sunner,New Democratic Party (NDP),Surrey-Newton,Yes,"Standing up for Surrey-Newton

Having grown up in Surrey, Jessie knows firsthand what makes this community such a special place to live, work and raise a family. As the MLA for Surrey-Newton, Jessie spent her first term fighting for this community and making sure Surrey has a strong voice at the table. You can count on her to stand up for families in Surrey-Newton, and fight every day to protect the services that people count on from Conservative cuts.

As Minister of Post-Secondary Education and Future Skills, Jessie worked to expand opportunities for students and apprentices, and ensure British Columbians are first in line for the jobs of the future. She has also fought to bring the investments Surrey deserves, including a new SFU Medical School, the Surrey-Langley SkyTrain extension, more than 15,000 new student spaces, and the infrastructure needed to support our growing community.

Before entering politics, Jessie was a labour and human rights lawyer and trade unionist, where she fought for everyday working people. She has brought that same determination to public life.

Where the BC Conservatives would roll over for Trump and cut the things people rely on, Jessie Sunner, David Eby and the BC NDP have a plan to stand up for BC, protect the services that matter to families, and build our economy.

The plan is working. And we can’t stop now.",https://www.youtube.com/watch?v=vmoBrtXN6EQ,Jinny Sims and Jessie Sunner Launch Joint BC NDP Campaign in Surrey,2026-10-02,"First-term MLA and Minister of Post-Secondary Education and Future Skills, a former labour and human rights lawyer. She runs on fighting for working people and protecting services from 'Conservative cuts', citing the SFU medical school, Surrey-Langley SkyTrain and 15,000+ new student spaces.",cost-of-living pressures; protect public services from cuts; SFU medical school; Surrey-Langley SkyTrain; student spaces and skilled trades; workers' rights,"I’m running again because I want to keep fighting for working people in Surrey-Newton, protect everything we have built together and make sure our community has a bright future.",https://surreynowleader.com/2026/09/24/b-c-votes-why-all-4-ndp-mlas-are-seeking-re-election-in-surrey-ridings-oct-24/,,https://www.facebook.com/p/Jessie-Sunner-61562873500306/,https://www.instagram.com/jessieksunner/,https://twitter.com/jessieksunner,,,,,,https://www.facebook.com/p/Jessie-Sunner-61562873500306/ ; https://www.instagram.com/jessieksunner/ ; https://twitter.com/jessieksunner
Manav Manro,CentreBC,Surrey-Panorama,No,,,,,No individual pitch found.,,,,,,,,,,,,,
Bryan Tepper,Conservative Party,Surrey-Panorama,Yes,"A Dedicated Community Advocate for Surrey-Panorama

Bryan Tepper has proudly called Surrey home for two decades, residing in Ocean Park with his wife Rona following a transfer to the Surrey Detachment of the RCMP. Immersing himself in the community, Bryan quickly realized he had found the greatest place to live in Canada.

Engaged Policing Career

Bryan has spent his career serving as an RCMP officer, with the last 10 years exclusively in Surrey. In his role, he intimately engaged with the community, understanding both its challenges and its unique greatness. From witnessing tragic events to sharing in the joy of community celebrations, his policing career deeply embedded him in the fabric of Surrey-Panorama.

Milestone Advocacy

As the treasurer of the Mounted Police Professional Association of Canada (MPPAC), Bryan played a crucial role in successfully taking the federal government to court, securing the right to associate for RCMP members. This landmark lawsuit paved the way for RCMP members to have representation, a significant achievement for the policing community.

Dedicated Community Involvement

Both Bryan and Rona are active volunteers in various community organizations, including the Ocean Park Community Association, Crescent Beach Property Owners Association, Crescent Beach Swim Club, Surrey Orcas Water Polo, and the Crescent Beach Yacht Club. Their love for the water extends to Rona, who serves as the station leader of the local marine search and rescue. Outside of the real world, Bryan volunteers at all three levels of government.

Priorities for Surrey-Panorama

Bryan’s priorities include working towards repairing the medical system, starting with the recruitment of healthcare heroes and expanding training within the province. While acknowledging there’s no quick fix, he emphasizes the need to take steps to reverse the damage done to the healthcare system. Additionally, Bryan envisions the development of our natural resources as the most sustainable, cleanest, and most ethical in the world. The revenue generated from such development, without roadblocks, would significantly contribute to the future of healthcare in the region.",https://www.youtube.com/watch?v=BWEOWrIwohc,Hate Crime in B.C on the Rise: Why?,2026-09-14,"First-term Conservative MLA and retired Surrey RCMP officer seeking re-election after winning by 263 votes in 2024. His stated priorities are repairing the health system through recruiting and training health workers and developing natural resources to fund health care; his recent MLA videos attack the NDP on crime, budget transparency and deaths data.","repair health care (recruit 'healthcare heroes', expand training); responsible natural-resource development to fund health care; crime and drug enforcement; government accountability","Bryan’s priorities include working towards repairing the medical system, starting with the recruitment of healthcare heroes and expanding training within the province.",https://conservativebc.ca/candidate/bryan-tepper/,,https://www.facebook.com/profile.php?id=61555906044497,https://www.instagram.com/bryantepper/,https://x.com/TepperBryan,,,,,,https://www.facebook.com/profile.php?id=61555906044497 ; https://www.instagram.com/bryantepper/ ; https://x.com/TepperBryan
Nolen Scott,Green Party,Surrey-Panorama,No,"Nolen Scott is a film professional, musician, labour organizer and community advocate with nearly a decade of experience working in British Columbia’s film and television industry.

As an Assistant Director, Nolen has worked on major productions including Shōgun , Tron: Ares and Off Campus , as well as independent Canadian productions including Sweet Summer Pow Wow . His experience in the industry has shaped his commitment to stronger labour protections, fair pay and better working conditions.

Nolen previously served for two terms on the Production Assistants Caucus Advisory Committee of the Directors Guild of Canada, where he advocated for increased rest periods, higher pay and other workplace improvements for production assistants.

Outside of film, Nolen is active in the Lower Mainland arts community. He is a co-founder and board member of the Vancouver Venue Co-op, an organization focused on supporting independent arts and culture. He helped organize the co-op’s first flagship festival, Everything But the Bagel , which supported more than 30 artists over a 20-hour event.

Nolen has also been involved in grassroots community organizing and has spent time speaking with residents about affordability, working conditions and the challenges facing families across the region. His work in both the film industry and music community has strengthened his commitment to workers, community participation and accessible arts and culture.

Nolen is running in Surrey-Panorama to advocate for working people and families, affordable housing, stronger communities and a government where residents feel their voices are heard.",,,,"Film assistant director, musician and labour organizer (Directors Guild of Canada PA caucus). He is running to advocate for working people and families, affordable housing and a government where residents feel heard.",workers and labour protections; affordable housing; families; arts and culture; responsive government,"My vision for BC, and for Surrey-Panorama, is one where workers and their families are put first.",https://bcgreens.ca/candidates-2026/nolen-scott/,,https://www.facebook.com/profile.php?id=61594878274122,https://www.instagram.com/gingernols/,,https://ca.linkedin.com/in/nolen-scott-81ab1349,,,,,https://www.facebook.com/profile.php?id=61594878274122 ; https://www.instagram.com/gingernols/
Jinny Sims,New Democratic Party (NDP),Surrey-Panorama,No,"Protecting what matters to families in Surrey-Panorama

Jinny Sims has spent her career working for people and building strong communities that are safe and inclusive for all.

Jinny was first elected as the MLA for Surrey-Panorama in 2017 and served as B.C.’s Minister of Citizens’ Services. She previously served as the Member of Parliament for Newton-North Delta from 2011 to 2015.

She is no stranger to standing up for people and fighting for the things that matter. As past president of the BC Teachers’ Federation, Jinny has been an advocate for children, families, and schools. And as a prominent radio talk show host, she has given voice to people in the community to speak about the issues that matter to them.

As an active community member, Jinny knows that while Surrey is a great place to live, it can be even better. She is committed to tackling extortion and organized crime, keeping our streets safe and giving young people the opportunities and support they need to stay away from gangs.

Jinny Sims, David Eby and the BC NDP are committed to standing up for working families, protecting good jobs and making life more affordable.

At a time when Donald Trump’s tariffs and threats are putting Canadian jobs and our economy at risk, you can count on Jinny to fight for Surrey families, defend B.C. workers and stand up for Canada.",https://www.youtube.com/watch?v=vmoBrtXN6EQ,Jinny Sims and Jessie Sunner Launch Joint BC NDP Campaign in Surrey,2026-10-02,"Former MLA (2017-2024), cabinet minister, MP and BCTF president, now a radio host, seeking to win back the seat she lost by 263 votes. She says the NDP is the only party with a plan to lower costs and recruit health workers, and her page commits to tackling extortion, organized crime and gang prevention for youth.",lower costs for families; recruit more health-care workers; tackle extortion and organized crime; youth gang prevention; protect jobs from Trump tariffs,"People in Surrey-Panorama are facing tough challenges right now, and the BC NDP is the only party with a plan. While the Conservatives cosy up to Trump, David (Eby) and our team will continue with our work to lower costs for families and recruit more healthcare workers.",https://surreynowleader.com/2026/09/23/sims-takes-another-run-in-surrey-panorama-with-ndp-in-b-c-election-oct-24/,,https://facebook.com/jinnysims,,https://twitter.com/jinnysims,,,,,,https://studioxnews.ca/canada/bc-ndp-jinny-sims-candidate-surrey-panorama/ ; https://facebook.com/jinnysims ; https://twitter.com/jinnysims
Judy Higginbotham,CentreBC,Surrey-Serpentine River,No,,,,,No individual pitch found. Former long-time Surrey city councillor (per LinkedIn/search) running for CentreBC.,,,,,,,,,,,,,https://www.linkedin.com/in/judy-higginbotham-1b322a12
Jessy Sahota,Conservative Party,Surrey-Serpentine River,No,"Jessy Sahota is the Conservative Party of BC candidate for Surrey-Serpentine.

Jessy is a decorated law enforcement officer, international athlete, and dedicated community coach. In 2022, he was recognized by the International Association of Chiefs of Police (IACP) as one of the world’s Top 40 Police Officers Under 40.

A multi-sport athlete, Jessy has earned national and international recognition in wrestling, jiu-jitsu, and kabaddi. While studying at Simon Fraser University, he won a national wrestling championship. Jessy is married to his high-school sweetheart, Ikjot Sandhu. Both are graduates of Tamanawis Secondary School.",,,,"Police officer (IACP 'Top 40 Under 40', 2022), national wrestling champion and community coach, replacing retiring Conservative MLA Linda Hepner. No candidate-specific pitch found beyond his bio and the party's Surrey slate message on affordability, safety and health care.",(party slate message) affordability; restore safety to Surrey streets / extortion; fix health care,,,,,,,,,,,,https://conservativebc.ca/conservative-party-of-bc-announces-strong-surrey-candidates-for-serious-times/
Errol Povah,Freedom Party of BC,Surrey-Serpentine River,No,,,,,No individual pitch found.,,,,,,,,,,,,,https://freedompartybc.ca/candidates/
Sikander Kang,New Democratic Party (NDP),Surrey-Serpentine River,No,"Sikander Kang: Standing up for families in Surrey-Serpentine River

As a healthcare professional, Sikander Kang is ready to protect people and services and build a stronger economy for people in Surrey. He has established and manages five physiotherapy clinics in the Lower Mainland.

Sikander is deeply rooted in Surrey, combining clinical healthcare expertise with leadership in his community, including grassroots organizing with the BC NDP. His background in health helps him to connect authentically with people — reflecting a genuine commitment to public service, community building, and successful leadership.

He holds a Master's and a bachelor’s degree in Physiotherapy. He is married and he has two young children; one son and one daughter.

Sikander Kang, David Eby and the BC NDP have a plan to stand up for our province, to protect people and service, and to build a stronger economy - so that everyone can build a good life in the place they love.",,,,"Physiotherapist who runs five Lower Mainland clinics. His candidate page pitches his health-care background and the NDP plan to stand up for B.C., protect people and services and build a stronger economy.",protect people and public services (health care); stronger economy; stand up for B.C. (party message),"As a healthcare professional, Sikander Kang is ready to protect people and services and build a stronger economy for people in Surrey.",https://sikanderkang.bcndp.ca,,https://www.facebook.com/sikandersingh.kang.58,https://www.instagram.com/sikandersingh.kang.58/,,,,,,,https://www.facebook.com/sikandersingh.kang.58 ; https://www.instagram.com/sikandersingh.kang.58/
Todd Holowchak,OneBC,Surrey-Serpentine River,No,,,,,No individual pitch found.,,,,,,,,,,,,,
Waqas Rana,CentreBC,Surrey-White Rock,No,"Waqas Rana is a dedicated family man, community advocate, and professional running as the CentreBC candidate for Surrey-White Rock in the British Columbia provincial election.

At the heart of Rana’s life is his family. A proud local resident, he lives with his wife Dr. Alia, their three daughters Maha, Hiba and Zoya, son in law Rao Haider, a lively dog Gracie, a bird Sweety , and two cats Monster and Mongo. Balancing a busy household filled with school routines, activities, and daily family moments, Rana knows firsthand the everyday joys and pressures facing modern families, inspiring his deep personal commitment to building a stronger, safer future for the next generation.

Waqas’s public service is anchored by a solid academic background a CPA, CMA with a Bachelor and Master degree in Accounting and Finance and a proven professional track record in Financial Services. Over the course of his career in Banking and Insurance, he has led many key initiatives, projects and diverse teams, developing a reputation for sound fiscal judgment, rigorous problem-solving, and practical execution. He understands how economic decisions in Victoria directly impact local employers, workers, and household budgets.

Pairing this professional discipline with genuine community empathy, Waqas rejects partisan extremes to champion practical, balanced solutions that put everyday people first—from strengthening local healthcare capacity and tackling cost-of-living pressures to fostering responsible, family-friendly infrastructure and growth.

Above all, Waqas is dedicated to protecting the quality of life that makes Surrey-White Rock special, ensuring local residents are represented with compassion, integrity, and true accountability in Victoria.",,,,"CPA/CMA with a banking and insurance career and a family man in Surrey-White Rock. His bio says he rejects partisan extremes in favour of practical, balanced solutions on local health-care capacity, cost of living and family-friendly infrastructure and growth.","local health-care capacity; cost-of-living pressures; family-friendly infrastructure and growth; sound fiscal judgment; non-partisan, balanced approach","Pairing this professional discipline with genuine community empathy, Waqas rejects partisan extremes to champion practical, balanced solutions that put everyday people first",https://www.centrebc.ca/our-team/ (bio text as captured in input CSV),,,,,,,,,,
Trevor Halford,Conservative Party,Surrey-White Rock,Yes,"Trevor Halford is a dedicated MLA for Surrey–White Rock, deeply rooted in the community where he was born and raised. Alongside his wife Holly, Trevor is raising their three young children in the same parks, fields, and rinks where he grew up, actively volunteering as a coach. His personal experiences with local challenges, such as housing affordability and commuting, drive his commitment to serving the needs of families in the Lower Mainland.

Career

Trevor Halford was first elected as MLA for Surrey–White Rock in 2020. He most recently served as the Shadow Minister for Transportation and Infrastructure, ICBC and Affordability, BC Transit, and Sport, having previously held roles as Shadow Minister for Mental Health and Addictions and Translink. A graduate of Elgin Park Secondary and Trinity Western University, Trevor’s career reflects his dedication to addressing local issues and advocating for a vibrant economy in Victoria.",,,,"MLA since 2020 (former interim Conservative leader and transportation/ICBC/affordability critic) seeking a third term. He says he wants to continue his work and stand up against an NDP government he says has 'trampled on the rights' of the province and community, and criticizes the snap election's overlap with civic elections.",stand up to NDP government; affordability and housing; transportation/commuting and ICBC; respect for local democracy (snap-election criticism); public safety / extortion,"I want to continue that on. But we also need to stand up against the NDP government that has trampled on the rights of not only this province, but this community.",https://surreynowleader.com/2026/10/02/new-election-candidates-announced-for-surrey-white-rock/,,https://www.facebook.com/TrevorHalfordBC,https://www.instagram.com/trevor_halford/,https://x.com/TrevHal,,,,,,https://www.facebook.com/TrevorHalfordBC ; https://www.instagram.com/trevor_halford/ ; https://x.com/TrevHal
Christine Kinnie,Green Party,Surrey-White Rock,No,"Christine currently works as a secondary school secretary, supporting students, families, educators and staff in a busy inner-city school. Through this work, she has seen firsthand how affordability, housing insecurity and access to essential services affect families and young people.

She returned to post-secondary education as a mature student and recently earned a Diploma in General Studies from Kwantlen Polytechnic University, graduating with a 4.15 GPA. She is continuing her education with the goal of attending law school and has a particular interest in human rights, constitutional law, Indigenous land rights and Canadian democracy.

Christine is also active in her community. She serves as a Lay Chaplain and Service Leader with the South Fraser Unitarians and has participated in community organizing, political events, fundraising and initiatives supporting local organizations.

In 2025, Christine ran as the Green Party of Canada candidate for South Surrey-White Rock in the federal election, gaining experience speaking with voters, listening to community concerns and participating in public advocacy.

Christine is passionate about democratic reform, proportional representation, economic fairness and environmental stewardship. She believes effective leadership starts with listening, treating people with respect and ensuring communities have a meaningful voice in the decisions that affect them.",,,,"Secondary school secretary and 2025 federal Green candidate with deep family roots in South Surrey. She pitches independent representation without a party whip and values-based representation rather than corporate interests, and supports keeping DRIPA as written; her bio adds democratic reform and proportional representation.",independent representation (no party whip); democratic reform / proportional representation; economic fairness / affordability and housing; defend DRIPA as written; environmental stewardship,"I’m running for the BC Greens because the people of Surrey-White Rock deserve representation that reflects their values, not the interests of corporations or the ultra-wealthy.",https://surreynowleader.com/2026/10/02/new-election-candidates-announced-for-surrey-white-rock/,,https://www.facebook.com/christinekinnie.greenparty,https://www.instagram.com/christine_kinnie/,,,https://bsky.app/profile/christinekinnie.bsky.social,,,,https://bcgreens.ca/candidates-2026/christine-kinnie/ ; https://www.facebook.com/christinekinnie.greenparty ; https://www.instagram.com/christine_kinnie/ ; https://bsky.app/profile/christinekinnie.bsky.social
Darryl Walker,New Democratic Party (NDP),Surrey-White Rock,No,,,,,"Former White Rock mayor and union leader in a rematch with Trevor Halford (lost 2024 by 1,969 votes). He says he is running to help build affordable homes, strengthen public health care and protect services families count on.",affordable homes; strengthen public health care; protect services families count on; working people,"As mayor of White Rock, I saw how government decisions affect people’s daily lives. As a union leader, I spent years standing up for working people. I’m running with the BC NDP to help build affordable homes, strengthen public healthcare and protect the services families count on.",https://surreynowleader.com/2026/10/02/new-election-candidates-announced-for-surrey-white-rock/,,,,,,,,,,https://darrylwalker.bcndp.ca
Amanda James,OneBC,Surrey-White Rock,No,,,,,No individual pitch found.,,,,,,,,,,,,,
Kevin Diakiw,Independent / no party,Surrey-White Rock,No,,,,,"Award-winning former Surrey Now-Leader journalist turned addiction-recovery worker and business owner, running as an independent. He says addiction and recovery reform will be central, along with ER wait times, family-doctor access, public safety, housing and affordability.",addiction and recovery reform; ER wait times; family-doctor access; public safety; housing and affordability; independent representation,"I’ve spent much of my life listening to people in Surrey and White Rock. I’m running as an Independent because I answer to the people of Surrey–White Rock, not a party.",https://surreynowleader.com/2026/10/02/new-election-candidates-announced-for-surrey-white-rock/,,,,,,,,,,
Deep Sandhu,Conservative Party,Vancouver-Fraserview,No,"Deep Singh Sandhu is a seasoned businessman, longshoreman, and community engagement specialist with over two decades of leadership and entrepreneurial experience. With a strong background in forestry, real estate, and asset management, he has successfully led large-scale projects, driven business growth, and managed diverse teams across multiple sectors.

A long-time resident of Vancouver, BC for over 35 years, Deep is deeply committed to community service and fostering meaningful connections. Drawing from his fourth-generation

Canadian heritage, he is a recognized cultural ambassador between the Sikh community and the Tl’etinqox First Nations.

In this capacity, he has organized initiatives that unite youth in exploring and appreciating their shared cultures and histories.

Deep Singh is also a dedicated volunteer at Guru Nanak’s Free Kitchen, where he provides meals to Vancouver’s Downtown Eastside, and actively contributes to the Khalsa Diwan Society and other local community initiatives.

A former Reservist in the Canadian Armed Forces, Deep holds a Bachelor of Commerce in Finance and Marketing from the University of Northern British Columbia (UNBC). His passion

for mentoring young people is reflected in his previous role as a BC Field Hockey youth player representative, where he inspired youth to pursue excellence in athletics. He has organized various community events and sports tournaments to promote healthy lifestyles and community service.

Fluent in English, Punjabi, and Hindi, Deep has a strong personal interest in sports, nature, outdoor activities, reading and continuous learning. Deep resides in Vancouver with his wife, where they remain dedicated to both their professional endeavors and active community involvement.",,,,"Businessman, longshoreman and community engagement specialist, 35-year Vancouver resident and Guru Nanak's Free Kitchen volunteer. His party bio focuses on community service and cultural bridge-building (Sikh community and Tl'etinqox First Nation); no policy pitch found.",community service; youth mentoring and sport; cultural bridge-building (bio only),,,,,,,,,,,,https://connectfm.ca/en/news/post/aman-singh-deep-sandhu-to-face-off-in-vancouver-fraserview
Françoise Raunet,Green Party,Vancouver-Fraserview,No,"Françoise Raunet is a mother, public school teacher, union leader and lifelong Vancouverite who lives in a housing co-op in Vancouver-Fraserview. With more than 30 years of experience across education, publishing and community services, she has spent much of her career advocating for strong public schools, healthy communities and a more sustainable future.

Françoise is currently on leave from the classroom while serving as a Vice President of the Vancouver Elementary and Adult Educators Society. During her career with the Vancouver School Board, she has worked in a range of roles including School Support Worker, Resource Teacher, Late French Immersion teacher and District Curriculum Support Teacher.

Her experience also extends beyond the classroom. Françoise spent five years living and working in Taipei, Taiwan, where she worked in educational publishing. She holds a Bachelor of Education, a Bachelor of Arts in Psychology and a Master of Arts in International Studies with a focus on Complex Emergencies. She is fluent in French and also speaks some Spanish and Mandarin.

Françoise has spent decades advocating for healthy ecosystems, peace, electoral reform and economic reform. She previously ran as a BC Green candidate in Vancouver-Point Grey in 2011 and 2013, bringing her commitment to public education, climate action and democratic accountability into provincial politics.

As an educator and union leader, Françoise believes effective leadership means listening, bringing people together and working toward practical solutions. She is running in Vancouver-Fraserview to advocate for strong public services, environmental protection, economic fairness and a future where communities can thrive.",,,,"Vancouver teacher, union vice-president (VEAES) and housing co-op resident; ran for the Greens in Vancouver-Point Grey in 2011 and 2013 and for Vancouver mayor as an independent. She is running for strong public services, environmental protection, economic fairness and electoral reform.",strong public services and public schools; environmental protection / climate action; economic fairness; electoral and democratic reform,"I choose clean air and water, healthy ecosystems, strong public services and an economy that works for everyone.",https://bcgreens.ca/candidates-2026/francoise-raunet/,,https://www.facebook.com/vote4francoise?mibextid=wwXIfr&rdid=ptWgILQDNu147TAG&share_url=https%3A%2F%2Fwww.facebook.com%2Fshare%2F19ncnvnKie%2F%3Fmibextid%3DwwXIfr,https://www.instagram.com/jervaleriote,https://x.com/francoiseraunet,,https://bsky.app/profile/francoiser.bsky.social,,,,https://www.facebook.com/vote4francoise ; https://x.com/francoiseraunet ; https://bsky.app/profile/francoiser.bsky.social ; https://bsky.app/profile/bcgreens.bsky.social/post/3mwwn6hkyjc2w
Aman Singh,New Democratic Party (NDP),Vancouver-Fraserview,No,"Standing up for Vancouver-Fraserview.

Aman Singh is a prominent civil and human rights lawyer and served as MLA for Richmond-Queensborough from 2020-2024, making history as the first turban-wearing Sikh elected to the BC Legislature. Aman has appeared at the BC Provincial and Supreme Courts and the BC Court of Appeal. He is a socially-conscious small business owner and has held roles as a director of the Professor Mohan Singh Memorial Foundation, the Association of Legal Aid Lawyers, the Friends of the Sikh Cadets Society, the People’s Legal Education Society and as a Governor of Kwantlen Polytechnic University.

Aman was born in India, raised in Hong Kong, and moved with his family to B.C. Aman now lives in South Vancouver and takes pride and joy in being a father to his two children.

One of Aman’s missions is to bring more attention to the disease of addiction and the possibility of recovery. Aman is a recovered alcoholic who has been sober for over fifteen years and plays an active role in the recovery community. He has a deep understanding of the challenges faced by people and families who are dealing with addiction and believes that communities that foster care and respect for all are key to recovery.

Aman, David Eby, and the BC NDP have a plan to stand up for you, protect the services that you count on, and build for the future.",,,,"BC NDP president, civil and human rights lawyer and former Richmond-Queensborough MLA (2020-24), named Sep 27 to replace George Chow. His candidate page highlights his advocacy on addiction and recovery (he is 15+ years sober) and the NDP plan to protect services and build for the future.",addiction awareness and recovery; protect services people count on; stand up for B.C. / build for the future (party message); human rights,One of Aman’s missions is to bring more attention to the disease of addiction and the possibility of recovery.,https://amansingh.bcndp.ca,,,,,,,,,,https://connectfm.ca/en/news/post/aman-singh-deep-sandhu-to-face-off-in-vancouver-fraserview ; https://vancouver.citynews.ca/2026/09/28/bc-election-campaigns-second-week-candidate-policy-announcements/ ; https://www.facebook.com/AmanSinghBC
Christian Bosio,CentreBC,Vancouver-Hastings,No,"Christian Bosio is a global clean energy entrepreneur, engineer, and parent, and is focused on building practical solutions for British Columbia.

Driven by a commitment to the environment and with a degree in mechanical engineering, Christian launched his career in the clean hydrogen sector. After a decade in this industry, he co-founded a company in 2008, scaling it into an enterprise employing over 300 people and creating long-term economic value in the province. As an executive leader, he collaborated with global partners across diverse cultures, building a leadership style rooted in listening, trust, and collaboration. He will bring that same approach to his community in Vancouver-Hastings, one of the most diverse and vibrant communities in BC.

Christian is running with Centre BC to bring a socially liberal, fiscally responsible voice to BC politics, with a strong commitment to environmental sustainability. As a parent of two teenagers, he thinks about the province younger generations will inherit. He believes government needs to find the right balance: supporting the programs and services people rely on, growing the economy and creating good jobs, protecting the environment, and ensuring people can afford to build a life in the communities they call home.

Christian has spent his career finding common ground, bringing people together, and building practical solutions. He’s ready to bring that experience to BC politics.",,,,"Clean-hydrogen engineer and entrepreneur who co-founded a 300-employee company. He is running to bring a socially liberal, fiscally responsible, environmentally committed voice, balancing services, jobs, the environment and affordability.",fiscal responsibility; socially liberal policy; environmental sustainability / clean energy; good jobs and economic growth; affordability,"Christian is running with Centre BC to bring a socially liberal, fiscally responsible voice to BC politics, with a strong commitment to environmental sustainability.",https://www.centrebc.ca/our-team/ (bio text as captured in input CSV),,,,,,,,,,
Kimball Cariou,Communist Party of BC,Vancouver-Hastings,No,,,,,Long-time People's Voice editor and Communist Party candidate. No 2026-specific pitch found; an earlier candidate video exists.,,,,,,,,,,,,,
Phyllis Tang,Conservative Party,Vancouver-Hastings,No,"Phyllis Tang is the Conservative Party of BC candidate for Vancouver-Hastings.

Born and raised in Vancouver, Phyllis lived in Vancouver-Hastings for more than 22 years.  Phyllis completed graduate studies in Ethnomusicology at UBC and in Toronto, earning the York University Graduate Scholarship for Academic Excellence, along with commerce courses in non-profit financial management, accounting and international finance. She has taught piano and music theory for more than 25 years and is fluent in English, Cantonese and Mandarin.

Phyllis has built a career in community outreach and public relations. She has worked as Alumni Relations Coordinator at UBC’s Sauder School of Business and Faculty of Education, Administrative Officer of the Dr. Sun Yat-Sen Garden Society, and Constituency Assistant to a Richmond-Queensborough MLA. She has worked on more than 18 political campaigns, served as Campaign Director for Richmond-Queensborough in the 2024 provincial election, and ran for Vancouver City Council in 2018.

Phyllis is running to fight for young people and families. She will advocate for more support for youth entrepreneurship and faster access to healthcare for British Columbians.",,,,"Vancouver music teacher, community outreach/PR professional and veteran campaign organizer (2018 Vancouver council candidate). Her party bio says she is running to fight for young people and families, with more support for youth entrepreneurship and faster access to health care.",young people and families; youth entrepreneurship; faster access to health care,Phyllis is running to fight for young people and families. She will advocate for more support for youth entrepreneurship and faster access to healthcare for British Columbians.,https://conservativebc.ca/candidate/phyllis-tang/,,,,,,,,,,
Kyra Philbert,Green Party,Vancouver-Hastings,No,"Kyra Philbert (she/her) is an artist, scholar, and registered nurse with more than a decade of experience in healthcare. Her work is grounded in health equity, social justice, and the belief that urgent climate action is necessary to protect our collective well-being.

Kyra’s experiences as a nurse in Vancouver’s Downtown Eastside shaped her commitment to understanding and challenging the social conditions that contribute to poverty, inequity, and poor health. Seeing these realities firsthand led her to explore how systems, institutions, and public policy affect people’s ability to live healthy and dignified lives.

In 2022, Kyra completed a Bachelor of Arts in Gender, Race, Sexuality and Social Justice as well as a Master of Science in Nursing at the University of British Columbia. Her graduate research, Nurse Angélique , examined connections between the early colonial history of Canadian nursing and more than 400 years of Black history in Canada.

Drawing on the story of Marie-Joseph Angélique and the history of colonial institutions in Canada, Kyra’s scholarship asks difficult questions about power, oppression, criminalization, and whose experiences are recognized in our understanding of history. Her work reflects a commitment to examining the structures behind inequality and bringing perspectives that are often overlooked into public conversations.

Kyra brings together healthcare experience, academic research, and creative practice with a strong focus on the climate emergency. She believes addressing climate change requires the same urgency we bring to other threats to public health and that climate policy must also consider equity, justice, and the well-being of communities.",,,,"Registered nurse (Downtown Eastside experience), artist and UBC-trained scholar. She frames climate change as a public-health emergency and focuses on health equity and social justice.",climate action as public health; health equity; social justice; poverty and inequity,"As a nurse, I see how climate change threatens the wellbeing of our communities. It must be recognized for the public health emergency that it is.",https://bcgreens.ca/candidates-2026/kyra-philbert/,,,https://www.instagram.com/greenpartybc/,,,,,,,https://bsky.app/profile/bcgreens.bsky.social/post/3mwwnhe4cn22w
Phil Webb,Libertarian,Vancouver-Hastings,No,,https://www.youtube.com/watch?v=4Q06wVJb02Q,"BC'S Tax Break for Millionaire Homeowners, with Phil Webb - Millennial Moron Podcast 008",2026-09-17,No campaign pitch found. A September 2026 podcast episode features a Phil Webb discussing B.C.'s homeowner tax treatment (identity not verified).,,,,,,,,,,,,,https://libertarian.bc.ca/2026-candidates/
Niki Sharma,New Democratic Party (NDP),Vancouver-Hastings,Yes,"A champion for people in Vancouver-Hastings.

Niki has served as the MLA for Vancouver-Hastings since 2021. During her service, she has expanded local health care services, opened child care spaces and new schools.

Niki has also served as Deputy Premier and Attorney General with a strong record of taking on large corporations, including tech companies, fighting for online safety, expanding access to justice and transformed the justice system to better respond to sexual violence.

She has been honoured to serve the people of Vancouver-Hastings and would be honoured to continue.

Niki Sharma, David Eby and the BC NDP have a plan to stand up to Trump, lower costs, hire more healthcare workers, and make BC less dependent on the United States, so everyone can build a good life.

The plan is working. We can’t stop now.",https://www.youtube.com/watch?v=VCA0w72dbKM,Understanding DRIPA: BC Attorney General Niki Sharma reflects on next steps,2026-09-16,"MLA since 2021, Deputy Premier and Attorney General, seeking re-election. Her page cites expanded local health care, child care and new schools, plus her record taking on large corporations, online safety and justice reform, with the NDP plan to stand up to Trump, lower costs and hire health workers.","local health care, child care and schools; online safety and access to justice; lower costs; hire more health-care workers; reduce dependence on U.S.",She has been honoured to serve the people of Vancouver-Hastings and would be honoured to continue.,https://nikisharma.bcndp.ca,,https://www.facebook.com/NikiSharmaVancouverHastings,,https://twitter.com/NikiSharma2,,,,,,https://www.facebook.com/NikiSharmaVancouverHastings ; https://twitter.com/NikiSharma2
Aron Lageri,Conservative Party,Vancouver-Kensington,No,"Aron Lageri is the BC Conservative candidate for Vancouver-Kensington.

Aron brings more than 22 years of experience in health care to the Conservative team. He began his career as a medical imaging technologist at BC Children’s Hospital, caring for young patients and their families, and went on to hold senior leadership roles in the health sector, including as manager of the False Creek Surgical Centre.

Throughout his career, Aron has worked to strengthen the next generation of health care professionals, recruiting young people from local communities into health science programs. He has also served on the board of the Canadian Association of Medical Radiation Technologists.

Aron holds a Bachelor of Science in Radiology and a postgraduate certificate in Long-Term Care Administration. He has volunteered with a range of community boards and organizations and knows first hand what it takes to deliver the timely, reliable health care British Columbians deserve.",,,,"Health-care manager with 22+ years in the sector (medical imaging technologist at BC Children's, manager of False Creek Surgical Centre). His bio stresses delivering timely, reliable health care.","timely, reliable health care; health workforce recruitment (bio)","He has volunteered with a range of community boards and organizations and knows first hand what it takes to deliver the timely, reliable health care British Columbians deserve.",https://conservativebc.ca/candidate/aron-lageri/,,,,,,,,,,
Adam Hawk,Green Party,Vancouver-Kensington,No,,,,,No individual pitch found.,,,,,,,,,,,,,
Mable Elmore,New Democratic Party (NDP),Vancouver-Kensington,Yes,"Mable Elmore: Standing up for people in Vancouver-Kensington

Mable Elmore is deeply connected to the community in Vancouver-Kensington. Elected five times, Mable is the first and only member of the Legislative Assembly of BC who is of Filipino descent. In 2025, she assumed the concurrent role of Deputy Speaker of the Legislative Assembly, the first person of Asian heritage to take on this position.

Previously, in 2022, Premier David Eby appointed Mable as the Parliamentary Secretary for Anti-Racism Initiatives. Her work included striving to remove systemic barriers in government services for racialized and Indigenous peoples and beginning the engagement process for a future Filipino cultural centre.

As a member of David Eby’s BC NDP team, Mable is focused on standing up for British Columbia, protecting the services that people count on, and building for the future.",,,,"Five-time MLA, Deputy Speaker and first Filipino-Canadian MLA, seeking re-election. Her page cites anti-racism work and the Filipino cultural centre engagement, plus the NDP message of standing up for B.C. and protecting services.",protect services people count on; anti-racism / remove systemic barriers; Filipino cultural centre; stand up for B.C. (party message),"As a member of David Eby’s BC NDP team, Mable is focused on standing up for British Columbia, protecting the services that people count on, and building for the future.",https://mableelmore.bcndp.ca,,https://facebook.com/MableElmoreVKE,https://www.instagram.com/mableelmore/,https://twitter.com/mableelmore,,,,,,https://facebook.com/MableElmoreVKE ; https://www.instagram.com/mableelmore/ ; https://twitter.com/mableelmore
Alan Beesley,CentreBC,Vancouver-Langara,No,,,,,No individual pitch found.,,,,,,,,,,,,,
Jaime Stein,Conservative Party,Vancouver-Langara,No,"Jaime Stein is a business and non-profit executive, a former broadcast journalist, and the Conservative candidate in Vancouver-Langara. He is running on the issues British Columbians feel first: the cost of living, health care that is there when you need it, and safe streets in every neighbourhood. After years of NDP management that left the province with unsustainable debt and a shrinking economy, Jaime believes taxpayers deserve a return on every dollar and government should be judged on results.

Personal Life

Born and raised in Vancouver and a graduate of Point Grey Secondary School, Jaime lives in Vancouver with his wife Jessica and their three children. He has lived across Canada and worked around the world, and chose to raise his family in the city that raised him.

Health care is personal for Jaime. His father died of leukemia in 2006 after a search for a matching stem cell donor. In the years that followed, Jaime worked with Canadian Blood Services on the national campaign that raised $12.5 million to establish Canada’s first public cord blood bank, so that other families would not face the same odds. He has since served as Vice Chair of CLEAR (Canadians for Leading Edge Alzheimer’s Research), which funds Alzheimer’s and dementia research in British Columbia.

Professional Background

Jaime is Director for Western Canada at the Friends of Simon Wiesenthal Center, a national human rights organization, where he leads its education, advocacy and community engagement work across the West. He partners with police forces, health authorities, universities and governments, and delivers Holocaust education and antisemitism training to thousands of front-line professionals each year.

Before joining the non-profit sector, Jaime spent two decades in broadcasting and technology. He began his career in media, where he was the radio voice of the CFL’s Toronto Argonauts on AM640 and spent four seasons as the on-camera host for the league’s website. He then moved into technology, holding senior roles at Hootsuite, BroadbandTV, ICUC and Taplytics, where he helped build a Vancouver company into a global brand, advised Fortune 500 clients, and led engagements across 14 countries on four continents.

Jaime holds an MBA from the Rotman School of Management, where he was valedictorian, a Bachelor of Journalism from Toronto Metropolitan University, and studied political science at McGill University.

Community Involvement

Jaime chaired the public affairs subcommittee of the Jewish Federation of British Columbia’s community crisis response team, working directly with elected officials on community safety and security policy, and serves on the Federation’s grants and allocations committee. He sits on the advisory board of CJPAC, a national organization that encourages Canadians to get involved in the political process, and is a Wexner Heritage Fellow, one of 20 chosen to represent Vancouver in the North America-wide program.

In 2025 he received the King Charles III Coronation Medal for his contributions to Canadian society.",,,,"Friends of Simon Wiesenthal Center western director, former broadcaster and tech executive (ran for BC United in 2024). His bio says he is running on cost of living, health care when you need it and safe streets, arguing taxpayers deserve a return on every dollar.",cost of living; timely health care; safe streets; government accountability / return on taxpayer dollars; debt and economy,"He is running on the issues British Columbians feel first: the cost of living, health care that is there when you need it, and safe streets in every neighbourhood.",https://conservativebc.ca/candidate/jaime-stein/,,,,,,,,,,
John Atoyebi,Green Party,Vancouver-Langara,No,"John K. Atoyebi is a lawyer, former judge, public-sector investigator and community leader whose career has spanned law, public service and grassroots community work in Canada and internationally.

Before immigrating to Canada, John served as a Magistrate and District Court Judge in Nigeria, working on civil and criminal cases and promoting restorative justice. After arriving in Canada, he rebuilt his career from the ground up, working in retail, traffic control and construction while completing the requirements to practise law in Canada. He is now a member of the Law Society of British Columbia and the Nova Scotia Barristers’ Society and practises as Principal Legal Counsel at Kebuiii Global Law Corporation.

John also spent more than two years as an Investigator with the Office of the Ombudsperson of British Columbia, examining complaints involving administrative fairness across more than 75 municipalities, regional districts and improvement districts. His work also included advising on whistleblower protections under the Public Interest Disclosure Act.

His commitment to public service extends deeply into the community. John serves on the City of Vancouver’s Persons with Disabilities Advisory Committee, previously served on the Vancouver Heritage Commission and is Secretary of the Vancouver General Hospital Thrift Store Board. He is also Executive Director of the BC Black Advocacy Society and has helped create opportunities for Black British Columbians to participate more fully in civic and democratic life.

John is also active in food security and agriculture. As President of the African-Canadian Agricultural Producers Cooperative and a director of the African-Canadian Farmers Society, he has helped support farmer training and the production of culturally important foods in British Columbia.

John holds an LL.B. and LL.M. in Common Law and a Master of Intellectual Property and Development Policy. He is also pursuing an LL.M. at UBC’s Allard School of Law, where his research focuses on recidivism among previously incarcerated Canadians. In 2026, he received a BC Achievement Foundation Community Award for his community service.

Having experienced firsthand the challenges of rebuilding a career as a newcomer, John understands the pressures of housing costs, affordability and systemic barriers. He is running in Vancouver-Langara to bring a service-oriented approach grounded in fairness, accountability, sustainability and dignity to the Legislature.",,,,"Lawyer, former Nigerian magistrate and judge, ex-BC Ombudsperson investigator and BC Black Advocacy Society executive director. He is running on a service-oriented approach grounded in fairness, accountability, sustainability and dignity, citing housing costs, affordability and systemic barriers.",housing costs and affordability; systemic barriers for newcomers; fairness and accountability; sustainability; food security,"I’m committed to listening, working hard, and putting people and the environment first.",https://bcgreens.ca/candidates-2026/john-atoyebi/,,,https://www.instagram.com/johnk.atoyebi,https://x.com/jk_atoyebi,https://www.linkedin.com/in/john-k-atoyebi-92748560/,,,,,https://www.instagram.com/johnk.atoyebi ; https://x.com/jk_atoyebi ; https://bsky.app/profile/bcgreens.bsky.social/post/3mwwnqg3cek2w
Sunita Dhir,New Democratic Party (NDP),Vancouver-Langara,Yes,"Sunita Dhir: Standing up for people in Vancouver-Langara

Sunita Dhir was elected as the MLA for Vancouver-Langara in 2024, and she has called South Vancouver and Marpole home for three decades. Her commitment to her community began long before she entered public life: for nearly two decades, with SUCCESS, she supported newcomers in learning English and building lives in British Columbia.

In office, she has proudly served as the Parliamentary Secretary for International Credentials, working to make sure that internationally trained professionals have their skills and experience recognized so they can get a job in the field they've trained for and help build up BC’s economy.

Where the BC Conservatives would cozy up to Trump and gut services, you can count on Sunita to stand up for workers, families and newcomers in Vancouver-Langara. Sunita Dhir, David Eby and the BC NDP have a plan to protect what matters to people. It’s working. And we can’t stop now.",,,,"First-term MLA and Parliamentary Secretary for International Credentials, a former SUCCESS settlement worker. Her page pitches standing up for workers, families and newcomers and recognizing international credentials, with the NDP message against Conservative cuts.","international credential recognition; newcomers, workers and families; protect services from cuts (party message)","Where the BC Conservatives would cozy up to Trump and gut services, you can count on Sunita to stand up for workers, families and newcomers in Vancouver-Langara.",https://sunitadhir.bcndp.ca,,https://www.facebook.com/SunitaDhirBCNDP/,https://www.instagram.com/sunitadhirbc,https://x.com/SunitaDhirBC,,,,,,https://www.facebook.com/SunitaDhirBCNDP/ ; https://www.instagram.com/sunitadhirbc ; https://x.com/SunitaDhirBC
Alex Muir,Conservative Party,Vancouver-Little Mountain,No,"Alexander Muir is the Conservative Party of BC candidate for Vancouver-Little Mountain.

Born in Vancouver, Alexander grew up in Victoria and moved across the country as a child, living in Ottawa, Toronto and Edmonton before coming home to Vancouver to complete high school. As an athlete, Alexander represented Team BC in rugby, and earned his first cap for Canada’s U20 national team against Samoa at the 2025 Pacific Nations U20 Cup. After spending two years studying and playing rugby at University College Dublin, he returned home to Vancouver to finish his degree in political science at the University of British Columbia.

As a communications staffer in the Office of the Leader of the Official Opposition in Ottawa, he assisted in speech and press release writing and preparing Question Period materials on housing, forestry and resource issues. 

He believes a new generation of British Columbians deserves a province they can afford to build a life in and a government willing to fight for them.",,,,"UBC political science student, former Canada U20 rugby player and federal Opposition Leader's office communications staffer. His bio says a new generation deserves an affordable province and a government willing to fight for them.",affordability for young people; housing (bio),He believes a new generation of British Columbians deserves a province they can afford to build a life in and a government willing to fight for them.,https://conservativebc.ca/candidate/alex-muir/,,,,,,,,,,
Sarah MacLeod,Green Party,Vancouver-Little Mountain,No,,,,,No individual pitch found.,,,,,,,,,,,,,
Christine Boyle,New Democratic Party (NDP),Vancouver-Little Mountain,Yes,"Taking action for you in Vancouver-Little Mountain.

A strong advocate for rental, co-op and non-market housing, Christine was elected to Vancouver City Council in 2018 and re-elected in 2022. She has worked extensively in environmental and climate advocacy, including leading the development of Vancouver’s Climate Emergency Action Plan. An ordained United Church minister, and an enthusiastic cook and gardener, she lives in Vancouver with her husband and their two children.

Christine knows that the people of Vancouver-Little Mountain want a government that puts them first and prioritizes building more housing, improving healthcare and helping with costs.

Christine Boyle and David Eby are working hard every day to make sure we keep moving forward for people so everyone can build a good life here.",,,,"First-term MLA and Minister of Housing and Municipal Affairs, former Vancouver councillor and climate advocate. Her candidate page says residents want a government that prioritizes building more housing, improving health care and helping with costs, and highlights her advocacy for rental, co-op and non-market housing.","build more housing (rental, co-op, non-market); improve health care; help with costs; climate action","Christine knows that the people of Vancouver-Little Mountain want a government that puts them first and prioritizes building more housing, improving healthcare and helping with costs.",https://christineboyle.bcndp.ca,,https://www.facebook.com/ChristineBoyleVancouver,https://www.instagram.com/christineeboyle/,https://twitter.com/christineeboyle,,,,,,https://www.facebook.com/ChristineBoyleVancouver ; https://www.instagram.com/christineeboyle/ ; https://twitter.com/christineeboyle
Michael Davis,CentreBC,Vancouver-Point Grey,No,"Michael Davis is running in Vancouver-Point Grey because he believes government should manage the province’s finances responsibly and create the conditions for economic growth—so we can deliver strong healthcare, care for seniors and kids, and safe streets for all.

Michael recently retired as principal of a Vancouver communications and government relations firm. He served as Director of Communications for Canada’s Minister of Justice and Attorney General and has a long record as a community social impact leader. In 2021, his focus on climate action led him to launch Governance for Our Kids Climate.

Early in his career, Michael worked on tow-boats, drove taxi and a city bus, and shuttled rental planes—he holds a commercial pilot’s license.

An avid campaigner, Michael has worked at all three levels of government: constituency and nomination campaign manager federally, drafter of CentreBC’s bylaws, and manager of a City Council re-election and two mayoral campaigns municipally.

Michael holds a Master of Arts in Professional Communications from Royal Roads University.

He lives in Kitsilano with his partner and spends free time exploring BC’s back roads—and beyond—on an adventure motorcycle.",,,,"Retired communications/government-relations firm principal and former communications director to the federal Justice Minister; founded Governance for Our Kids Climate. He is running on responsible fiscal management and economic growth to fund health care, seniors' and child care and safe streets.",responsible fiscal management; economic growth; strong health care; care for seniors and kids; safe streets; climate action,"Michael Davis is running in Vancouver-Point Grey because he believes government should manage the province’s finances responsibly and create the conditions for economic growth—so we can deliver strong healthcare, care for seniors and kids, and safe streets for all.",https://www.centrebc.ca/our-team/ (bio text as captured in input CSV),,,,,,,,,,
Alex McMillan,Conservative Party,Vancouver-Point Grey,No,"Alex McMillan is the Conservative Party of BC candidate for Vancouver-Point Grey. 

Alex brings significant business experience to the Conservative Party of BC team. Most recently, he served as the CEO (Interim) of the British Columbia Chamber of Commerce, the largest and most broad-based business association in the province. In February, Alex returned to his own consultancy practice, which he started in 2020. 

Alex began his career as a senior political staffer and later as a civil servant in various provincial ministries in Victoria. After leaving government, he spent the next five years delivering consulting services to a broad range of clients at one of the country’s largest public relations firms. He then advised an integrated forestry company, responsible for the design and execution of their government relations strategies targeting the provincial government and over a dozen local municipalities where the company operated. With first-hand experience across many sectors and policy areas, Alex understands how to get the province building again. 

He and his wife live in Vancouver and have two teenage daughters. When not driving his children to their activities, Alex spends as much time on his bicycle as weather and work commitments will allow.",,,,Former interim CEO of the BC Chamber of Commerce and government-relations consultant challenging Premier Eby. His party bio says he understands how to get the province building again; no campaign statements found.,get the province building again; business and economy (bio),"With first-hand experience across many sectors and policy areas, Alex understands how to get the province building again.",https://conservativebc.ca/candidate/alex-mcmillan/,,,,,,,,,,https://www.westernstandard.news/bc/day-7-of-the-2026-bc-election-campaign-tours-split-the-map/77363
Beatrice Sharpe,Green Party,Vancouver-Point Grey,No,"Beatrice Sharpe (she/her) is a student, climate organizer, youth leader, entrepreneur, artist and author with five years of experience in political and environmental organizing. Her work focuses on affordability, climate action, social and ecological justice and creating opportunities for young people to participate in their communities.

Beatrice is currently studying Political Science and Environmental Studies at the University of Victoria, along with a certificate in Transformative Climate Action. As a full-time student working two jobs, she understands firsthand the pressures that housing costs, groceries and education expenses place on young people and renters.

Her organizing experience includes serving as Chair of the Young BC Greens, where she managed projects across the province ranging from wildfire restoration in Kelowna to public transit advocacy in Victoria. She currently chairs Green Nation Collective Changemakers, which provides financial support and mentorship to young entrepreneurs working to create positive change in their communities.

Beatrice has also worked as Canvass Director with the Ancient Forest Alliance, where she helped raise funds in support of old-growth forest protection. Her broader community involvement includes work with Ocean Wise and the City of Victoria Youth Council, contributing to more than 1,000 hours of community service.

As an artist and writer, Beatrice published A Message from Our Mother , a poetry collection exploring gender inequality, environmental degradation and humanity’s relationship with the natural world. She has also presented at the University of Victoria on Canada’s energy future.

Beatrice is running in Vancouver-Point Grey to bring the concerns of students, renters and young people into public decision-making, with a focus on affordable housing, healthcare, public education, renewable energy, public transit and climate action. She believes leadership requires listening, open discussion and meaningful communication with the people government represents.

Beatrice is a settler living, studying and working on the lands of the Lək̓ʷəŋən (Songhees and Xʷsepsəm/Esquimalt) Peoples.",,,,"UVic student, climate organizer and former Young BC Greens chair. She is running to bring the concerns of students, renters and young people into decision-making, focusing on affordable housing, health care, public education, renewable energy, transit and climate action.",affordable housing / renters; health care; public education; renewable energy; public transit; climate action; youth voice,I’m running to be the MLA for Vancouver-Point Grey to represent everyday people in the legislature.,https://bcgreens.ca/candidates-2026/beatrice-sharpe/,,,https://www.instagram.com/greenpartybc/,,https://www.linkedin.com/in/beatrice-sharpe-a724a227a/,,,,,https://www.linkedin.com/in/beatrice-sharpe-a724a227a/
David Eby,New Democratic Party (NDP),Vancouver-Point Grey,Yes,"David Eby is a determined problem-solver, willing to stand up to powerful interests to get results for people.

From working in Vancouver's Downtown Eastside as a human rights lawyer to defending people as BC's 37th Premier, David Eby has spent his life standing up to powerful interests — and getting results.

David grew up in Kitchener, Ontario, the eldest of four siblings. His parents, Brian and Laura, strongly believed in the importance of fairness, and taught that value to their kids. David took it to heart from a young age.

After completing high school (where he was elected student council president) and an undergraduate degree at the University of Waterloo, David began his studies at the Schulich School of Law at Dalhousie University.

He quickly co-founded a group to promote equality called SALSA — the Social Activist Law Student Association, which still exists today.

After finishing law school, David wanted to work where he could do the most good for people. So, in 2005, he started working in Canada's most diverse — and poorest — postal code: Vancouver's Downtown Eastside.

As he worked to protect British Columbians dealing with a growing housing crisis, David saw big problems that needed to be fixed for people — that right wing politicians were refusing to deal with them.

In 2011 David took on a new challenge so he could help more people: running against BC Liberal Premier, Christy Clark, in her riding of Vancouver Point-Grey, which had long voted for her party and its candidates.

David knocked on hundreds of doors and made thousands of calls, and listened to the people of the riding who felt like they had been neglected by the BC Liberals. A huge criticism of Christy Clark at the time was that she was never around. Her office was usually closed, she didn’t come to events in the community, and she never had time for people.

Right from the start, David did things differently. He connected with people and worked to understand their problems, so they could find solutions together.

Come election day, David made history — and has represented the people of Vancouver-Point Grey ever since.

Over the next four years, David worked hard for people to uncover and expose the entitlement and excess of the BC Liberals. He fought against the choices they made for their big money donors and how they hurt British Columbians.

When John Horgan became Premier in 2017, David became BC’s Attorney General to take on some of the worst ways BC Liberal policies favoured those at the top.

John put him in charge of some of the province’s most difficult challenges — extinguishing the BC Liberal ‘dumpster fire’ at ICBC and fighting criminal money laundering that inflated BC housing prices out of reach, and fueled the toxic drug crisis.

David rolled up his sleeves and got to work.

As the longest-serving Attorney General in the last 30 years, David delivered results for people.

He turned around ICBC’s finances and reduced the average driver’s car insurance rates by 20%. He led a successful crackdown on money laundering in casinos. He took on opioid manufacturers and delivered a first of its kind settlement to hold corporations accountable for the overdose crisis — the largest health cost recovery in Canadian history. The first bill he introduced in the legislature banned big money from provincial politics.

David became Minister of Housing in 2020 and started implementing creative solutions to tackle the housing crisis.

In the year and a half he led the ministry, he helped build thousands of homes all over the province and brought almost 5,000 people off the street and into housing.

On November 18, 2022, David became BC’s 37th premier, launching a 100 Days of Action plan to help people build a good life here.

On his first day he announced cost-of-living relief for BC Hydro ratepayers, and got to work taking on the big causes of inequality and the housing crisis.

In his first eighteen months as Premier, David Eby has taken bold action for people.

To tackle the housing crisis, he and our BC NDP team have brought in tough new rules regulating short-term rentals to turn them into homes for people, along with updating zoning rules province-wide to allow for more townhouses, duplexes and triplexes. He's also introduced new initiatives to help renters, improve health care by hiring more doctors and nurses, and passed new laws to help keep communities and people safe. And there's so much more to do.

Through all of this, David remains a dedicated father, husband, pillow fort engineer and dad joke connoisseur.

He and his wife Cailey, a family doctor, welcomed their son Ezra in 2014 and their daughter Iva in 2019. They welcomed their third daughter, Gwendolyn, in June 2024.",https://www.youtube.com/watch?v=6-K6T_D_JRs,"Eby promises 10-cent gas tax cut, more control over B.C. gas prices",2026-10-01,"Premier and NDP leader, MLA for Point Grey since 2011, who called the snap election. He says he needs a stronger mandate to move faster without a 'chaotic opposition', frames the campaign around Trump's tariffs and cost of living, and touts U.S. health-worker recruitment, LNG revenue and a 10-cent gas tax cut pledge.","stronger mandate vs U.S. trade war; cost of living (gas tax cut); health care (recruit U.S. health workers, rural access); LNG revenue to fund services; housing",I want to do more for British Columbians. I can't do it in an environment of a chaotic opposition trying to topple the government.,https://www.cbc.ca/news/canada/british-columbia/david-eby-ndp-2026-election-9.7365860,,https://facebook.com/dave.eby,,https://twitter.com/Dave_Eby,,,,,,https://davideby.bcndp.ca ; https://www.bcndp.ca/releases/david-ebys-team-reflects-bc-and-ready-build-bc-strong ; https://cheknews.ca/b-c-politicians-talk-groceries-seniors-amid-election-campaign-1351389/ ; https://facebook.com/dave.eby ; https://twitter.com/Dave_Eby ; https://www.instagram.com/davidebybc/
Petra Kuret,CentreBC,Vancouver-Quilchena,No,"Petra Kuret brings leadership experience, energy, and commitment to Vancouver-Quilchena, her home for more than 40 years and where she raised her family. Petra is running because our children deserve a future, not a bill. She’ll bring fiscal discipline, economic growth, and a commitment to respectful dialogue to the Legislature.

Petra brings more than 35 years of results-driven leadership across government, business, social impact, and artificial intelligence. She was honoured to start her career as a Parliamentary Page in the House of Commons and worked for Members of Parliament in Canada and the UK. In 2025, she sought the Federal Liberal nomination in Vancouver Quadra.

In 1993, Petra joined Accenture and led large-scale technology projects, business transformations, and mergers in the critical resource industries in North America. In 2012, she became Managing Partner for British Columbia and set a bold vision of growth and led a highly engaged 1000+ workforce.

Seeking to make a greater impact closer to home, Petra served as Senior Vice President of Strategy and Transformation at VANCITY Credit Union focused on growing the business and using finance as a tool for social impact.

In 2021, she joined a Silicon Valley AI B-Corp working with Fortune 500 companies to upskill and reskill workforces through ethical AI. The World Economic Forum named the company a Technology Pioneer that same year.

Petra was recognized as a Top 100 Most Powerful Women in Canada in 2016 and 2017. In 2025, she was humbled to receive the King Charles III Coronation Medal for her community service. She is a dedicated community builder and Board member with organizations like Mosaic (Board Chair), BC Women’s Hospital, and others. Her passion project has been securing provincial funding to build a new 178-bed long term care home with an innovative model of care for seniors.

Petra holds an Honours BA in Political Science from Carleton University, studied at Université en France and the University of Leeds, and holds the ICD.D and GCB.D governance designations.

Petra lives in Dunbar with her husband John, son and daughter, and corgi Ember. Petra is ready to listen, connect, and turn shared ideas into lasting impact.",,,,"Former Accenture BC managing partner and Vancity SVP who sought the federal Liberal nomination in Vancouver Quadra in 2025. Her bio says she is running because children deserve a future, not a bill, and promises fiscal discipline, economic growth and respectful dialogue.",fiscal discipline; economic growth; respectful dialogue; seniors' long-term care,"Petra is running because our children deserve a future, not a bill.",https://www.centrebc.ca/our-team/ (bio text as captured in input CSV),,,,,,,,,,
Carson Binda,Conservative Party,Vancouver-Quilchena,No,"Carson Binda is the Conservative Party of BC candidate for Vancouver-Quilchena.

Carson was the B.C. Director of the Canadian Taxpayers Federation, where he advocated for lower taxes, accountable government and responsible public spending. He regularly appears in provincial and national media and has written extensively on B.C. politics, taxation and government accountability.

Before joining the CTF in 2022, Carson worked in senior roles on political campaigns at the municipal, provincial and federal levels while studying at the University of British Columbia. He served as a logistics officer in the Canadian army reserves.

Carson spent much of his childhood and adolescence living abroad, including in Yemen, Kosovo, Nigeria and Malta. Those experiences gave him an early interest in government, public institutions and the impact political decisions can have on people’s everyday lives.

Carson lives in Vancouver with his fiancée and their Bernese Mountain Dog. Outside of work, he can usually be found hiking and scrambling in the mountains of British Columbia.",,,,"Former BC director of the Canadian Taxpayers Federation, where his bio says he advocated for lower taxes, accountable government and responsible spending. No individual campaign statements found; he is running against OneBC leader Dallas Brodie.","lower taxes; accountable government; responsible public spending (bio, from CTF role)",,,,,,,,,,,,https://www.westernstandard.news/bc/day-9-of-the-2026-bc-election-national-day-of-truth-and-reconciliation/77440
Douglas Courtemanche,Green Party,Vancouver-Quilchena,No,"Dr. Douglas Courtemanche is a semi-retired craniofacial surgeon, clinical professor and health researcher with more than 35 years of experience caring for patients in British Columbia’s healthcare system.

Douglas grew up in Vancouver-Quilchena, where he went to school, played road hockey and developed a lifelong love of the outdoors through hiking, camping and sailing. He later attended medical school at the University of British Columbia and trained as a plastic surgeon specializing in craniofacial surgery.

Over the course of his career, Douglas has cared for children with complex medical needs, advocated for patients and supported colleagues across the healthcare system. He has also served in leadership roles including President of the BC Medical Association’s Section of Plastic Surgery and Medical Staff President at BC Children’s and Women’s Hospital.

Douglas has been a Clinical Professor in UBC’s Department of Surgery since 2008 and has contributed to more than 80 publications. He also conducts clinical research as an investigator with the BC Children’s Research Institute.

A major focus of his recent work has been the relationship between human health and the environment. He has taught medical students and practising physicians about the impacts of climate change and pollution on human and planetary health, and in 2025 received the Planetary Health Award from the Canadian Society of Plastic Surgeons.

Douglas is running in Vancouver-Quilchena to bring his experience in healthcare, teaching, research and patient advocacy to public service, with a focus on supporting healthier people, stronger communities and a healthier planet.",,,,"Semi-retired craniofacial surgeon and UBC clinical professor who grew up in the riding. He is running to bring health-care, teaching and research experience to public service, focusing on healthier people, stronger communities and a healthier planet.",health care; healthier communities; climate and planetary health,"I want to bring my experience caring for people, advocating for patients, teaching students and conducting health research to help people, communities and the planet.",https://bcgreens.ca/candidates-2026/douglas-courtemanche/,,,https://www.instagram.com/greenpartybc/,,,,,,,
Callista Ryan,New Democratic Party (NDP),Vancouver-Quilchena,No,"Callista Ryan: building up Vancouver-Quilchena

Callista Ryan is a communications professional who has worked across the public service, non-profit and private sectors.

She has worked with the BC Public Service on communications and engagement for programs supporting young people and families. She previously served as a communications and public affairs executive for a multi-million dollar non-profit providing essential services to post-secondary students. In the private sector, she advises organizations on public policy, government relations and communications.

As a younger British Columbian, Callista knows that we need to protect the services that matter to people, and build for the future, so that young people can build good lives in the communities they call home.

Where the BC Conservatives would cut the services people count on and cozy up to Trump, Callista Ryan, David Eby and the BC NDP have a plan to fight back and protect the things that matter. The plan is working. And we can’t stop now.",,,,"Communications professional across the public service, non-profit and private sectors. Her page says that as a younger British Columbian she wants to protect services and build so young people can build good lives at home, plus the NDP anti-Conservative message.",protect public services; opportunities for young people; stand up to Trump (party message),"Where the BC Conservatives would cut the services people count on and cozy up to Trump, Callista Ryan, David Eby and the BC NDP have a plan to fight back and protect the things that matter.",https://callistaryan.bcndp.ca,,,https://www.instagram.com/callistaryan,https://twitter.com/callistaryan,,,,,,https://www.instagram.com/callistaryan ; https://twitter.com/callistaryan
Dallas Brodie,OneBC,Vancouver-Quilchena,Yes,"Dallas Brodie is the Candidate for Vancouver-Quilchena and the Interim Leader of OneBC. She is a former defence lawyer and television broadcaster. She is one of Canada’s leading voices on Indigenous issues today. Dallas has the courage, honesty, and the audacity of a true leader. She also has a clear vision for the structural changes needed to bring back the opportunity for every British Columbian to prosper.",https://www.youtube.com/watch?v=XE-4pVjrX1A,Dallas Brodie: ‘I am a normal person from 20 years ago’,2026-10-03,"Interim OneBC leader, former defence lawyer and broadcaster, elected as a Conservative in 2024 and later expelled. She pitches prosperity for everyone, repealing all race-based laws (incl. DRIPA), a forensic audit of provincial finances, replacing SOGI 123, and avoiding a vote split on the right.",repeal race-based laws / DRIPA; fiscal responsibility and forensic audit; tax cuts; repeal SOGI 123; remove DEI from universities; avoid conservative vote split,We believe that there needs to be prosperity for everyone in B.C. We want to get rid of all race-based laws and we'd like to restore a sense of fiscal responsibility in a big way to British Columbia.,https://www.cbc.ca/news/canada/british-columbia/dallas-brodie-onebc-q-a-2026-election-9.7366117,,https://www.facebook.com/dallasbrodievancouver,https://www.instagram.com/dallasbrodiebc/,https://x.com/Dallas_Brodie,,,,,,https://vancouver.citynews.ca/2026/10/02/bc-election-dallas-brodie-onebc-conservatives/ ; https://www.delta-optimist.com/bc-news/onebc-interim-leader-dallas-brodie-she-is-open-to-election-deal-with-conservatives-12848087 ; https://www.facebook.com/dallasbrodievancouver ; https://www.instagram.com/dallasbrodiebc/ ; https://x.com/Dallas_Brodie
Lisa Prescott,CentreBC,Vancouver-Renfrew,No,"Lisa Prescott arrived in Vancouver in 2003, and immediately knew she wanted to call British Columbia home. She fell in love with the mountains, the ocean, the greenery and the warm winters, and decided to stay. Over 20 years later, Vancouver-Renfrew is still home—and she even convinced her parents to move to BC too!

With degrees in Industrial Engineering (BSc) and Mechanical Engineering (MSc), Lisa served the public for more than 20 years, including in senior roles with the City of Vancouver and BC Hydro. She has developed policy and strategy, led large-scale operations, navigated complex bureaucracies, improved processes, and managed multi-million-dollar budgets. Today, she uses these skills as a consultant.

Over the past two decades, Lisa has seen her community and the city she loves change dramatically. She has also watched friends leave Vancouver and BC because they no longer felt they could afford to build the life they wanted here. She believes Vancouver and BC have enormous potential—and that we can create communities where people can afford to stay, feel safe and have opportunities to thrive.

After years of watching her community change and asking what could be done, Lisa decided it was time to start doing it. She welcomes good ideas from across the political spectrum and joined CentreBC because she believes the centre is where to share perspectives; where ideas come together and solutions take shape.

Lisa is ready to step up for change for the Vancouver Renfrew community—and to help residents fall in love with BC all over again.

Sign up to stay informed and receive news from CentreBC:",,,,"Engineer and consultant with 20+ years in senior roles at the City of Vancouver and BC Hydro. Her bio says she has watched friends leave BC because they could not afford to build a life, and wants communities where people can afford to stay, feel safe and thrive.",affordability; public safety; opportunity; centrist cross-party solutions,"She believes Vancouver and BC have enormous potential—and that we can create communities where people can afford to stay, feel safe and have opportunities to thrive.",https://www.centrebc.ca/our-team/ (bio text as captured in input CSV),,,,,,,,,,
Tom Ikonomou,Conservative Party,Vancouver-Renfrew,No,"Tom Ikonomou is the Conservative Party of BC candidate for Vancouver-Renfrew.

Born in Montreal to Greek parents, Tom is a proud Greek-Canadian. He moved to British Columbia at age eight and has called Vancouver home since 2016.

Tom has spent more than three decades serving people. For 18 years, he ran his own restaurants, meeting payroll and serving his neighbours. Since 2008, he has worked as a licensed REALTOR®, guiding families and seniors through some of the biggest decisions of their lives. He also brings more than 23 years of security experience in the film industry and has held a BC security licence since 2018.

After more than two decades keeping people safe, Tom knows what it takes. He wants Vancouver-Renfrew residents to feel secure in their homes and on their streets. He is also concerned about the bright young people leaving British Columbia, and he wants to make BC a place our youth would never want to leave.

For Tom, this campaign is not about him. It is about the people of Vancouver-Renfrew. He will put his community first and carry its voice into the Legislature. Away from work, Tom is a motorcyclist and an avid reader who enjoys the odd round of golf.",,,,"Greek-Canadian former restaurateur, realtor since 2008 and film-industry security worker. His bio says he wants residents to feel secure in their homes and streets and wants BC to be a place young people never want to leave.",public safety; keeping young people in BC; community voice,He wants Vancouver-Renfrew residents to feel secure in their homes and on their streets.,https://conservativebc.ca/candidate/tom-ikonomou/,,,,,,,,,,
Rebecca Haber,Green Party,Vancouver-Renfrew,No,"Rebecca Haber is a parent, public health professional and longtime East Vancouver resident who has called the community home for 17 years. Her work and community involvement are grounded in helping people stay healthy throughout their lives and building communities where families can afford to stay and thrive.

Rebecca has more than 15 years of experience in public health and an academic background in biology and public health, with science degrees from McGill University and the University of British Columbia. Her professional experience includes programs supporting pregnancy and early childhood health, children’s physical activity and arts, immunization and community wellbeing.

Family and community are central to Rebecca’s decision to run. Over the years, she has watched friends and neighbours leave Vancouver because of the difficulty of building an affordable life in the city. She believes government should help create healthier and more affordable communities where people can continue to live close to their families, friends and support networks.

Rebecca is also an advocate for proportional representation, inclusion and anti-racism. She believes effective leadership means listening, learning and working collaboratively with others to make decisions and find solutions.

Rebecca is running in Vancouver-Renfrew to advocate for affordable housing, clean energy, childcare, strong public services and a healthier future for children and families across British Columbia.",,,,"Public health professional and parent, 17 years in East Vancouver. She is running to advocate for affordable housing, clean energy, child care and strong public services, saying friends and neighbours have left because the city is unaffordable.",affordable housing; clean energy; child care; strong public services; proportional representation; anti-racism,Our government needs to make life healthier and affordable so people can stay in the communities they love.,https://bcgreens.ca/candidates-2026/rebecca-haber/,,,https://www.instagram.com/greenpartybc/,,,,,,,
Adrian Dix,New Democratic Party (NDP),Vancouver-Renfrew,Yes,"Adrian Dix: Fighting for families in Vancouver-Renfrew

Adrian has built a reputation as a passionate advocate for his constituents since being elected in 2005. In elected office, Adrian has helped lead community efforts to improve public safety for everyone, to save and fix schools, to build new housing, to establish community health facilities, to promote traffic safety, to create new childcare spaces and to address climate change. He works with everyone in Vancouver-Renfrew to make our community better.

A strong advocate for public health care, Adrian served as Minister of Health from 2017-2024. Under his leadership, BC has led Canada in recruiting family doctors, nurse practitioners, nurses and allied health workers to serve patients across BC, setting new records in 2023 and 2024.

Adrian Dix, David Eby and the BC NDP have a plan to stand up for British Columbians, protect the services that matter and support people who need it, and build for the future.",,,,"MLA since 2005, now Minister of Energy and Climate Solutions and health minister 2017–2024. His candidacy statement ties economic growth such as clean energy and jobs to funding hospitals, schools and public services; his page highlights record health-worker recruitment.",strong economy that serves people; clean energy jobs (wind/solar); public health care; housing; schools; child care; public safety,"I’m a New Democrat because I believe a strong economy should serve people,",https://studioxnews.ca/politics/adrian-dix-re-election-bc-ndp-vancouver-renfrew/,,https://www.facebook.com/adriandixbcndp,,https://x.com/@adriandix,,,,,,https://thelinkpaper.ca/adrian-dix-and-mike-farnworth-to-seek-re-election-with-the-bc-ndp/ ; https://www.facebook.com/adriandixbcndp ; https://x.com/adriandix
Colin Smith,CentreBC,Vancouver-South Granville,No,"Colin Smith is running in Vancouver South Granville to champion affordability, attainable homeownership, responsible quality development, and to fight for effective healthcare, education and community services.

Colin is now raising a young family and sees how drastically things have changed. Family outings that used to be child friendly, now littered with drug paraphernalia. School drop offs bearing witness to far too many lost inhabitants experiencing homelessness, mental illness and addiction with no meaningful solutions to care for them–voluntarily or otherwise.

Growing up with his fiercely independent mother who managed a decades long career as a civil servant, but was also paraplegic. Colin watched her community support dwindle as her modest needs grew. The strained and impersonal health care system failed to catch her terminal cancer. These health care concerns continue as Colin’s young family, like many others, struggles to secure a family doctor.

Affordability is top of mind and Colin questions whether his family can continue to thrive in Vancouver in these scarce economic times and in the face of frightening changes in Canada’s international relations, the increasing number of forest fires and the skyrocketing provincial deficit.

Nine years of NDP leadership–and the various brands of conservatism that preceded it–have degraded our quality of life and it’s just not good enough. Political ideology is not a solution to our problems. When our government swings between extremes what little progress has been made is undone only to replace it with more half measures. This fuels Colin’s desire to champion a balanced approach to governance that delivers meaningful, evidence-based solutions and lasting results.

Sign up to stay informed and receive news from CentreBC:",,,,"Young-family father whose bio cites street disorder, lack of a family doctor and affordability. He is running to champion affordability, attainable homeownership, quality development and effective health care, education and community services, with a balanced, evidence-based approach.",affordability; attainable homeownership; responsible development; health care / family doctors; education; addiction and homelessness solutions; balanced evidence-based governance,Political ideology is not a solution to our problems.,https://www.centrebc.ca/our-team/ (bio text as captured in input CSV),,,,,,,,,,
Lisa Phillips,Conservative Party,Vancouver-South Granville,No,"Lisa is a finance professional and business owner with an academic background in mathematics and finance. She brings a practical, analytical approach to how government spends taxpayers’ money and a firm belief that every dollar should be accounted for.

Over eight years of board governance experience, Lisa has developed a strong understanding of oversight, accountability and sound decision-making. Alongside her professional work, she has spent years volunteering in her community, working with the neighbours and organizations that make Vancouver a great place to live.

Lisa believes in financial transparency, accountability, responsible development, safe streets and strong communities, and she is ready to bring those priorities to work for the people of Vancouver-South Granville.",,,,"Finance professional and business owner with board governance experience. Her bio says she believes every taxpayer dollar should be accounted for and lists financial transparency, accountability, responsible development and safe streets.",financial transparency; accountability for spending; responsible development; safe streets; strong communities,"Lisa believes in financial transparency, accountability, responsible development, safe streets and strong communities, and she is ready to bring those priorities to work for the people of Vancouver-South Granville.",https://conservativebc.ca/candidate/lisa-phillips/,,,,,,,,,,
Maria J. Cruz,Green Party,Vancouver-South Granville,No,"Maria J. Cruz (she/her) is an artist, educator, public servant, community advocate and longtime renter in Vancouver-South Granville. She grew up in Mount Pleasant and has spent the past 15 years living in South Granville, where she has seen firsthand how rising costs and housing pressures are affecting the people who make the community work.

Maria believes that people who build their lives here deserve security, dignity and access to the services they need. Her priorities include stronger renter protections, more social housing, accessible healthcare and building a climate-resilient future.

Maria currently works as an Outreach Worker in the Vancouver School Board’s Adult Education program, helping newcomers and lifelong learners build skills, confidence and pathways to new opportunities. Supporting immigrants and refugees as they find belonging through education is an important part of her community work.

She has also built a career protecting and promoting arts, culture and heritage. Maria holds a Bachelor’s degree in Theatre and Art History from the University of British Columbia and a Master of Museum Studies from the University of Toronto. As a culture and heritage planner, she has written arts policy for communities across British Columbia and, as a collections care consultant, has helped manage both public and private collections.

A member of UBCP/ACTRA for nearly 30 years, Maria has worked as an actor, writer, producer and director in film, television and theatre. She has also performed her one-woman show at the Azores International Fringe Festival.

Healthcare is also deeply personal to Maria. As a breast cancer survivor, she understands the importance of timely, reliable care and believes healthcare workers should be able to afford to live in the communities that depend on them.

Maria is running with the BC Greens to make sure Vancouver-South Granville residents are heard and that the community’s future is shaped around the people who live and work there. She wants to strengthen public services, protect renters, expand social housing and help build a greener, more resilient community for everyone.",,,,"Artist, VSB adult-ed outreach worker, heritage planner and longtime renter in South Granville. Her stated priorities are stronger renter protections, more social housing, accessible health care and a climate-resilient future.",renter protections; social housing; accessible health care; climate resilience; arts and culture,"Her priorities include stronger renter protections, more social housing, accessible healthcare and building a climate-resilient future.",Input CSV bio (BC Greens profile text),,,https://www.instagram.com/musecruz,,,https://bsky.app/profile/mariajcruz.bsky.social,,,,https://www.instagram.com/musecruz ; https://bsky.app/profile/mariajcruz.bsky.social
Lara Honrado,New Democratic Party (NDP),Vancouver-South Granville,No,"Lara Honrado: Building a stronger Vancouver-South Granville

Lara Honrado is focused on the issues that matter most to the people of Vancouver-South Granville - affordability, protecting services, like healthcare, that matter to people, building a strong and resilient economy.

She led community relations for Vancouver’s former mayor, where she supported a range of issues including economic development, reconciliation, and climate change while strengthening relationships with diverse local communities. As a senior leader, she was instrumental in developing the City of Vancouver’s 2020-2029 cultural plan and guiding efforts to address equity in urban planning and pandemic emergency response.

Lara works with the United Nations and the world’s leading experts on AI to help the public understand the impacts of technology on society. She is proud to be part of the BC NDP team holding big tech companies accountable for online harms.

Deeply committed to supporting arts and culture, Lara serves on the board of 221A where she helps steward BC’s first cultural land trust.

Lara is a longtime Vancouver resident and a proud parent to two children.

Lara Honrado, David Eby and the BC NDP are building a stronger province.",,,,"Former community relations lead for Vancouver's ex-mayor who now works with the UN on AI impacts. Her page says she is focused on affordability, protecting services like health care and building a resilient economy, and on holding big tech accountable for online harms.",affordability; protect health care and services; resilient economy; big tech accountability / online harms; arts and culture,"Lara Honrado is focused on the issues that matter most to the people of Vancouver-South Granville - affordability, protecting services, like healthcare, that matter to people, building a strong and resilient economy.",https://larahonrado.bcndp.ca,,https://www.facebook.com/profile.php?id=61595084362412,https://www.instagram.com/LaraHonrado.BC,,,,,,,https://www.facebook.com/profile.php?id=61595084362412 ; https://www.instagram.com/LaraHonrado.BC
Salvatore Vetro,OneBC,Vancouver-South Granville,No,"Salvatore is not a career politician. He is a neighbour who has spent decades serving this community.

For 25 years he drove a HandyDART van so people with disabilities could get to appointments, work, and family. He helped found the Kitsilano Showers Program, giving homeless neighbours a hot shower, breakfast, clean clothes, and dignity every Saturday for more than 20 years.

In 2011 he helped lead the Fight HST campaign—the first time British Columbians used a citizen vote to repeal a law and put money back in families’ pockets. He also spent 20 years building a small business that supported local artists and shops.

Now Salvatore is running with OneBC in Vancouver–South Granville to be the people’s voice: lower costs, real help for those who need it, and prosperity for all—not just those already in power.",,,,"Former HandyDART driver, Kitsilano Showers Program co-founder and 2011 Fight HST campaigner. He pitches himself as a non-politician neighbour running for lower costs, real help for those in need and prosperity for all.",lower costs; help for those in need; prosperity for all,"Now Salvatore is running with OneBC in Vancouver–South Granville to be the people’s voice: lower costs, real help for those who need it, and prosperity for all—not just those already in power.",https://1bc.ca/candidates,,,,,,,,,,
Robert Crooks,Communist Party of BC,Vancouver-Strathcona,No,,,,,No individual pitch found.,,,,,,,,,,,,,https://bcballot.ca/ridings/vancouver-strathcona/robert-crooks/
Jordan McIntosh,Conservative Party,Vancouver-Strathcona,No,"Jordan McIntosh is the Conservative Party of BC candidate for Vancouver-Strathcona.

Jordan was born in Vancouver and has called British Columbia home for his entire life. As a mineral exploration field worker who works in all parts of BC, Jordan knows the importance of the mining sector to the province and is dedicated to seeing British Columbia reach its full potential as a natural resource powerhouse. He is a student achieving a bachelor’s degree in Geological Engineering.

Jordan is ready to help and take the next step as an MLA to help his province accelerate economically without leaving its citizens behind.",,,,Mineral exploration field worker and geological engineering student. His bio says he wants BC to reach its potential as a natural-resource powerhouse and accelerate economically without leaving citizens behind.,mining and natural resources; economic growth,Jordan is ready to help and take the next step as an MLA to help his province accelerate economically without leaving its citizens behind.,https://conservativebc.ca/candidate/jordan-mcintosh/,,,,,,,,,,
Tanya Webking,Green Party,Vancouver-Strathcona,No,"Tanya Webking is Dene and German, with roots in the Tłı̨chǫ Nation in the Northwest Territories. She has spent decades working on the frontlines of housing, healthcare and community support systems in Vancouver’s Downtown Eastside.

Through that work, Tanya has seen firsthand how housing instability, stretched public services and rising costs affect workers, families and vulnerable community members. She is running to bring that frontline experience into provincial decision-making and to help build systems that respond not only to crisis, but to the conditions that create it.

Tanya believes workers are essential to keeping communities and public services functioning and that fair wages, stable housing and strong public services are key to building long-term economic security.

She also believes governments need to work more effectively across jurisdictions and political lines to address complex challenges such as housing, healthcare and affordability.

Tanya is running in Vancouver-Strathcona to bring practical experience, collaboration and a strong commitment to equity into the Legislature and to advocate for systems that work better for the people who rely on them.",,,,"Dene/German frontline worker with decades in housing, health care and community support in the Downtown Eastside. She is running to bring frontline experience into decision-making, backing fair wages, stable housing and strong public services and cross-party collaboration.",stable housing; strong public services; fair wages for workers; health care; equity; collaboration across jurisdictions,I’m ready to fight for the changes we need to build an equitable system for all.,https://bcgreens.ca/candidates-2026/tanya-webking/,,https://www.facebook.com/tanya.webking,https://www.instagram.com/tanya_webking/,,,,,,,https://www.facebook.com/tanya.webking ; https://www.instagram.com/tanya_webking/
Amanda Burrows,New Democratic Party (NDP),Vancouver-Strathcona,No,"Amanda Burrows: protecting the services that people count on in Vancouver-Strathcona

Amanda is a community builder who believes in the power of people to create change. As Executive Director of First United in Vancouver’s Downtown Eastside, she led a $94m redevelopment delivering Indigenous supportive housing and space for frontline services.

For decades, Amanda has worked alongside communities advancing human rights and climate justice, fighting for renters, and working on the frontlines of the homelessness and overdose crises. A trusted voice in faith and civic circles, she ran for Mayor of Vancouver on affordability, safety rooted in care, and a city where everyone belongs. She holds a master’s in museum studies from the University of Toronto and completed leadership training at the Harvard Kennedy School and London School of Economics.

Amanda is a renter in Chinatown in Vancouver-Strathcona, on the unceded territories of the Musqueam, Squamish and Tsleil-Waututh. She believes change starts with listening to and learning from the people most affected.

Amanda Burrows, David Eby and the BC NDP have a plan to stand up for our province, protect people and the things they count on, and build a stronger economy.

“Amanda is a champion for social, economic and environmental justice, a strong voice for reconciliation and for Vancouver-Strathcona neighbourhood people’s interests.

Joan loved Amanda. And I know how much Amanda loved Joan, respected her leadership and valued the work they did alongside one another. Joan fought fiercely for the people of Vancouver-Strathcona, and Amanda understands the critical need to continue to carry that work forward.

I am honoured to stand in support of Amanda Burrows. I know in my heart Joan would have wanted that.”

Grand Chief Stewart Phillip",,,,"Executive director of First United in the Downtown Eastside and former Vancouver mayoral hopeful, endorsed by Grand Chief Stewart Phillip to succeed the late MLA Joan Phillip. She says she will carry on Phillip's work and credits NDP housing action with costs starting to come down, pledging to protect services.",affordable housing and renter protections; homelessness and overdose crisis; living wage; reconciliation; climate justice; protect services (party message),"Vancouver-Strathcona is my home, and for more than a decade I’ve worked alongside renters, workers, families and people living in poverty across this community,",https://dailyhive.com/vancouver/amanda-burrows-bc-ndp,,,https://www.instagram.com/amandajaneburrows,,,,,,,https://www.instagram.com/amandajaneburrows ; https://firstunited.ca/news/announcement-from-leadership/
Dion Weisner,Conservative Party,Vancouver-West End,No,"Dion Weisner is the Conservative Party of BC Candidate for Vancouver-West End.

Dion has built a career in public policy and research and is currently a senior staffer in the Office of the Leader of the Official Opposition. He knows the challenges facing British Columbians, particularly when it comes to healthcare. After suffering a serious injury, Dion experienced first hand how difficult it is to navigate the urgent and primary care systems. He is passionate about fixing British Columbia’s healthcare system.

Prior to joining government, Dion worked for Harbour Air in Sales and Marketing and was an instrumental member of the game operations team for the University of Victoria Basketball team and the Victoria HarbourCats. Dion has been with his husband Robert for the past 14 years.",,,,"Senior staffer in the Official Opposition leader's office who says a serious injury showed him how hard it is to get urgent and primary care. Responding to NDP attacks over Heather Maahs, he said the NDP has failed on cost of living, family doctors and West End crime and disorder, and that as a gay man his community cares about jobs, housing, doctors and safe streets.",fix health care / family doctors; cost of living; crime and disorder in the West End; housing affordability; good jobs; age-appropriate curriculum with anti-bullying,"After nine years of NDP government, life in British Columbia costs more, the family doctor every British Columbian was promised by the end of 2025 never showed up, and West End streets have more crime and disorder every year.",https://theprogress.com/2026/10/02/ndp-calls-for-conservatives-to-drop-chilliwack-candidate-over-lgbtq-remarks/,,,,,,,,,,
Donald Scott MacDonald,Green Party,Vancouver-West End,No,"Donald Scott MacDonald is a recently retired physician and longtime downtown Vancouver resident running to represent Vancouver-West End. After more than three decades in medicine, including the last twenty years practising in downtown Vancouver, Donald is bringing his experience in healthcare, addictions medicine, and patient advocacy to public service.

Donald’s medical career has taken him across Canada, from northern Manitoba and Nunavut to Toronto and Vancouver. His work has included primary care, emergency and hospital medicine, HIV/AIDS care, Hepatitis C treatment, addictions medicine, and methadone maintenance. From 2004 until his retirement in 2026, he worked as a primary care physician in Vancouver with a particular focus on addictions.

Earlier in his career, Donald served as Medical Director of Casey House Hospice in Toronto, worked with the HIV programs at St. Paul’s Hospital and the Wellesley Hospital, provided primary care in isolated northern communities, and served as a physician with the Canadian military in Halifax.

Throughout his career, Donald has advocated for patient-centred care, disability justice, and stronger supports for people affected by substance use. His professional experience has given him a firsthand understanding of the importance of accessible healthcare, safe communities, and public systems that meet people where they are.

Growing up in Nova Scotia, Donald witnessed the environmental damage caused by acid rain, an experience that helped shape his commitment to protecting the natural world. Today, he believes British Columbia has the tools to build a cleaner, safer, more inclusive, and more prosperous future.

Donald holds an Honours Bachelor of Science in Biochemistry from Mount Allison University and a medical degree from Dalhousie University. He also completed a rotating internship at the University of Ottawa. In 2025, he ran federally in Vancouver Centre for the Green Party of Canada.

Donald is running to represent Vancouver-West End with a focus on accessible healthcare, safe neighbourhoods, a strong economy, and a sustainable future for the next generation.",,,,"Recently retired downtown physician with an addictions-medicine and HIV-care background; ran federally for the Greens in Vancouver Centre in 2025. He is running with a focus on accessible health care, safe neighbourhoods, a strong economy and a sustainable future.",accessible health care; addictions and substance-use supports; safe neighbourhoods; strong economy; sustainability / environment; disability justice,"The tools exist to make British Columbia a cleaner, safer, and more inclusive province.",https://bcgreens.ca/candidates-2026/donald-scott-macdonald/,,https://m.facebook.com/Dr.Scott.ca/,https://www.instagram.com/_drscott_/,https://x.com/_drscott_,https://www.linkedin.com/in/d-scott-macdonald-5b5821b/,https://bsky.app/profile/drscott-vancouver.bsky.social,,,,https://m.facebook.com/Dr.Scott.ca/ ; https://www.instagram.com/_drscott_/ ; https://x.com/_drscott_ ; https://bsky.app/profile/drscott-vancouver.bsky.social
Spencer Chandra Herbert,New Democratic Party (NDP),Vancouver-West End,Yes,"A fearless voice for Vancouver-West End

Spencer Chandra Herbert has proudly represented Vancouver's West End since 2008, having been re-elected six times to the BC Legislature.

As an MLA, Spencer has stood up for renters facing illegal evictions, worked to reduce homelessness by founding Vancouver’s Rent Bank and led the successful fight to explicitly protect transgender people in BC’s Human Rights Code.

Most recently, Spencer served as Minister of Indigenous Relations and Reconciliation, working in partnership with First Nations to advance modern treaties that build a stronger BC for everyone. He has previously served as Minister of Tourism, Arts, Culture and Sport and as Deputy Speaker.

Before provincial politics, Spencer was an award-winning artist and an elected Vancouver Park Board Commissioner.

You can count on Spencer to stand up for renters, to support our seniors, to improve access to healthcare, to protect our environment, and to build strong, safe, inclusive communities.

Spencer Chandra Herbert, David Eby and the BC NDP team work hard every day to make your life more affordable, protect the services you count on and build a sustainable economy that works for everyone. You can trust that they’re on your side.",,,,"West End MLA since 2008 and most recently Minister of Indigenous Relations and Reconciliation. His page pitches standing up for renters, seniors, health-care access, the environment and inclusive communities; during the campaign he led the NDP call for Doerkson to fire Conservative candidate Heather Maahs over remarks about gay people.",renters' rights; seniors; health-care access; environment; safe inclusive communities / LGBTQ+ rights; reconciliation and modern treaties,"Conflating the gay community with pedophilia is deeply homophobic, and there should be no place for this kind of hate in a party that hopes to lead this province.",https://www.bcndp.ca/releases/doerkson-has-chance-reject-homophobia-his-team-says-chandra-herbert,,https://www.facebook.com/reelectspencerchandraherbert/,https://www.instagram.com/schandraherbert,https://twitter.com/SChandraHerbert,,,,,,https://theprogress.com/2026/10/02/ndp-calls-for-conservatives-to-drop-chilliwack-candidate-over-lgbtq-remarks/ ; https://www.facebook.com/reelectspencerchandraherbert/ ; https://www.instagram.com/schandraherbert ; https://twitter.com/SChandraHerbert
Sam Chandola,CentreBC,Vancouver-Yaletown,No,"Sam Chandola is the CentreBC candidate for Vancouver-Yaletown.

Sam’s story is a Canadian one. He arrived in 2012 as a scholarship student with an idea, a lot of grit, and not much else. Over a 15-year career in Vancouver, Sam founded several technology companies, generated $100M+ in export revenue for BC, sold 3 companies, and created hundreds of green, well-paying tech jobs here in BC.

Sam’s mobile apps have been downloaded more than 30 million times, and his software is used by governments and businesses. In 2020, he founded First Fund as his way to pay forward the opportunity Canada gave him. First Fund has gone on to become Canada’s largest pre-seed fund, having invested over $35 million in BC startups and backed more than 80 first-time founders. His goal is simple: keep BC’s best talent building here, instead of watching it leave for the United States.

His work has earned him BC Business’s Top 30 Under 30, the TMX Canada’s Next 150 Award, and a place on the Vancouver Economic Commission’s list of the Top 24 People of Asian Descent to Watch. Sam holds a Bachelor’s degree in Philology from Germany on an Erasmus Mundus scholarship and speaks English, Hindi, and German.

Yaletown has been Sam’s home base for more than a decade. It’s where he has built his companies, and where he lives. Sam is running to help bring his experience to build a BC economy that is less dependent on the public sector, less dependent on the United States, and fosters private sector jobs.

Sam is socially liberal and fiscally responsible. He believes a strong economy and a fair society go hand in hand, that diversity is one of Canada’s greatest opportunities, and that governments should be judged by results, not ideology. Like many Yaletown voters, he has watched provincial politics force a choice between an NDP government that has let healthcare, housing and public safety slip, and a Conservative party consumed by culture wars and infighting. Sam is running with CentreBC to give those voters a home: a socially liberal, pro-growth, and fiscally responsible choice, focused on getting things done for Yaletown and for British Columbia.",,,,"Tech founder and First Fund pre-seed investor in Yaletown. His bio pitches a socially liberal, pro-growth, fiscally responsible choice for an economy less dependent on the public sector and the U.S., criticizing both NDP results and Conservative culture wars.","private-sector job growth; less dependence on U.S.; keep tech talent in BC; fiscal responsibility; health care, housing and public safety","His goal is simple: keep BC’s best talent building here, instead of watching it leave for the United States.",https://www.centrebc.ca/our-team/ (bio text as captured in input CSV),,,,,,,,,,
Margareta Dovgal,Conservative Party,Vancouver-Yaletown,No,"Margareta Dovgal is the Conservative Party of BC candidate for Vancouver-Yaletown. She is a national economic commentator and policy analyst. She grew up below the poverty line, and built a professional career in economic development advocacy, after facing the loss of both parents in her teens.

Margareta was born and lives in Downtown Vancouver. She wants all families in Yaletown to be able to afford a home, have a government that respects every dollar they earn, and be safe in our community, rather than having to worry about needles in playgrounds or in dog parks. 

She has been an advocate for a strong economy through national columns and regular broadcast commentary. Through her expert testimony before parliamentary committees, she has been a committed voice for BC in Ottawa. She knows how to challenge the NDP’s economic mismanagement and restore accountability for public services. 

Margareta’s community work includes mental-health advocacy with the BC Schizophrenia Society and service through the Rotary Club of Vancouver Waterfront. She believes that public safety is the top priority for government, but the BC NDP has failed. She also co-founded and ran the Indigenous Partnerships Success Showcase, bringing people together to advance economic reconciliation through investment and shared prosperity. She is multilingual and has a Bachelor of Arts in Asian Area Studies from UBC and a Master of Public Administration from University College London.",,,,"National economic commentator and policy analyst who grew up below the poverty line in downtown Vancouver. Her bio says she wants Yaletown families to afford a home, have a government that respects every dollar and be safe, calling public safety the government's top priority.",housing affordability; respect for taxpayers' money; public safety (needles in playgrounds); economic accountability; economic reconciliation,"She believes that public safety is the top priority for government, but the BC NDP has failed.",https://conservativebc.ca/candidate/margareta-dovgal/,,,,,,,,,,
Priyan Samarakoone,Green Party,Vancouver-Yaletown,No,,,,,No individual pitch found.,,,,,,,,,,,,,https://bcballot.ca/ridings/vancouver-yaletown/priyan-samarakoone/
Terry Yung,New Democratic Party (NDP),Vancouver-Yaletown,Yes,"Terry Yung: Standing up for Vancouver-Yaletown

Terry Yung is a veteran of the Vancouver Police Department (VPD) and a community leader. As a police officer, he protected people, whether it was walking the beat in the Downtown Eastside, working as a Financial Crime Detective, or tackling hate crime. As the longest-serving Board Chair of SUCCESS, he helped to grow the number of affordable housing units at the organization to 1,000.

Elected as the MLA for Vancouver-Yaletown in 2024, Terry brought a focus on public safety, security and inclusion to public office. In government, he served as the Minister of State for Community Safety and Integrated services, where he worked to protect people by strengthening support for police and tackling repeat offending, retail theft and street disorder.

He also worked closely with residents, businesses and organizations across Vancouver-Yaletown to make sure their voices were heard.

Where the BC Conservatives would roll over for Trump and gut the services people rely on, Terry Yung, David Eby and the BC NDP have a plan to stand up for BC, protect people, and build an economy free from the United States. That plan is making a difference. And we can’t stop now.",,,,"Former VPD officer and SUCCESS board chair, elected in 2024, who served as Minister of State for Community Safety. His page highlights his work on police support, repeat offending, retail theft and street disorder, plus the NDP message against Conservative cuts.","public safety (repeat offenders, retail theft, street disorder); affordable housing; inclusion; stand up to Trump (party message)","Where the BC Conservatives would roll over for Trump and gut the services people rely on, Terry Yung, David Eby and the BC NDP have a plan to stand up for BC, protect people, and build an economy free from the United States.",https://terryyung.bcndp.ca,,,https://www.instagram.com/TerryYungBC/,https://x.com/terryyungyvr,,,,,,https://www.instagram.com/TerryYungBC/ ; https://x.com/terryyungyvr
Timothy Webster,Independent / no party,Vancouver-Yaletown,No,,,,,"Unaffiliated candidate, electrical engineer formerly at the NYSE, Microsoft, Amazon and Meta. His website stresses democratic accountability through an independent anti-corruption commission, competitiveness, high housing costs and investigating health-care challenges.",independent commission against corruption; accountability and transparency; competitiveness and skills training; housing costs; health-care improvements,"My mission is Peace, Order, and good Government.",https://www.timothydavidwebster.ca/,,,,,,,,,,
Kevin Acton,Conservative Party,Vernon-Lumby,No,"Kevin Acton is the Conservative Party of BC candidate for Vernon-Lumby.

Kevin is a civic leader, entrepreneur, and registered massage therapist who has lived in the Vernon-Lumby area since 1991. He brings nearly two decades of local and regional government experience and a practical, community-first approach to public service across Vernon-Lumby.

First elected to Lumby Village Council in 2008, Kevin became Mayor in 2009 and is now serving his fifth term. For 18 years he has represented his community on the Regional District of North Okanagan, which serves municipalities and electoral areas throughout the riding and the wider region. He previously chaired the RDNO Board, currently chairs the North Okanagan/Columbia Shuswap Regional Hospital District, and has served on the board of the Economic Trust of the Southern Interior (ETSI-BC) and as the RDNO representative on the Municipal Finance Authority of British Columbia.

Kevin’s working life is rooted in the region. He has worked as a contractor and builder, served six years as a paramedic with the B.C. Ambulance Service, and for more than 25 years has been an entrepreneur and partner at Bloom Wellness Centre. He is a Registered Massage Therapist and holds an Executive Certificate in Local Government from Dalhousie University and a Level Three Certificate of Excellence in Local Government from the Local Government Leadership Academy.

A proud father and grandfather, Kevin is committed to keeping Vernon-Lumby affordable, safe, and well served.",,,,"Five-term Lumby mayor who ran as an independent in 2024 and is running for mayor and MLA at the same time. He says Eby should not have called the election during local elections and pledges, if he wins both, to personally pay for a Lumby mayoral by-election, under a 'respect the taxpayer' philosophy.",respect the taxpayer; affordability; safety; local government experience; cover by-election cost personally,"One of my philosophies has always been: respect the taxpayer,",https://www.castanet.net/news/Vernon/633070/Lumby-Mayor-Kevin-Acton-vows-to-cover-by-election-costs-if-elected-provincial-MLA,,,,,,,,,,https://vernonmorningstar.com/2026/10/01/questions-arise-over-lumby-mayors-double-election-campaigns/ ; https://globalnews.ca/news/12084781/longtime-lumby-mayor-runs-municipal-provincial-elections/ ; https://vernonmorningstar.com/2026/09/23/vernon-lumby-incumbent-mla-to-seek-third-term/
Blair Visscher,Green Party,Vernon-Lumby,No,,,,,"No 2026 provincial pitch found. In her 2025 federal Green run she was a UBCO sustainability master's student and substitute teacher who prioritized truly affordable housing, fair taxation and wildfire preparedness.",(2025 federal) affordable housing; fair taxation; wildfire preparedness; jobs and environment together,"I’m here to add choice for people and I’m here to spread the message that I really think we shouldn’t be voting out of fear, we should be voting out of hope.",https://vernonmatters.ca/2025/04/01/greens-candidate-says-environmental-concerns-and-trump-threats-can-both-be-addressed/,,,,,,,,,,https://vlcmgreenparty.ca/ ; https://www.castanet.net/news/Vernon/542650/Blair-Visscher-is-running-for-the-Green-Party-in-the-Vernon-Lake-Country-Monashee-riding
Robert Johnson,Libertarian,Vernon-Lumby,No,,,,,No individual pitch found.,,,,,,,,,,,,,
Harwinder Sandhu,New Democratic Party (NDP),Vernon-Lumby,Yes,"An experienced local voice for Vernon and Lumby.

Harwinder Sandhu is an MLA, a community activist, and a longtime Vernon resident. Born to a farm family, and having lived in rural communities across BC, she understands the needs of those communities. As a healthcare worker for over two decades, and as a mother of three, she knows deeply what it means to have a government that is committed to investing in, and strengthening, public healthcare, housing, public and post secondary education, affordable childcare, and the other vital services BC families rely on, as well as taking action to address climate change.

Harwinder’s commitment to public service is inspired by her own personal experience of overcoming hardship. She knows how hard it can be to make ends meet and get by. After being left widowed with 2 toddlers, the experience of being a single, working mother required all her strength. She is a proud mother of three and is inspired by her children every day, both of her daughters are also working in healthcare, and making a difference by helping people in need!

On healthcare, housing, cost of living and all the issues that matter here, you can count on Harwinder Sandhu and David Eby to fight for you.",,,,"Two-term MLA, health-care worker and single mother seeking a third term. She says leadership is about showing up and listening and lists opportunities for families and businesses, health care, housing, child care, water protection and a confident economy.",health care; housing; child care; supporting families and businesses; protecting water and communities; economy,"For me, leadership is not about taking credit. It is about showing up, listening, bringing people together and getting things done with care, dedication, accessibility and integrity.",https://vernonmorningstar.com/2026/09/23/vernon-lumby-incumbent-mla-to-seek-third-term/,,https://www.facebook.com/harwindersandhu4vernon,https://www.instagram.com/harwindersandhuvernon/,,,,,,,https://www.facebook.com/harwindersandhu4vernon ; https://www.instagram.com/harwindersandhuvernon/
Chantel Gibbs,OneBC,Vernon-Lumby,No,"Born and raised in Vernon, BC, Chantel completed her primary and secondary education locally before attending Trinity Western University, where she earned a B.A. in Business Administration and a B.Sc. in Chemistry. In 2016, she obtained her professional CPA, CGA designation.

After living and working in Vancouver for a number of years, Chantel returned to Vernon in 2024, where she built a home jointly with her sister. She is pleased to be back in her hometown, where much of her extended family continues to live, and remains deeply connected to the Vernon area.

Chantel has been involved in volunteer service through her local church and Toastmasters, and currently serves as a volunteer director with the Canadian National Christian Foundation. Her family also had a longstanding connection to the Vernon community through their business and has supported local organizations, including Vernon Jubilee Hospital and Vernon Search and Rescue, through significant charitable donations.

Chantel is seeking public office as a OneBC candidate. She describes her motivation as providing voters with an alternative to the established political parties and representing truly conservative views openly and consistently throughout the campaign, regardless of the outcome.",,,,Vernon-born CPA who returned home in 2024. Her bio says she is running to give voters an alternative to the established parties and to represent truly conservative views openly and consistently.,alternative to established parties; conservative values,"She describes her motivation as providing voters with an alternative to the established political parties and representing truly conservative views openly and consistently throughout the campaign, regardless of the outcome.",https://1bc.ca/candidates,,,,,,,,,,
Joachim Agou,Conservative Party,Victoria-Beacon Hill,No,"Joachim Agou is the Conservative Party of BC candidate for Victoria-Beacon Hill.

Joachim is a professional engineer and small-business owner with more than 15 years of experience in engineering research and industry. Licensed as a P.Eng. in British Columbia and in Newfoundland and Labrador, he helped deliver more than 15 gas turbine test facilities on three continents at MDS Aero in Ottawa, managing multimillion-dollar budgets and schedules, and worked on space robotics at MDA. Today he is a test and evaluation engineer in the defence sector, and he runs a Victoria engineering consulting and media company.",,,,No individual pitch found. His party bio describes a professional engineer and small-business owner working in defence-sector testing who runs a Victoria engineering consulting and media company.,,,,,,,,,,,,,"YouTube channel 'JOACHIM AGOU' has personal travel/aerial videos only, not campaign (e.g. https://www.youtube.com/watch?v=oJF1oHwnDHE)"
Rajinder Sahota,Green Party,Victoria-Beacon Hill,No,"Raj Sahota was born in Victoria, raised in Esquimalt, and formed his early political views in Saanich. He lives and works on the traditional lands of the Lekwungen and W̱SÁNEĆ peoples. A descendant of Panjabi-Sikhs who resisted British occupation and colonization in Northern India before immigrating to Canada, Raj says his family history has shaped his sense of responsibility toward his community and his decision to run for election.

Growing up in Esquimalt, Raj witnessed and experienced discrimination that inspired him to become an advocate from a young age. He has carried that commitment throughout his career, working to represent people who have been injured, harmed, or treated unfairly and challenging systems he believes contribute to inequality and discrimination.

After attending Esquimalt High School and Belmont Senior Secondary, Raj completed degrees in Commerce and Law at the University of Victoria. He began his legal career in corporate law, including positions at major law firms in Toronto and New York City. His experience working with multinational corporations gave him an inside perspective on the economic, legal, and political systems that he would later choose to challenge through his work.

Raj left corporate law to pursue a Master of Laws in International Law at the London School of Economics, where he studied international law, global economics, and war. He later returned home to Victoria to build a legal career focused on serving individuals and communities.

For nearly two decades, Raj has worked as a litigator and negotiator representing injured, harmed, and vulnerable people. For more than a decade, he has served as the Managing Partner and/or Team Principal of a law firm specializing in personal injury, human rights, and class actions. He has also served for more than a decade on the board of Pacifica Housing Advisory Association, one of B.C.’s non-profit housing and service providers.

Raj is running on priorities that include publicly funded and universally accessible healthcare, education, and transit. He also supports ending public financial support for the fossil fuel industry, multinational corporations, and wealthy individuals.

Outside of his legal and community work, Raj spends much of his time with his children and family. He coaches several youth soccer and basketball teams each week and advocates for a positive, emotionally informed, and youth-centred approach to coaching.

Raj is a proud father and son of Panjabi-Sikh descent, and says he is running in Victoria-Beacon Hill out of a sense of responsibility to the community where he was born and raised.",https://www.youtube.com/watch?v=DlImxZcNSrU,Similarities between Trump and Eby policies? A BC Green candidate makes the case #yyj #BCpoli,2026-09-28,"Victoria-born personal injury, human rights and class-action litigator and Pacifica Housing board member, running where former Green leader Furstenau lost in 2024. He backs publicly funded, universally accessible health care, education and transit, and ending public financial support for the fossil fuel industry, multinationals and the wealthy.","universal public health care; education; public transit; end subsidies to fossil fuels, multinationals and the wealthy; housing","Government’s primary job is to care for us, not cater to lobbyists.",https://bcgreens.ca/candidates-2026/rajinder-sahota/,,,https://www.instagram.com/rajinderssahota,,https://www.linkedin.com/in/rajinder-s-sahota-672107209/,,,,,https://www.instagram.com/rajinderssahota ; https://www.linkedin.com/in/rajinder-s-sahota-672107209/
Grace Lore,New Democratic Party (NDP),Victoria-Beacon Hill,Yes,"Grace Lore: Building a stronger Victoria-Beacon Hill

Grace Lore is a dedicated anti-violence advocate, academic instructor, and researcher focused on standing up for people and making life better for you and your family.

Elected twice to the Legislative Assembly, she has served as Parliamentary Secretary for Gender Equity, Minister of State for Childcare, and the Minister of Children and Family Development.

Grace is committed to the work that the BC NDP has done to stand up for communities and build a stronger province: building more homes, protecting affordable rentals, and hiring more healthcare workers.

Grace Lore, David Eby and the BC NDP have a plan to stand up for British Columbia, protect people and the services they count on, and build a stronger economy and a stronger province.",,,,"Two-term MLA, anti-violence advocate and former Minister of Children and Family Development. Her page says she is committed to the NDP record of building more homes, protecting affordable rentals and hiring more health-care workers.",build more homes; protect affordable rentals; hire more health-care workers; gender equity / anti-violence; child care,"Grace is committed to the work that the BC NDP has done to stand up for communities and build a stronger province: building more homes, protecting affordable rentals, and hiring more healthcare workers.",https://gracelore.bcndp.ca,,https://www.facebook.com/GraceInVic,https://www.instagram.com/graceinvic,https://twitter.com/GraceALore,,,,,,https://www.facebook.com/GraceInVic ; https://www.instagram.com/graceinvic ; https://twitter.com/GraceALore
Tim Taylor,Conservative Party,Victoria-Swan Lake,No,"Tim Taylor brings decades of hands-on experience in commercial and residential real estate in Victoria as a licensed sales professional, property manager, and strata manager. He’s used that expertise to help create housing at every level, from affordable units to market-rate developments, directly serving the people of this community.

He’s a proven leader and community builder. Tim has chaired the Victoria Real Estate Board’s Commercial Division, served as a founding director of the British Columbia Commercial Council, and sat on the board’s political liaison and finance committees.

For the past twenty years, he’s been deeply involved in housing advocacy: chairman of the Kiwanis Housing Society for Seniors, president of the Victoria West Housing Society for Families in Need, advisor to the Kiwanis House for Women with New Babies, advisor to the Youth Empowerment Society, and a founding director of the CRD Housing Action Team.

He’s also worked alongside several First Nations councils to secure resources addressing the social, cultural, and housing crises their communities face. That work has produced real, measurable progress.

Tim knows this community. He helped build it, served it, and fought for it. He’s ready to bring that same energy to create new exciting opportunities for Victoria Swan Lake.",,,,"Longtime Victoria commercial/residential realtor, property and strata manager and housing-society leader (Kiwanis seniors housing, CRD Housing Action Team). His bio frames him as a community builder who has helped create housing at every level.",housing at every level; community building; First Nations housing partnerships,He’s ready to bring that same energy to create new exciting opportunities for Victoria Swan Lake.,https://conservativebc.ca/candidate/tim-taylor/,,,,,,,,,,
Carolyn Howe,Green Party,Victoria-Swan Lake,No,"Carolyn Howe is a longtime educator, public education advocate, labour leader, and lifelong Victorian. From her early jobs waiting tables to her career in teaching and her current role as president of the Greater Victoria Teachers’ Association, Carolyn has been driven by a commitment to connecting with people and supporting her community.

Carolyn has taught at South Park Family School since 2005, where she has led an inclusive music program and worked closely with students and families. Her years in the classroom have given her a firsthand view of the pressures many families are facing, including rising costs, food insecurity, housing instability, and the impacts of the toxic drug crisis.

Since 2024, Carolyn has served as president of the Greater Victoria Teachers’ Association, representing local teachers and advocating for strong, well-funded public education. Her work has focused on listening to educators, students, and families and ensuring that the people working directly in schools have a meaningful voice in decisions that affect them.

Carolyn believes that strong communities depend on strong public services. She is running to advocate for affordable and stable housing, accessible healthcare, thriving public schools, economic fairness, and action to protect the climate and the communities people rely on.

She holds degrees in music and education from the University of Victoria and has also built a long record of involvement in the arts. Carolyn is a choral conductor and performer who has worked with groups including the Mood Swing Chorus, Ensemble Laude, and the vocal ensemble Hexaphone.

Carolyn is stepping forward because she believes British Columbians should expect more from their government and that public policy should put the needs of people and communities at the centre of decision-making.",https://www.youtube.com/watch?v=QRK-6a45WTE,"Policy Announcement: Regulate AI (w/ Sidney Coles, David Evans, Andrew Appleton and Carolyn Howe)",2026-10-03,"South Park Family School teacher and president of the Greater Victoria Teachers' Association, announced Sep 28 alongside the Green child-care plan. She says economic inequality is at crisis levels and calls for affordable housing, strong health care, thriving public schools and universal child care.",affordable housing; strong health care; thriving public schools; universal child care; economic fairness; climate action; AI regulation,"From affordable housing to strong healthcare, thriving public schools, and universal childcare—it’s time to raise our expectations for what is possible, and create the province we want to live in.",https://saanichnews.com/2026/09/28/bc-greens-announce-new-candidate-for-victoria-swan-lake-childcare-plans/,,https://www.facebook.com/carolyn.howe.399,https://www.instagram.com/greenpartybc/,,,,,,,https://www.facebook.com/carolyn.howe.399 ; https://bcgreens.ca/candidates-2026/carolyn-howe/
Nina Krieger,New Democratic Party (NDP),Victoria-Swan Lake,Yes,"Nina Krieger: Standing up for people in Victoria-Swan Lake

Nina Krieger has spent her life standing up for people, as a community leader dedicated to advancing education, justice, and a brighter and more equal future for everyone in British Columbia.

As Minister of Public Safety and Solicitor-General, Nina expanded training opportunities for law enforcement and innovative programs to tackle crime, break cycles of violence and support victims and vulnerable communities.

In her role as Parliamentary Secretary for Arts and Film, Nina advanced opportunities for the South Island's film sector and championed arts and culture in our province.

Before running for public office in 2024, Nina served as Executive Director of Western Canada's leading Holocaust museum, advancing anti-racism education nationally and internationally.

A proven and values-driven leader deeply committed to collaboration, Nina has forged meaningful partnerships with other levels of government and the non-profit, business and philanthropic sectors.

Where the BC Conservatives would cozy up to Donald Trump and cut the services we rely on, Nina Krieger, David Eby and the BC NDP have a plan to stand up for BC, protect the things that matter, and build up our economy.

The plan is working. And we can’t stop now.",,,,"First-term MLA, former Minister of Public Safety and Solicitor General and former Holocaust museum director. Her page highlights law-enforcement training, crime and violence prevention, victim support and South Island film, plus the NDP anti-Conservative message.",public safety and crime prevention; victim support; arts and film sector; stand up to Trump / protect services (party message),"Where the BC Conservatives would cozy up to Donald Trump and cut the services we rely on, Nina Krieger, David Eby and the BC NDP have a plan to stand up for BC, protect the things that matter, and build up our economy.",https://ninakrieger.bcndp.ca,,https://www.facebook.com/p/Nina-Krieger-61564063868996/,https://www.instagram.com/ninakriegerbc/,https://x.com/@NinaKriegerBC,,,,,,https://www.facebook.com/p/Nina-Krieger-61564063868996/ ; https://www.instagram.com/ninakriegerbc/ ; https://x.com/NinaKriegerBC
Macklin McCall,Conservative Party,West Kelowna-Peachland,Yes,"Championing Conservative Values in West Kelowna-Peachland

Macklin McCall is honored to be the Conservative MLA for West Kelowna-Peachland Riding, driven by an unwavering commitment to conservative values and community welfare. With a deep-rooted connection to the Okanagan, Macklin’s journey reflects a lifetime dedicated to service and a profound understanding of our vibrant region.

Community Roots and Values-Driven Upbringing

Having spent his entire life in the Okanagan, with the last 15 years in West Kelowna, Macklin’s ties to the community are profound. Growing up on a family farm in OK Falls instilled in him the values of hard work and community spirit, shaping his character. Pursuing higher education in criminology, psychology, and sociology at OUC in Penticton further fueled his passion for understanding the complexities of society.

Law Enforcement Service and Commitment to Mental Health

As a former RCMP officer with 19 years of service, Macklin has closely served the West Kelowna-Peachland Riding. His experience in addressing mental health challenges firsthand, particularly in a Police and Crisis Team role, highlights the urgent need for effective solutions in British Columbia. His dedication to preserving children’s innocence and upholding parental rights underscores his commitment to community safety.

Economic Advocacy and Housing Solutions

Macklin recognizes the profound impact of economic and housing challenges on the region. Committed to advocating for policies that strengthen the economy, create job opportunities, and ensure accessible housing for all, he aims to address homelessness and support individuals through his work ethic.

Defender of Rights and Freedoms

Macklin’s reverence for the Charter of Rights and Freedoms was cultivated during his tenure in law enforcement, where he diligently protected and upheld these rights. If elected, he pledges to vigorously preserve and protect these rights, ensuring fairness and justice for all.

Deep Community Connection and Dedication to Conservative Values

Having lived in West Kelowna for over a decade and a half, Macklin’s connection to the community is deeply ingrained. His dedication to conservative values and community welfare is resolute, championing these principles faithfully as their representative for the West Kelowna-Peachland Riding.",,,,"First-term MLA and 19-year RCMP veteran. His page and statements stress public safety, mental health and crime (calling BC a cartel transit hub), the economy and housing, parental rights and Charter freedoms; in April 2026 he demanded urgent action on the Trepanier Road encampment.",public safety and crime / catch-and-release; mental health; encampments and wildfire risk; economy and jobs; accessible housing; parental rights; Charter rights,"We need solutions that prioritize safety, protect our forests, and support vulnerable people, and we need them now.",https://westknews.com/2026/04/22/this-situation-cant-wait-peachland-mla-angered-over-encampment-violence-incident/,,https://www.facebook.com/profile.php?id=61554254486257,https://www.instagram.com/mack4change/,https://x.com/mack4change,,,,,,https://www.facebook.com/profile.php?id=61554254486257 ; https://www.instagram.com/mack4change/ ; https://x.com/mack4change
Adam Frank,Green Party,West Kelowna-Peachland,No,,,,,No individual pitch found.,,,,,,,,,,,,,
George Morgan,New Democratic Party (NDP),West Kelowna-Peachland,No,,,,,"Recent UBCO mechanical engineering master's graduate and Regional Crime Stoppers director, named Oct 1. In the NDP release he says people feel the pressure of higher costs and want safe communities, pointing to affordability, health care and services.",affordability; health care; community safety; public services,"People across B.C. are feeling the pressure of higher costs, and they want to know their communities are safe and their families can get ahead,",https://kelownacapnews.com/2026/10/01/local-named-ndp-candidate-for-west-kelowna-peachland-riding/,,,,,,,,,,https://westknews.com/2026/10/01/local-named-ndp-candidate-for-west-kelowna-peachland-riding/
Caroline Elliott,Conservative Party,West Vancouver-Capilano,No,"Caroline Elliott is a senior fellow with a leading public policy think tank, a board director of a growing organization advocating a common-sense approach to private property rights and public land use, and a well-known speaker and advocate for British Columbia. 

Caroline has consistently championed a thriving natural resource sector as part of a strong, private sector-driven economy that benefits all citizens. She holds a PhD in Political Science from Simon Fraser University, specializing in Canadian liberal democracy as it relates to Indigenous self-governance, and previously taught B.C. politics at SFU.

Earlier in her career, Caroline worked at the B.C. Legislature under the Gordon Campbell government, advising the Minister of Transportation and later the Minister of Environment. She has also built a policy consulting business serving a wide range of clients seeking to invest in B.C., from the energy and forestry sectors to major infrastructure projects. A lifelong British Columbian, Caroline grew up in Surrey with her three brothers and two sisters. She now lives in North Vancouver with her husband and their two young children.",,,,"Think-tank senior fellow with an SFU political science PhD who narrowly lost the May 2026 Conservative leadership race; she replaces MLA Lynne Block in this safe right-of-centre seat. Her bio stresses a resource-driven private-sector economy and private property rights, and North Shore News says her leadership campaign focused on walking back NDP reconciliation initiatives.",private property rights vs Indigenous land claims; strong natural resource sector; private-sector-driven economy; party unity under Doerkson,"I'm proud to run under the Conservative banner, and I'm honoured to run under Lorne Doerkson's leadership,",https://www.sitkamedia.ca/caroline-elliott-to-run-for-bc-conservatives-in-west-vancouver-capilano/,,,,,,,,,,https://www.nsnews.com/local-news/conservatives-move-west-van-mla-to-run-high-profile-candidate-caroline-elliott-12825267 ; https://vancouver.citynews.ca/2026/09/26/former-b-c-conservative-leadership-candidate-caroline-elliott-will-run-in-election/
Arwa Shurab,Green Party,West Vancouver-Capilano,No,"Arwa Shurab is a leadership coach, community organizer, speaker, trainer and North Shore resident whose work focuses on community leadership, inclusion, engagement and helping people feel heard and represented.

She holds a Master’s degree in Global Leadership from Royal Roads University, with a focus on systems thinking, collaboration and leadership in complex environments. She is also a certified and master-certified life coach with experience in leadership development, public speaking and community engagement.

Arwa is the founder of HERVOICE, an initiative that supports women through leadership development and community-based learning. She is also a co-founder of BC Muslim & Arab Professionals and serves as a board director with the North Shore Restorative Justice Society.

Through her professional and community work, Arwa has helped build organizations, strengthen connections across communities and support people navigating complex systems. She has also worked with community and professional organizations on anti-racism, inclusion, belonging and institutional understanding.

As a mother and North Shore resident, Arwa believes leadership starts with listening. She wants public life to be more accessible, honest and responsive to the people it serves, with a focus on practical solutions and meaningful community engagement.

Arwa is running in North Vancouver-Seymour to bring her experience in leadership, community building and inclusion into public service and to help ensure local voices are heard in the decisions that affect their lives.",,,,"North Shore leadership coach, HERVOICE founder and BC Muslim & Arab Professionals co-founder. Her bio says leadership starts with listening and she wants public life to be more accessible, honest and responsive, with practical solutions and real community engagement.","listening and community engagement; accessible, honest government; inclusion and anti-racism; practical solutions",You can’t lead people you don’t listen to.,https://bcgreens.ca/candidates-2026/arwa-shurab/,,,https://www.instagram.com/greenpartybc/,,https://www.linkedin.com/in/arwa-shurab/,,,,,https://www.linkedin.com/in/arwa-shurab/
Honieh Barzegari,New Democratic Party (NDP),West Vancouver-Capilano,No,"Standing up for people in West Vancouver-Capilano

Honieh Barzegari is a Canadian woman of Iranian origin, physician by training, and strategic leader with more than 20 years of experience spanning medicine, healthcare, life sciences, health technology, business, public policy, government, and governance. She began her career practising medicine in rural communities in Iran, serving underserved populations and seeing firsthand the challenges people face in accessing healthcare and essential services.

After moving to Canada, Honieh built a career at the intersection of healthcare, technology, and business, gaining a practical understanding of innovation, investment, and economic opportunity. She also served as a Ministerial Advisor with the Government of British Columbia, giving her firsthand experience of how government policy affects communities and businesses.

Honieh currently serves on the Langara College Board of Governors and co-chairs KPU’s Health and Science Committee. She brings the perspective of a physician, immigrant, business and healthcare leader, and government advisor, with a commitment to accessible healthcare, innovation, economic opportunity, and practical public service.

Honieh Barzegari, David Eby and the BC NDP have a plan to build BC strong: to create jobs, to protect healthcare, and to make life more affordable.",,,,"Iranian-born physician by training, former BC ministerial advisor and health/life-sciences executive (Earnscliffe). Her page pitches accessible health care, innovation and economic opportunity, with the NDP plan to create jobs, protect health care and make life affordable.",accessible health care; innovation and economic opportunity; jobs; affordability (party message),"Honieh Barzegari, David Eby and the BC NDP have a plan to build BC strong: to create jobs, to protect healthcare, and to make life more affordable.",https://honiehbarzegari.bcndp.ca,,https://www.facebook.com/honieh.barzegari,,,,,,,,https://www.facebook.com/honieh.barzegari ; https://earnscliffe.ca/people/honieh-barzegari-md/
Naomi Chocyk,OneBC,West Vancouver-Capilano,No,,,,,"No provincial pitch found. She is also running for Vancouver city council and school trustee with TrueBlue Vancouver; her municipal site pledges affordability through disciplined spending, restoring public safety, accountability and putting students and learning first.",(municipal campaign) affordability / disciplined spending; public safety; accountability; students and learning first; parental involvement,People should be able to look at City Hall and the School Board and know exactly who they work for: you.,http://naomichocyk.com/,,,,,,,,,,https://bcballot.ca/ridings/west-vancouver-capilano/naomi-chocyk/
Dan Wood,CentreBC,West Vancouver-Sea to Sky,No,"Dan Wood is a real estate and leasing professional with experience in public-sector housing, commercial real estate, facilities, and business continuity. He works with a government organization in British Columbia on leases, licence agreements, due diligence, property matters, and relationships with property owners, brokers, legal counsel, and government partners.

Dan’s background includes work in commercial real estate research, facilities management, occupational health and safety, and emergency planning. Dan holds an M.A. from UBC and brings a practical, policy-focused approach to communications, with an emphasis on clarity, affordability, and issues that matter to British Columbians.",,,,"BC Housing property agent pitching CentreBC as the riding's middle ground. He wants regional transit and Highway 99 safety in the capital plan with firm dates, workforce and prefab housing, a staged-opening Squamish long-term care home, and DRIPA tweaked rather than repealed.","regional transit with deadlines; Highway 99 safety; workforce housing and prefab builds; publish public land data; Squamish long-term care home; travelling specialists and virtual care; finish treaties, amend (not repeal) DRIPA","I don’t think we split the vote on the right or on the left … we are the vote, and the other parties are the ones that are actually splitting the vote,",https://www.squamishchief.com/local-news/centrebcs-dan-wood-pitches-himself-as-the-middle-ground-in-west-vancouver-sea-to-sky-12854464,,,,,,,,,,https://www.piquenewsmagazine.com/local-news/four-candidates-announced-in-west-vancouver-sea-to-sky-provincial-race-12848838
Ayla Dumais,Conservative Party,West Vancouver-Sea to Sky,No,"Ayla Dumais was raised in Squamish, BC and is a proud member of Prophet River First Nation.

Ayla has built her career in public policy, stakeholder relations and Indigenous affairs. She currently works in the Office of the Leader of the Official Opposition as a Policy and Stakeholder Relations Advisor, where she has worked across files including Indigenous relations, property rights natural resources, the environment, economic development, youth, and more. Her work has brought her together with constituents, Indigenous leaders, businesses, industry, advocacy organizations, and community leaders across British Columbia and Canada.

Before entering the public policy field, Ayla worked in community relations with Woodfibre LNG in Squamish, where she gained firsthand experience with the opportunities that responsible resource development and strong relationships with local and Indigenous communities can bring to British Columbia.

For Ayla, this campaign is about being a voice for the next generation of British Columbians who worry about their ability to stay in this beautiful province. She will be a strong voice for West Vancouver–Sea to Sky in defense of property rights, affordability, healthcare, and education.",,,,"Squamish-raised Prophet River First Nation member, Opposition leader's office policy advisor and former Woodfibre LNG community relations staffer. Her bio says the campaign is about the next generation who worry they can't afford to stay, and lists property rights, affordability, health care and education.",property rights; affordability; health care; education; responsible resource development,"For Ayla, this campaign is about being a voice for the next generation of British Columbians who worry about their ability to stay in this beautiful province.",https://conservativebc.ca/candidate/ayla-dumais/,,,,,,,,,,https://www.squamishchief.com/local-news/why-bc-is-going-to-the-polls-two-years-early-and-whos-running-in-west-vancouver-sea-to-sky-12847800 ; https://www.piquenewsmagazine.com/local-news/four-candidates-announced-in-west-vancouver-sea-to-sky-provincial-race-12848838
Jeremy Valeriote,Green Party,West Vancouver-Sea to Sky,Yes,"Jeremy Valeriote was elected as the MLA for West Vancouver–Sea to Sky in 2024, and made history as the first BC Green elected on the BC mainland. With a background in environmental consulting and local government, Jeremy has spent decades advocating for sustainable communities and responsible public policy. In his public role, Jeremy has made regional transportation and the Sea to Sky’s affordability crisis key priorities, advocating for reliable, expanded transit connecting communities from Vancouver to Lil’wat, an end to fuel price gouging, non-market housing and long-term care beds, and securing Heart & Hearth program funding and Foundry centres. He has also been a strong voice against fossil fuel expansion and public subsidy , challenging the environmental impacts, public costs, and long-term risks of projects like Woodfibre LNG, in favour of cleaner, future-facing economic development.

Jeremy previously served as a Councillor for the Town of Gibsons, where he championed active transportation, public transit, natural asset management, and environmental stewardship. He holds an engineering degree and a Master’s in leadership studies from Royal Roads University.",,,,"First mainland BC Green MLA (2024), former Gibsons councillor and environmental consultant. He says he has stood up for priorities government ignores (regional transit, passenger rail, highway safety, protected farmland) and also backs non-market housing, long-term care beds, ending fuel price gouging and opposing Woodfibre LNG subsidies.",regional transit and passenger rail; Highway 99 safety; protected farmland; non-market housing; long-term care beds; end fuel price gouging; oppose fossil fuel expansion / Woodfibre LNG subsidies,"I’ve spent the last two years standing up for the priorities of the people of West Vancouver-Sea-to-Sky that the government too often ignores, including regional transit, passenger rail, highway safety, and protected farmland.",https://www.squamishreporter.com/2026/09/25/jeremy-valeriote-seeks-re-election-west-vancouver-sea-to-sky/,,https://www.facebook.com/JerValeriote,https://www.instagram.com/jervaleriote,,,https://bsky.app/profile/jervaler.bsky.social,,,,https://www.facebook.com/JerValeriote ; https://www.instagram.com/jervaleriote ; https://bsky.app/profile/jervaler.bsky.social ; https://www.piquenewsmagazine.com/local-news/four-candidates-announced-in-west-vancouver-sea-to-sky-provincial-race-12848838
Michelle Livaja,New Democratic Party (NDP),West Vancouver-Sea to Sky,No,,,,,"Bowen Island resident who works in the Infrastructure minister's office, a former constituency assistant and union activist; she ran here for the NDP in 2017. The party lists her priorities as health care, cost of living and responding to the U.S. trade war.",health care; cost of living; respond to U.S. trade war / tariffs; infrastructure,"These tariffs are designed to hurt us – but David Eby and the BC NDP won't back down. We're standing up for B.C., protecting families, and building the infrastructure we need to grow and diversify B.C.'s economy. We can't afford to stop now,",https://www.squamishchief.com/local-news/why-bc-is-going-to-the-polls-two-years-early-and-whos-running-in-west-vancouver-sea-to-sky-12847800,,,,,,,,,,https://www.piquenewsmagazine.com/local-news/four-candidates-announced-in-west-vancouver-sea-to-sky-provincial-race-12848838
